EMIS,District,CMC,Circuit, School: ,District: ,POD Number,Date Received,Item Description,Serial Number
154512.0,Umgungundlovu,Umngeni,Northdale,Heather Secondary School,Umgungundlovu,POD-005,2025-01-16,Data Projector,MRJTU11004421005515930
154512.0,Umgungundlovu,Umngeni,Northdale,Heather Secondary School,Umgungundlovu,POD-005,2025-01-16,Data Projector,MRJTU11004421004705930
154512.0,Umgungundlovu,Umngeni,Northdale,Heather Secondary School,Umgungundlovu,POD-005,2025-01-16,Data Projector,MRJTU11004421004805930
154512.0,Umgungundlovu,Umngeni,Northdale,Heather Secondary School,Umgungundlovu,POD-005,2025-01-16,Data Projector,MRJTU11004421005305930
154512.0,Umgungundlovu,Umngeni,Northdale,Heather Secondary School,Umgungundlovu,POD-005,2025-01-16,Data Projector,MRJTU11004421004605930
154512.0,Umgungundlovu,Umngeni,Northdale,Heather Secondary School,Umgungundlovu,POD-005,2025-01-16,Data Projector,MRJTU1100442100555930
154512.0,Umgungundlovu,Umngeni,Northdale,Heather Secondary School,Umgungundlovu,POD-005,2025-01-16,Data Projector,MRJTU11004421005405930
154512.0,Umgungundlovu,Umngeni,Northdale,Heather Secondary School,Umgungundlovu,POD-005,2025-01-16,Data Projector,MRJTU11004421005205930
154512.0,Umgungundlovu,Umngeni,Northdale,Heather Secondary School,Umgungundlovu,POD-005,2025-01-16,Data Projector,MRJTU11004221005205930
154512.0,Umgungundlovu,Umngeni,Northdale,Heather Secondary School,Umgungundlovu,POD-005,2025-01-16,Data Projector,MRJTU11004221004605930
154512.0,Umgungundlovu,Umngeni,Northdale,Heather Secondary School,Umgungundlovu,POD-005,2025-01-16,Data Projector,MRJTU11004221005405930
154512.0,Umgungundlovu,Umngeni,Northdale,Heather Secondary School,Umgungundlovu,POD-005,2025-01-16,Data Projector,MRJTU11004221005805930
154512.0,Umgungundlovu,Umngeni,Northdale,Heather Secondary School,Umgungundlovu,POD-005,2025-01-16,Data Projector,MRJTU11004221005205930
154512.0,Umgungundlovu,Umngeni,Northdale,Heather Secondary School,Umgungundlovu,POD-005,2025-01-16,Data Projector,MRJTU11004221005805930
154512.0,Umgungundlovu,Umngeni,Northdale,Heather Secondary School,Umgungundlovu,POD-005,2025-01-16,Data Projector,MRJTU11004221005605930
154512.0,Umgungundlovu,Umngeni,Northdale,Heather Secondary School,Umgungundlovu,POD-005,2025-01-16,Data Projector,MRJTU11004221005905930
154512.0,Umgungundlovu,Umngeni,Northdale,Heather Secondary School,Umgungundlovu,POD-005,2025-01-16,Data Projector,MRJTU11004221005805930
154512.0,Umgungundlovu,Umngeni,Northdale,Heather Secondary School,Umgungundlovu,POD-005,2025-01-16,Data Projector,MRJTU11004221005805930
154512.0,Umgungundlovu,Umngeni,Northdale,Heather Secondary School,Umgungundlovu,POD-005,2025-01-16,Data Projector,MRJTU11004221005805930
154512.0,Umgungundlovu,Umngeni,Northdale,Heather Secondary School,Umgungundlovu,POD-005,2025-01-16,Data Projector,MRJTU11004221005805930
154512.0,Umgungundlovu,Umngeni,Northdale,Heather Secondary School,Umgungundlovu,POD-005,2025-01-16,Data Projector,MRJTU11004221005405930
154512.0,Umgungundlovu,Umngeni,Northdale,Heather Secondary School,Umgungundlovu,POD-005,2025-01-16,Data Projector,MRJTU11004221005505930
154512.0,Umgungundlovu,Umngeni,Northdale,Heather Secondary School,Umgungundlovu,POD-005,2025-01-16,Data Projector,MRJTU11004221005405930
154512.0,Umgungundlovu,Umngeni,Northdale,Heather Secondary School,Umgungundlovu,POD-005,2025-01-16,Data Projector,MRJTU11004221005405930
154512.0,Umgungundlovu,Umngeni,Northdale,Heather Secondary School,Umgungundlovu,POD-005,2025-01-16,Data Projector,MRJTU11004221005405930
154512.0,Umgungundlovu,Umngeni,Northdale,Heather Secondary School,Umgungundlovu,POD-005,2025-01-16,Data Projector,MRJTU11004221005125930
154512.0,Umgungundlovu,Umngeni,Northdale,Heather Secondary School,Umgungundlovu,POD-005,2025-01-16,Data Projector,MRJTU11004421005255930
154512.0,Umgungundlovu,Umngeni,Northdale,Heather Secondary School,Umgungundlovu,POD-005,2025-01-16,Data Projector,MRJR71100N224008C85910
154512.0,Umgungundlovu,Umngeni,Northdale,Heather Secondary School,Umgungundlovu,POD-005,2025-01-16,Data Projector,MRJR71100N2240099A5910
154512.0,Umgungundlovu,Umngeni,Northdale,Heather Secondary School,Umgungundlovu,POD-005,2025-01-16,Data Projector,MRJR71100N224008C25910
154512.0,Umgungundlovu,Umngeni,Northdale,Heather Secondary School,Umgungundlovu,POD-005,2025-01-16,Data Projector,MRJTU11004421005155930
154512.0,Umgungundlovu,Umngeni,Northdale,Heather Secondary School,Umgungundlovu,POD-005,2025-01-16,Data Projector,MRJTU11004421005255930
154512.0,Umgungundlovu,Umngeni,Northdale,Heather Secondary School,Umgungundlovu,POD-005,2025-01-16,Data Projector,MRJTU110044210050E5930
154512.0,Umgungundlovu,Umngeni,Northdale,Heather Secondary School,Umgungundlovu,POD-005,2025-01-16,Data Projector,MRJTU11004421005365930
154512.0,Umgungundlovu,Umngeni,Northdale,Heather Secondary School,Umgungundlovu,POD-005,2025-01-16,Data Projector,MRJTU110044210040E5930
154512.0,Umgungundlovu,Umngeni,Northdale,Heather Secondary School,Umgungundlovu,POD-005,2025-01-16,Data Projector,MRJTU110044210054E5930
154512.0,Umgungundlovu,Umngeni,Northdale,Heather Secondary School,Umgungundlovu,POD-005,2025-01-16,Data Projector,MRJTU110044210054E5930
154512.0,Umgungundlovu,Umngeni,Northdale,Heather Secondary School,Umgungundlovu,POD-005,2025-01-16,Data Projector,MRJTU110044210054E59330
154512.0,Umgungundlovu,Umngeni,Northdale,Heather Secondary School,Umgungundlovu,POD-005,2025-01-16,Data Projector,MRJTU110044210055E5930
154512.0,Umgungundlovu,Umngeni,Northdale,Heather Secondary School,Umgungundlovu,POD-005,2025-01-16,Data Projector,MRJTU11004421004C35930
154512.0,Umgungundlovu,Umngeni,Northdale,Heather Secondary School,Umgungundlovu,POD-005,2025-01-16,Data Projector,MRJTU110044210050D5930
154512.0,Umgungundlovu,Umngeni,Northdale,Heather Secondary School,Umgungundlovu,POD-005,2025-01-16,Data Projector,MRJTU110044210055E5930
154512.0,Umgungundlovu,Umngeni,Northdale,Heather Secondary School,Umgungundlovu,POD-005,2025-01-16,Data Projector,MRJTU110044210055A5930
154512.0,Umgungundlovu,Umngeni,Northdale,Heather Secondary School,Umgungundlovu,POD-005,2025-01-16,Data Projector,MRJTU11004421004AF5930
154512.0,Umgungundlovu,Umngeni,Northdale,Heather Secondary School,Umgungundlovu,POD-005,2025-01-16,Data Projector,MRJTU110044210053D5930
154512.0,Umgungundlovu,Umngeni,Northdale,Heather Secondary School,Umgungundlovu,POD-005,2025-01-16,Data Projector,MRJTU110044210053A5930
154512.0,Umgungundlovu,Umngeni,Northdale,Heather Secondary School,Umgungundlovu,POD-005,2025-01-16,Data Projector,MRJTU110044210053E5930
154512.0,Umgungundlovu,Umngeni,Northdale,Heather Secondary School,Umgungundlovu,POD-005,2025-01-16,Data Projector,MRJTU110044210055E5930
154512.0,Umgungundlovu,Umngeni,Northdale,Heather Secondary School,Umgungundlovu,POD-005,2025-01-16,Data Projector,MRJTU110044210045A5930
154512.0,Umgungundlovu,Umngeni,Northdale,Heather Secondary School,Umgungundlovu,POD-005,2025-01-16,Data Projector,MRJTU110044210052E5930
154512.0,Umgungundlovu,Umngeni,Northdale,Heather Secondary School,Umgungundlovu,POD-005,2025-01-16,Data Projector,MRJTU11004421004C45930
154512.0,Umgungundlovu,Umngeni,Northdale,Heather Secondary School,Umgungundlovu,POD-005,2025-01-16,Data Projector,MRJTU110044210055E5930
154512.0,Umgungundlovu,Umngeni,Northdale,Heather Secondary School,Umgungundlovu,POD-005,2025-01-16,Data Projector,MRJTU110044210045A5930
154512.0,Umgungundlovu,Umngeni,Northdale,Heather Secondary School,Umgungundlovu,POD-009,2024-09-30,Learner Laptop,PF50VB9A
154512.0,Umgungundlovu,Umngeni,Northdale,Heather Secondary School,Umgungundlovu,POD-009,2024-09-30,Learner Laptop,PF50V6LD
154512.0,Umgungundlovu,Umngeni,Northdale,Heather Secondary School,Umgungundlovu,POD-009,2024-09-30,Learner Laptop,PF50SNWX
154512.0,Umgungundlovu,Umngeni,Northdale,Heather Secondary School,Umgungundlovu,POD-009,2024-09-30,Learner Laptop,PF50VDM6
154512.0,Umgungundlovu,Umngeni,Northdale,Heather Secondary School,Umgungundlovu,POD-009,2024-09-30,Learner Laptop,PF50VNMR
154512.0,Umgungundlovu,Umngeni,Northdale,Heather Secondary School,Umgungundlovu,POD-009,2024-09-30,Learner Laptop,PF50R0G2
154512.0,Umgungundlovu,Umngeni,Northdale,Heather Secondary School,Umgungundlovu,POD-009,2024-09-30,Learner Laptop,PF50V4CC
154512.0,Umgungundlovu,Umngeni,Northdale,Heather Secondary School,Umgungundlovu,POD-009,2024-09-30,Learner Laptop,PF50V6L2
154512.0,Umgungundlovu,Umngeni,Northdale,Heather Secondary School,Umgungundlovu,POD-009,2024-09-30,Learner Laptop,PF50VT4L
154512.0,Umgungundlovu,Umngeni,Northdale,Heather Secondary School,Umgungundlovu,POD-009,2024-09-30,Learner Laptop,PF50R9KL
154512.0,Umgungundlovu,Umngeni,Northdale,Heather Secondary School,Umgungundlovu,POD-009,2024-09-30,Learner Laptop,PF50RRH8
154512.0,Umgungundlovu,Umngeni,Northdale,Heather Secondary School,Umgungundlovu,POD-009,2024-09-30,Learner Laptop,PF50VLBC
154512.0,Umgungundlovu,Umngeni,Northdale,Heather Secondary School,Umgungundlovu,POD-009,2024-09-30,Learner Laptop,PF50V4A6
154512.0,Umgungundlovu,Umngeni,Northdale,Heather Secondary School,Umgungundlovu,POD-009,2024-09-30,Learner Laptop,PF50VAAR
154512.0,Umgungundlovu,Umngeni,Northdale,Heather Secondary School,Umgungundlovu,POD-009,2024-09-30,Learner Laptop,PF50TZRL
154512.0,Umgungundlovu,Umngeni,Northdale,Heather Secondary School,Umgungundlovu,POD-009,2024-09-30,Learner Laptop,PF50VNNJ
154512.0,Umgungundlovu,Umngeni,Northdale,Heather Secondary School,Umgungundlovu,POD-009,2024-09-30,Learner Laptop,PF50VFSJ
154512.0,Umgungundlovu,Umngeni,Northdale,Heather Secondary School,Umgungundlovu,POD-009,2024-09-30,Learner Laptop,PF50RRHR
154512.0,Umgungundlovu,Umngeni,Northdale,Heather Secondary School,Umgungundlovu,POD-009,2024-09-30,Learner Laptop,PF50SRSP
154512.0,Umgungundlovu,Umngeni,Northdale,Heather Secondary School,Umgungundlovu,POD-009,2024-09-30,Learner Laptop,PF50VABE
154512.0,Umgungundlovu,Umngeni,Northdale,Heather Secondary School,Umgungundlovu,POD-009,2024-09-30,Learner Laptop,PF50VDL8
154512.0,Umgungundlovu,Umngeni,Northdale,Heather Secondary School,Umgungundlovu,POD-009,2024-09-30,Learner Laptop,PF50RP70
154512.0,Umgungundlovu,Umngeni,Northdale,Heather Secondary School,Umgungundlovu,POD-009,2024-09-30,Learner Laptop,PF50VLCP
154512.0,Umgungundlovu,Umngeni,Northdale,Heather Secondary School,Umgungundlovu,POD-009,2024-09-30,Learner Laptop,PF50VJ34
154512.0,Umgungundlovu,Umngeni,Northdale,Heather Secondary School,Umgungundlovu,POD-009,2024-09-30,Learner Laptop,PF50VFRN
154512.0,Umgungundlovu,Umngeni,Northdale,Heather Secondary School,Umgungundlovu,POD-009,2024-09-30,Learner Laptop,PFSOTZWR
154512.0,Umgungundlovu,Umngeni,Northdale,Heather Secondary School,Umgungundlovu,POD-009,2024-09-30,Learner Laptop,PFSOVBBD
154512.0,Umgungundlovu,Umngeni,Northdale,Heather Secondary School,Umgungundlovu,POD-009,2024-09-30,Learner Laptop,PFSOVJ3G
154512.0,Umgungundlovu,Umngeni,Northdale,Heather Secondary School,Umgungundlovu,POD-009,2024-09-30,Learner Laptop,PFSOVJ2L
154512.0,Umgungundlovu,Umngeni,Northdale,Heather Secondary School,Umgungundlovu,POD-009,2024-09-30,Learner Laptop,PFSORS1E
154512.0,Umgungundlovu,Umngeni,Northdale,Heather Secondary School,Umgungundlovu,POD-009,2024-09-30,Learner Laptop,PFSOVNJA
154512.0,Umgungundlovu,Umngeni,Northdale,Heather Secondary School,Umgungundlovu,POD-009,2024-09-30,Learner Laptop,PFSOVNKK
154512.0,Umgungundlovu,Umngeni,Northdale,Heather Secondary School,Umgungundlovu,POD-009,2024-09-30,Learner Laptop,PFSOVBBS
154512.0,Umgungundlovu,Umngeni,Northdale,Heather Secondary School,Umgungundlovu,POD-009,2024-09-30,Learner Laptop,pf50v21x
154512.0,Umgungundlovu,Umngeni,Northdale,Heather Secondary School,Umgungundlovu,POD-009,2024-09-30,Learner Laptop,PFSOVL9P
154512.0,Umgungundlovu,Umngeni,Northdale,Heather Secondary School,Umgungundlovu,POD-009,2024-09-30,Learner Laptop,PFSOVJSF
154512.0,Umgungundlovu,Umngeni,Northdale,Heather Secondary School,Umgungundlovu,POD-009,2024-09-30,Learner Laptop,PFSOSNTF
154512.0,Umgungundlovu,Umngeni,Northdale,Heather Secondary School,Umgungundlovu,POD-009,2024-09-30,Learner Laptop,PF50V22C
154512.0,Umgungundlovu,Umngeni,Northdale,Heather Secondary School,Umgungundlovu,POD-009,2024-09-30,Learner Laptop,PF50VNLA
154512.0,Umgungundlovu,Umngeni,Northdale,Heather Secondary School,Umgungundlovu,POD-009,2024-09-30,Learner Laptop,PF50VNLR
154512.0,Umgungundlovu,Umngeni,Northdale,Heather Secondary School,Umgungundlovu,POD-010,2024-09-10,Teacher Laptop,933248240100158
154512.0,Umgungundlovu,Umngeni,Northdale,Heather Secondary School,Umgungundlovu,POD-010,2024-09-10,Teacher Laptop,933248240100169
154512.0,Umgungundlovu,Umngeni,Northdale,Heather Secondary School,Umgungundlovu,POD-010,2024-09-10,Teacher Laptop,933248240100214
154512.0,Umgungundlovu,Umngeni,Northdale,Heather Secondary School,Umgungundlovu,POD-010,2024-09-10,Teacher Laptop,933248240100176
154512.0,Umgungundlovu,Umngeni,Northdale,Heather Secondary School,Umgungundlovu,POD-010,2024-09-10,Teacher Laptop,933248240100132
154512.0,Umgungundlovu,Umngeni,Northdale,Heather Secondary School,Umgungundlovu,POD-010,2024-09-10,Teacher Laptop,933248240100237
154512.0,Umgungundlovu,Umngeni,Northdale,Heather Secondary School,Umgungundlovu,POD-010,2024-09-10,Teacher Laptop,933248240100245
154512.0,Umgungundlovu,Umngeni,Northdale,Heather Secondary School,Umgungundlovu,POD-010,2024-09-10,Teacher Laptop,933248240100247
154512.0,Umgungundlovu,Umngeni,Northdale,Heather Secondary School,Umgungundlovu,POD-010,2024-09-10,Teacher Laptop,933248240100096
154512.0,Umgungundlovu,Umngeni,Northdale,Heather Secondary School,Umgungundlovu,POD-010,2024-09-10,Teacher Laptop,933248240100208
154512.0,Umgungundlovu,Umngeni,Northdale,Heather Secondary School,Umgungundlovu,POD-010,2024-09-10,Teacher Laptop,933248240100219
154512.0,Umgungundlovu,Umngeni,Northdale,Heather Secondary School,Umgungundlovu,POD-010,2024-09-10,Teacher Laptop,933248240100250
154512.0,Umgungundlovu,Umngeni,Northdale,Heather Secondary School,Umgungundlovu,POD-010,2024-09-10,Teacher Laptop,933248240100253
154512.0,Umgungundlovu,Umngeni,Northdale,Heather Secondary School,Umgungundlovu,POD-010,2024-09-10,Teacher Laptop,933248240100014
154512.0,Umgungundlovu,Umngeni,Northdale,Heather Secondary School,Umgungundlovu,POD-010,2024-09-10,Teacher Laptop,933248240100063
154512.0,Umgungundlovu,Umngeni,Northdale,Heather Secondary School,Umgungundlovu,POD-010,2024-09-10,Teacher Laptop,933248240100092
154512.0,Umgungundlovu,Umngeni,Northdale,Heather Secondary School,Umgungundlovu,POD-010,2024-09-10,Teacher Laptop,933248240100049
154512.0,Umgungundlovu,Umngeni,Northdale,Heather Secondary School,Umgungundlovu,POD-010,2024-09-10,Teacher Laptop,933248240100280
154512.0,Umgungundlovu,Umngeni,Northdale,Heather Secondary School,Umgungundlovu,POD-010,2024-09-10,Teacher Laptop,933248240100283
154512.0,Umgungundlovu,Umngeni,Northdale,Heather Secondary School,Umgungundlovu,POD-010,2024-09-10,Teacher Laptop,933248240100284
154512.0,Umgungundlovu,Umngeni,Northdale,Heather Secondary School,Umgungundlovu,POD-010,2024-09-10,Teacher Laptop,933248240100287
154512.0,Umgungundlovu,Umngeni,Northdale,Heather Secondary School,Umgungundlovu,POD-010,2024-09-10,Teacher Laptop,933248240100292
154512.0,Umgungundlovu,Umngeni,Northdale,Heather Secondary School,Umgungundlovu,POD-010,2024-09-10,Teacher Laptop,933248240100198
154512.0,Umgungundlovu,Umngeni,Northdale,Heather Secondary School,Umgungundlovu,POD-010,2024-09-10,Teacher Laptop,933248240100234
154512.0,Umgungundlovu,Umngeni,Northdale,Heather Secondary School,Umgungundlovu,POD-010,2024-09-10,Teacher Laptop,933248240100184
154512.0,Umgungundlovu,Umngeni,Northdale,Heather Secondary School,Umgungundlovu,POD-010,2024-09-10,Teacher Laptop,933248240100178
154512.0,Umgungundlovu,Umngeni,Northdale,Heather Secondary School,Umgungundlovu,POD-010,2024-09-10,Teacher Laptop,933248240100050
154512.0,Umgungundlovu,Umngeni,Northdale,Heather Secondary School,Umgungundlovu,POD-010,2024-09-10,Teacher Laptop,933248240100015
154512.0,Umgungundlovu,Umngeni,Northdale,Heather Secondary School,Umgungundlovu,POD-010,2024-09-10,Teacher Laptop,933248240100157
413845.0,Pinetown,Mafukuzela Ghandi,Inanda Central, J.G Zuma High School, Pinetown,POD-004,2024-02-09,Charging Trolley,
413845.0,Pinetown,Mafukuzela Ghandi,Inanda Central, J.G Zuma High School, Pinetown,POD-009,2024-09-30,Learner Laptop,933248240100180
413845.0,Pinetown,Mafukuzela Ghandi,Inanda Central, J.G Zuma High School, Pinetown,POD-009,2024-09-30,Learner Laptop,933248240100182
413845.0,Pinetown,Mafukuzela Ghandi,Inanda Central, J.G Zuma High School, Pinetown,POD-009,2024-09-30,Learner Laptop,933248240100181
413845.0,Pinetown,Mafukuzela Ghandi,Inanda Central, J.G Zuma High School, Pinetown,POD-009,2024-09-30,Learner Laptop,933248240100183
413845.0,Pinetown,Mafukuzela Ghandi,Inanda Central, J.G Zuma High School, Pinetown,POD-009,2024-09-30,Learner Laptop,933248240100190
413845.0,Pinetown,Mafukuzela Ghandi,Inanda Central, J.G Zuma High School, Pinetown,POD-009,2024-09-30,Learner Laptop,933248240100278
413845.0,Pinetown,Mafukuzela Ghandi,Inanda Central, J.G Zuma High School, Pinetown,POD-009,2024-09-30,Learner Laptop,933248240100281
413845.0,Pinetown,Mafukuzela Ghandi,Inanda Central, J.G Zuma High School, Pinetown,POD-009,2024-09-30,Learner Laptop,933248240100285
413845.0,Pinetown,Mafukuzela Ghandi,Inanda Central, J.G Zuma High School, Pinetown,POD-009,2024-09-30,Learner Laptop,933248240100289
413845.0,Pinetown,Mafukuzela Ghandi,Inanda Central, J.G Zuma High School, Pinetown,POD-009,2024-09-30,Learner Laptop,933248240100294
413845.0,Pinetown,Mafukuzela Ghandi,Inanda Central, J.G Zuma High School, Pinetown,POD-009,2024-09-30,Learner Laptop,297267221000354
413845.0,Pinetown,Mafukuzela Ghandi,Inanda Central, J.G Zuma High School, Pinetown,POD-009,2024-09-30,Learner Laptop,297267221000356
413845.0,Pinetown,Mafukuzela Ghandi,Inanda Central, J.G Zuma High School, Pinetown,POD-009,2024-09-30,Learner Laptop,297267221000357
413845.0,Pinetown,Mafukuzela Ghandi,Inanda Central, J.G Zuma High School, Pinetown,POD-009,2024-09-30,Learner Laptop,297267221000358
413845.0,Pinetown,Mafukuzela Ghandi,Inanda Central, J.G Zuma High School, Pinetown,POD-009,2024-09-30,Learner Laptop,932248240100361
413845.0,Pinetown,Mafukuzela Ghandi,Inanda Central, J.G Zuma High School, Pinetown,POD-009,2024-09-30,Learner Laptop,932248240100179
413845.0,Pinetown,Mafukuzela Ghandi,Inanda Central, J.G Zuma High School, Pinetown,POD-009,2024-09-30,Learner Laptop,932248240101272
413845.0,Pinetown,Mafukuzela Ghandi,Inanda Central, J.G Zuma High School, Pinetown,POD-009,2024-09-30,Learner Laptop,932248240101461
413845.0,Pinetown,Mafukuzela Ghandi,Inanda Central, J.G Zuma High School, Pinetown,POD-009,2024-09-30,Learner Laptop,932248240101457
413845.0,Pinetown,Mafukuzela Ghandi,Inanda Central, J.G Zuma High School, Pinetown,POD-009,2024-09-30,Learner Laptop,932248240101458
413845.0,Pinetown,Mafukuzela Ghandi,Inanda Central, J.G Zuma High School, Pinetown,POD-009,2024-09-30,Learner Laptop,932248240101459
413845.0,Pinetown,Mafukuzela Ghandi,Inanda Central, J.G Zuma High School, Pinetown,POD-009,2024-09-30,Learner Laptop,932248240100448
413845.0,Pinetown,Mafukuzela Ghandi,Inanda Central, J.G Zuma High School, Pinetown,POD-009,2024-09-30,Learner Laptop,932248240101436
413845.0,Pinetown,Mafukuzela Ghandi,Inanda Central, J.G Zuma High School, Pinetown,POD-009,2024-09-30,Learner Laptop,932248240101447
413845.0,Pinetown,Mafukuzela Ghandi,Inanda Central, J.G Zuma High School, Pinetown,POD-009,2024-09-30,Learner Laptop,932248240101437
413845.0,Pinetown,Mafukuzela Ghandi,Inanda Central, J.G Zuma High School, Pinetown,POD-009,2024-09-30,Learner Laptop,932248240101470
413845.0,Pinetown,Mafukuzela Ghandi,Inanda Central, J.G Zuma High School, Pinetown,POD-009,2024-09-30,Learner Laptop,932248240101475
413845.0,Pinetown,Mafukuzela Ghandi,Inanda Central, J.G Zuma High School, Pinetown,POD-009,2024-09-30,Learner Laptop,932248240101487
413845.0,Pinetown,Mafukuzela Ghandi,Inanda Central, J.G Zuma High School, Pinetown,POD-009,2024-09-30,Learner Laptop,932248240101588
413845.0,Pinetown,Mafukuzela Ghandi,Inanda Central, J.G Zuma High School, Pinetown,POD-009,2024-09-30,Learner Laptop,932248240100228
413845.0,Pinetown,Mafukuzela Ghandi,Inanda Central, J.G Zuma High School, Pinetown,POD-009,2024-09-30,Learner Laptop,932248240101656
413845.0,Pinetown,Mafukuzela Ghandi,Inanda Central, J.G Zuma High School, Pinetown,POD-009,2024-09-30,Learner Laptop,932248240101657
413845.0,Pinetown,Mafukuzela Ghandi,Inanda Central, J.G Zuma High School, Pinetown,POD-009,2024-09-30,Learner Laptop,93224824010248
413845.0,Pinetown,Mafukuzela Ghandi,Inanda Central, J.G Zuma High School, Pinetown,POD-009,2024-09-30,Learner Laptop,932248240101479
413845.0,Pinetown,Mafukuzela Ghandi,Inanda Central, J.G Zuma High School, Pinetown,POD-009,2024-09-30,Learner Laptop,932248240102531
413845.0,Pinetown,Mafukuzela Ghandi,Inanda Central, J.G Zuma High School, Pinetown,POD-009,2024-09-30,Learner Laptop,932248240100025
413845.0,Pinetown,Mafukuzela Ghandi,Inanda Central, J.G Zuma High School, Pinetown,POD-009,2024-09-30,Learner Laptop,932248240100029
413845.0,Pinetown,Mafukuzela Ghandi,Inanda Central, J.G Zuma High School, Pinetown,POD-009,2024-09-30,Learner Laptop,932248240100039
413845.0,Pinetown,Mafukuzela Ghandi,Inanda Central, J.G Zuma High School, Pinetown,POD-009,2024-09-30,Learner Laptop,932248240100047
413845.0,Pinetown,Mafukuzela Ghandi,Inanda Central, J.G Zuma High School, Pinetown,POD-009,2024-09-30,Learner Laptop,932248240100090
413845.0,Pinetown,Mafukuzela Ghandi,Inanda Central, J.G Zuma High School, Pinetown,POD-009,2024-09-30,Learner Laptop,933248240100180
413845.0,Pinetown,Mafukuzela Ghandi,Inanda Central, J.G Zuma High School, Pinetown,POD-009,2024-09-30,Teacher Laptop,933248240100129
413845.0,Pinetown,Mafukuzela Ghandi,Inanda Central, J.G Zuma High School, Pinetown,POD-009,2024-09-30,Teacher Laptop,933248240100140
413845.0,Pinetown,Mafukuzela Ghandi,Inanda Central, J.G Zuma High School, Pinetown,POD-009,2024-09-30,Teacher Laptop,297267221000474
413845.0,Pinetown,Mafukuzela Ghandi,Inanda Central, J.G Zuma High School, Pinetown,POD-009,2024-09-30,Teacher Laptop,297267221000475
413845.0,Pinetown,Mafukuzela Ghandi,Inanda Central, J.G Zuma High School, Pinetown,POD-009,2024-09-30,Teacher Laptop,297267221000476
413845.0,Pinetown,Mafukuzela Ghandi,Inanda Central, J.G Zuma High School, Pinetown,POD-009,2024-09-30,Teacher Laptop,297267221000477
413845.0,Pinetown,Mafukuzela Ghandi,Inanda Central, J.G Zuma High School, Pinetown,POD-009,2024-09-30,Teacher Laptop,297267221000478
413845.0,Pinetown,Mafukuzela Ghandi,Inanda Central, J.G Zuma High School, Pinetown,POD-009,2024-09-30,Teacher Laptop,297267221000067
413845.0,Pinetown,Mafukuzela Ghandi,Inanda Central, J.G Zuma High School, Pinetown,POD-009,2024-09-30,Teacher Laptop,297267221000066
413845.0,Pinetown,Mafukuzela Ghandi,Inanda Central, J.G Zuma High School, Pinetown,POD-009,2024-09-30,Teacher Laptop,297267221000068
413845.0,Pinetown,Mafukuzela Ghandi,Inanda Central, J.G Zuma High School, Pinetown,POD-009,2024-09-30,Teacher Laptop,297267221000069
413845.0,Pinetown,Mafukuzela Ghandi,Inanda Central, J.G Zuma High School, Pinetown,POD-009,2024-09-30,Teacher Laptop,297267221000070
413845.0,Pinetown,Mafukuzela Ghandi,Inanda Central, J.G Zuma High School, Pinetown,POD-009,2024-09-30,Teacher Laptop,93324824010003
413845.0,Pinetown,Mafukuzela Ghandi,Inanda Central, J.G Zuma High School, Pinetown,POD-009,2024-09-30,Teacher Laptop,933248240100054
413845.0,Pinetown,Mafukuzela Ghandi,Inanda Central, J.G Zuma High School, Pinetown,POD-009,2024-09-30,Teacher Laptop,93324824010005
413845.0,Pinetown,Mafukuzela Ghandi,Inanda Central, J.G Zuma High School, Pinetown,POD-009,2024-09-30,Teacher Laptop,933248240100059
413845.0,Pinetown,Mafukuzela Ghandi,Inanda Central, J.G Zuma High School, Pinetown,POD-009,2024-09-30,Teacher Laptop,93324824010008
413845.0,Pinetown,Mafukuzela Ghandi,Inanda Central, J.G Zuma High School, Pinetown,POD-009,2024-09-30,Teacher Laptop,93324824010009
413845.0,Pinetown,Mafukuzela Ghandi,Inanda Central, J.G Zuma High School, Pinetown,POD-009,2024-09-30,Teacher Laptop,933248240100164
413845.0,Pinetown,Mafukuzela Ghandi,Inanda Central, J.G Zuma High School, Pinetown,POD-009,2024-09-30,Teacher Laptop,933248240100209
413845.0,Pinetown,Mafukuzela Ghandi,Inanda Central, J.G Zuma High School, Pinetown,POD-009,2024-09-30,Teacher Laptop,933248240100226
413845.0,Pinetown,Mafukuzela Ghandi,Inanda Central, J.G Zuma High School, Pinetown,POD-009,2024-09-30,Teacher Laptop,933248240100229
413845.0,Pinetown,Mafukuzela Ghandi,Inanda Central, J.G Zuma High School, Pinetown,POD-009,2024-09-30,Teacher Laptop,297267221000180
413845.0,Pinetown,Mafukuzela Ghandi,Inanda Central, J.G Zuma High School, Pinetown,POD-009,2024-09-30,Teacher Laptop,297267221000179
413845.0,Pinetown,Mafukuzela Ghandi,Inanda Central, J.G Zuma High School, Pinetown,POD-009,2024-09-30,Teacher Laptop,297267221000178
413845.0,Pinetown,Mafukuzela Ghandi,Inanda Central, J.G Zuma High School, Pinetown,POD-009,2024-09-30,Teacher Laptop,297267221000177
413845.0,Pinetown,Mafukuzela Ghandi,Inanda Central, J.G Zuma High School, Pinetown,POD-009,2024-09-30,Teacher Laptop,297267221000176
413845.0,Pinetown,Mafukuzela Ghandi,Inanda Central, J.G Zuma High School, Pinetown,POD-009,2024-09-30,Teacher Laptop,933248240100097
413845.0,Pinetown,Mafukuzela Ghandi,Inanda Central, J.G Zuma High School, Pinetown,POD-009,2024-09-30,Teacher Laptop,933248240100060
413845.0,Pinetown,Mafukuzela Ghandi,Inanda Central, J.G Zuma High School, Pinetown,POD-009,2024-09-30,Teacher Laptop,933248240100070
413845.0,Pinetown,Mafukuzela Ghandi,Inanda Central, J.G Zuma High School, Pinetown,POD-009,2024-09-30,Teacher Laptop,933248240100045
413845.0,Pinetown,Mafukuzela Ghandi,Inanda Central, J.G Zuma High School, Pinetown,POD-009,2024-09-30,Teacher Laptop,933248240100035
413845.0,Pinetown,Mafukuzela Ghandi,Inanda Central, J.G Zuma High School, Pinetown,POD-009,2024-09-30,Teacher Laptop,933248240100232
413845.0,Pinetown,Mafukuzela Ghandi,Inanda Central, J.G Zuma High School, Pinetown,POD-009,2024-09-30,Teacher Laptop,933248240100212
413845.0,Pinetown,Mafukuzela Ghandi,Inanda Central, J.G Zuma High School, Pinetown,POD-009,2024-09-30,Teacher Laptop,933248240100193
413845.0,Pinetown,Mafukuzela Ghandi,Inanda Central, J.G Zuma High School, Pinetown,POD-009,2024-09-30,Teacher Laptop,933248240100191
413845.0,Pinetown,Mafukuzela Ghandi,Inanda Central, J.G Zuma High School, Pinetown,POD-009,2024-09-30,Teacher Laptop,933248240100153
413845.0,Pinetown,Mafukuzela Ghandi,Inanda Central, J.G Zuma High School, Pinetown,POD-009,2024-09-30,Teacher Laptop,933248240100154
413845.0,Pinetown,Mafukuzela Ghandi,Inanda Central, J.G Zuma High School, Pinetown,POD-009,2024-09-30,Teacher Laptop,933248240100150
413845.0,Pinetown,Mafukuzela Ghandi,Inanda Central, J.G Zuma High School, Pinetown,POD-009,2024-09-30,Teacher Laptop,933248240100113
413845.0,Pinetown,Mafukuzela Ghandi,Inanda Central, J.G Zuma High School, Pinetown,POD-009,2024-09-30,Teacher Laptop,933248240100074
413845.0,Pinetown,Mafukuzela Ghandi,Inanda Central, J.G Zuma High School, Pinetown,POD-009,2024-09-30,Teacher Laptop,933248240100249
413845.0,Pinetown,Mafukuzela Ghandi,Inanda Central, J.G Zuma High School, Pinetown,POD-009,2024-09-30,Teacher Laptop,933248240100240
413845.0,Pinetown,Mafukuzela Ghandi,Inanda Central, J.G Zuma High School, Pinetown,POD-009,2024-09-30,Teacher Laptop,933248240100202
413845.0,Pinetown,Mafukuzela Ghandi,Inanda Central, J.G Zuma High School, Pinetown,POD-009,2024-09-30,Teacher Laptop,933248240100203
413845.0,Pinetown,Mafukuzela Ghandi,Inanda Central, J.G Zuma High School, Pinetown,POD-009,2024-09-30,Teacher Laptop,933248240100174
413845.0,Pinetown,Mafukuzela Ghandi,Inanda Central, J.G Zuma High School, Pinetown,POD-009,2024-09-30,Teacher Laptop,933248240100161
413845.0,Pinetown,Mafukuzela Ghandi,Inanda Central, J.G Zuma High School, Pinetown,POD-009,2024-09-30,Teacher Laptop,933248240100007
413845.0,Pinetown,Mafukuzela Ghandi,Inanda Central, J.G Zuma High School, Pinetown,POD-009,2024-09-30,Teacher Laptop,933248240100003
413845.0,Pinetown,Mafukuzela Ghandi,Inanda Central, J.G Zuma High School, Pinetown,POD-009,2024-09-30,Teacher Laptop,933248240100124
221260.0,Pinetown,Mafukuzela Ghandi,Inanda North, Mvaba Technical High School,Pinetown,POD-001,2024-07-08,Fixed Whiteboard,
221260.0,Pinetown,Mafukuzela Ghandi,Inanda North, Mvaba Technical High School,Pinetown,POD-001,2024-07-08,Fixed Whiteboard,
221260.0,Pinetown,Mafukuzela Ghandi,Inanda North, Mvaba Technical High School,Pinetown,POD-001,2024-07-08,Fixed Whiteboard,
221260.0,Pinetown,Mafukuzela Ghandi,Inanda North, Mvaba Technical High School,Pinetown,POD-001,2024-07-08,Fixed Whiteboard,
221260.0,Pinetown,Mafukuzela Ghandi,Inanda North, Mvaba Technical High School,Pinetown,POD-001,2024-07-08,Fixed Whiteboard,
221260.0,Pinetown,Mafukuzela Ghandi,Inanda North, Mvaba Technical High School,Pinetown,POD-001,2024-07-08,Fixed Whiteboard,
221260.0,Pinetown,Mafukuzela Ghandi,Inanda North, Mvaba Technical High School,Pinetown,POD-001,2024-07-08,Fixed Whiteboard,
221260.0,Pinetown,Mafukuzela Ghandi,Inanda North, Mvaba Technical High School,Pinetown,POD-001,2024-07-08,Fixed Whiteboard,
221260.0,Pinetown,Mafukuzela Ghandi,Inanda North, Mvaba Technical High School,Pinetown,POD-001,2024-07-08,Fixed Whiteboard,
221260.0,Pinetown,Mafukuzela Ghandi,Inanda North, Mvaba Technical High School,Pinetown,POD-001,2024-07-08,Fixed Whiteboard,
221260.0,Pinetown,Mafukuzela Ghandi,Inanda North, Mvaba Technical High School,Pinetown,POD-001,2024-07-08,Fixed Whiteboard,
221260.0,Pinetown,Mafukuzela Ghandi,Inanda North, Mvaba Technical High School,Pinetown,POD-001,2024-07-08,Fixed Whiteboard,
221260.0,Pinetown,Mafukuzela Ghandi,Inanda North, Mvaba Technical High School,Pinetown,POD-001,2024-07-08,Fixed Whiteboard,
221260.0,Pinetown,Mafukuzela Ghandi,Inanda North, Mvaba Technical High School,Pinetown,POD-001,2024-07-08,Fixed Whiteboard,
221260.0,Pinetown,Mafukuzela Ghandi,Inanda North, Mvaba Technical High School,Pinetown,POD-001,2024-07-08,Fixed Whiteboard,
221260.0,Pinetown,Mafukuzela Ghandi,Inanda North, Mvaba Technical High School,Pinetown,POD-001,2024-07-08,Fixed Whiteboard,
221260.0,Pinetown,Mafukuzela Ghandi,Inanda North, Mvaba Technical High School,Pinetown,POD-001,2024-07-08,Fixed Whiteboard,
221260.0,Pinetown,Mafukuzela Ghandi,Inanda North, Mvaba Technical High School,Pinetown,POD-001,2024-07-08,Fixed Whiteboard,
221260.0,Pinetown,Mafukuzela Ghandi,Inanda North, Mvaba Technical High School,Pinetown,POD-001,2024-07-08,Fixed Whiteboard,
221260.0,Pinetown,Mafukuzela Ghandi,Inanda North, Mvaba Technical High School,Pinetown,POD-001,2024-07-08,Fixed Whiteboard,
221260.0,Pinetown,Mafukuzela Ghandi,Inanda North, Mvaba Technical High School,Pinetown,POD-001,2024-07-08,Fixed Whiteboard,
221260.0,Pinetown,Mafukuzela Ghandi,Inanda North, Mvaba Technical High School,Pinetown,POD-001,2024-07-08,Fixed Whiteboard,
221260.0,Pinetown,Mafukuzela Ghandi,Inanda North, Mvaba Technical High School,Pinetown,POD-001,2024-07-08,Fixed Whiteboard,
221260.0,Pinetown,Mafukuzela Ghandi,Inanda North, Mvaba Technical High School,Pinetown,POD-001,2024-07-08,Fixed Whiteboard,
221260.0,Pinetown,Mafukuzela Ghandi,Inanda North, Mvaba Technical High School,Pinetown,POD-001,2024-07-08,Fixed Whiteboard,
221260.0,Pinetown,Mafukuzela Ghandi,Inanda North, Mvaba Technical High School,Pinetown,POD-001,2024-07-08,Fixed Whiteboard,
221260.0,Pinetown,Mafukuzela Ghandi,Inanda North, Mvaba Technical High School,Pinetown,POD-001,2024-07-08,Fixed Whiteboard,
221260.0,Pinetown,Mafukuzela Ghandi,Inanda North, Mvaba Technical High School,Pinetown,POD-001,2024-07-08,Fixed Whiteboard,
221260.0,Pinetown,Mafukuzela Ghandi,Inanda North, Mvaba Technical High School,Pinetown,POD-001,2024-07-08,Fixed Whiteboard,
221260.0,Pinetown,Mafukuzela Ghandi,Inanda North, Mvaba Technical High School,Pinetown,POD-001,2024-07-08,Fixed Whiteboard,
221260.0,Pinetown,Mafukuzela Ghandi,Inanda North, Mvaba Technical High School,Pinetown,POD-001,2024-07-08,Fixed Whiteboard,
221260.0,Pinetown,Mafukuzela Ghandi,Inanda North, Mvaba Technical High School,Pinetown,POD-001,2024-07-08,Fixed Whiteboard,
221260.0,Pinetown,Mafukuzela Ghandi,Inanda North, Mvaba Technical High School,Pinetown,POD-001,2024-07-08,Fixed Whiteboard,
221260.0,Pinetown,Mafukuzela Ghandi,Inanda North, Mvaba Technical High School,Pinetown,POD-001,2024-07-08,Fixed Whiteboard,
221260.0,Pinetown,Mafukuzela Ghandi,Inanda North, Mvaba Technical High School,Pinetown,POD-003,2024-08-20,Whiteboard Markers (Box),
221260.0,Pinetown,Mafukuzela Ghandi,Inanda North, Mvaba Technical High School,Pinetown,POD-003,2024-08-20,Whiteboard Markers (Box),
221260.0,Pinetown,Mafukuzela Ghandi,Inanda North, Mvaba Technical High School,Pinetown,POD-003,2024-08-20,Whiteboard Markers (Box),
221260.0,Pinetown,Mafukuzela Ghandi,Inanda North, Mvaba Technical High School,Pinetown,POD-003,2024-08-20,Whiteboard Markers (Box),
221260.0,Pinetown,Mafukuzela Ghandi,Inanda North, Mvaba Technical High School,Pinetown,POD-003,2024-08-20,Whiteboard Markers (Box),
221260.0,Pinetown,Mafukuzela Ghandi,Inanda North, Mvaba Technical High School,Pinetown,POD-004,2024-02-09,Charging Trolley,
221260.0,Pinetown,Mafukuzela Ghandi,Inanda North, Mvaba Technical High School,Pinetown,POD-005,2025-01-16,Data Projector,MRJTU11004421005265930
221260.0,Pinetown,Mafukuzela Ghandi,Inanda North, Mvaba Technical High School,Pinetown,POD-005,2025-01-16,Data Projector,MRJTU110044210055D5930
221260.0,Pinetown,Mafukuzela Ghandi,Inanda North, Mvaba Technical High School,Pinetown,POD-005,2025-01-16,Data Projector,MRJTU110044210053A5930
221260.0,Pinetown,Mafukuzela Ghandi,Inanda North, Mvaba Technical High School,Pinetown,POD-005,2025-01-16,Data Projector,MRJTU11004421005625930
221260.0,Pinetown,Mafukuzela Ghandi,Inanda North, Mvaba Technical High School,Pinetown,POD-005,2025-01-16,Data Projector,MRJTU11004421005145930
221260.0,Pinetown,Mafukuzela Ghandi,Inanda North, Mvaba Technical High School,Pinetown,POD-005,2025-01-16,Data Projector,MRJTU11004421005095930
221260.0,Pinetown,Mafukuzela Ghandi,Inanda North, Mvaba Technical High School,Pinetown,POD-005,2025-01-16,Data Projector,MRJTU11004421005135930
221260.0,Pinetown,Mafukuzela Ghandi,Inanda North, Mvaba Technical High School,Pinetown,POD-005,2025-01-16,Data Projector,MRJTU11004421005DF5930
221260.0,Pinetown,Mafukuzela Ghandi,Inanda North, Mvaba Technical High School,Pinetown,POD-005,2025-01-16,Data Projector,MRJTU11004421005C35930
221260.0,Pinetown,Mafukuzela Ghandi,Inanda North, Mvaba Technical High School,Pinetown,POD-005,2025-01-16,Data Projector,MRJTU11004421005A55930
221260.0,Pinetown,Mafukuzela Ghandi,Inanda North, Mvaba Technical High School,Pinetown,POD-005,2025-01-16,Data Projector,MRJTU11004421005CB5930
221260.0,Pinetown,Mafukuzela Ghandi,Inanda North, Mvaba Technical High School,Pinetown,POD-005,2025-01-16,Data Projector,MRJTU11004421005835930
221260.0,Pinetown,Mafukuzela Ghandi,Inanda North, Mvaba Technical High School,Pinetown,POD-005,2025-01-16,Data Projector,MRJTU11004421005475930
221260.0,Pinetown,Mafukuzela Ghandi,Inanda North, Mvaba Technical High School,Pinetown,POD-005,2025-01-16,Data Projector,MRJTU11004421004A55930
221260.0,Pinetown,Mafukuzela Ghandi,Inanda North, Mvaba Technical High School,Pinetown,POD-005,2025-01-16,Data Projector,MRJTU11004421005295930
221260.0,Pinetown,Mafukuzela Ghandi,Inanda North, Mvaba Technical High School,Pinetown,POD-005,2025-01-16,Data Projector,MRJTU110044210055C5930
221260.0,Pinetown,Mafukuzela Ghandi,Inanda North, Mvaba Technical High School,Pinetown,POD-005,2025-01-16,Data Projector,MRJTU11004421005185930
221260.0,Pinetown,Mafukuzela Ghandi,Inanda North, Mvaba Technical High School,Pinetown,POD-005,2025-01-16,Data Projector,MRJTU11004421005405930
221260.0,Pinetown,Mafukuzela Ghandi,Inanda North, Mvaba Technical High School,Pinetown,POD-005,2025-01-16,Data Projector,MRJTU11004421005F15930
221260.0,Pinetown,Mafukuzela Ghandi,Inanda North, Mvaba Technical High School,Pinetown,POD-005,2025-01-16,Data Projector,MRJTU110044210052D5930
221260.0,Pinetown,Mafukuzela Ghandi,Inanda North, Mvaba Technical High School,Pinetown,POD-005,2025-01-16,Data Projector,MRJTU110044210055B5930
221260.0,Pinetown,Mafukuzela Ghandi,Inanda North, Mvaba Technical High School,Pinetown,POD-005,2025-01-16,Data Projector,MRJTU110044210048A5930
221260.0,Pinetown,Mafukuzela Ghandi,Inanda North, Mvaba Technical High School,Pinetown,POD-005,2025-01-16,Data Projector,MRJTU110044210050C5930
221260.0,Pinetown,Mafukuzela Ghandi,Inanda North, Mvaba Technical High School,Pinetown,POD-005,2025-01-16,Data Projector,MRJTU11004421005DE5930
221260.0,Pinetown,Mafukuzela Ghandi,Inanda North, Mvaba Technical High School,Pinetown,POD-005,2025-01-16,Data Projector,MRJTU11004421006035930
221260.0,Pinetown,Mafukuzela Ghandi,Inanda North, Mvaba Technical High School,Pinetown,POD-005,2025-01-16,Data Projector,MRJTU110044210051D5930
221260.0,Pinetown,Mafukuzela Ghandi,Inanda North, Mvaba Technical High School,Pinetown,POD-005,2025-01-16,Data Projector,MRJTU11004421005EE5930
221260.0,Pinetown,Mafukuzela Ghandi,Inanda North, Mvaba Technical High School,Pinetown,POD-005,2025-01-16,Data Projector,MRJTU110044210052F5930
221260.0,Pinetown,Mafukuzela Ghandi,Inanda North, Mvaba Technical High School,Pinetown,POD-005,2025-01-16,Data Projector,MRJTU11004421005245930
221260.0,Pinetown,Mafukuzela Ghandi,Inanda North, Mvaba Technical High School,Pinetown,POD-005,2025-01-16,Data Projector,MRJTU11004421004C75930
221260.0,Pinetown,Mafukuzela Ghandi,Inanda North, Mvaba Technical High School,Pinetown,POD-005,2025-01-16,Data Projector,MRJTU11004421005E35930
221260.0,Pinetown,Mafukuzela Ghandi,Inanda North, Mvaba Technical High School,Pinetown,POD-005,2025-01-16,Data Projector,MRJR71100N224008B15910
221260.0,Pinetown,Mafukuzela Ghandi,Inanda North, Mvaba Technical High School,Pinetown,POD-005,2025-01-16,Data Projector,MRJTU11004421004805930
221260.0,Pinetown,Mafukuzela Ghandi,Inanda North, Mvaba Technical High School,Pinetown,POD-006,2024-09-21,Data Projector Bracket,
221260.0,Pinetown,Mafukuzela Ghandi,Inanda North, Mvaba Technical High School,Pinetown,POD-006,2024-09-21,Data Projector Bracket,
221260.0,Pinetown,Mafukuzela Ghandi,Inanda North, Mvaba Technical High School,Pinetown,POD-006,2024-09-21,Data Projector Bracket,
221260.0,Pinetown,Mafukuzela Ghandi,Inanda North, Mvaba Technical High School,Pinetown,POD-006,2024-09-21,Data Projector Bracket,
221260.0,Pinetown,Mafukuzela Ghandi,Inanda North, Mvaba Technical High School,Pinetown,POD-006,2024-09-21,Data Projector Bracket,
221260.0,Pinetown,Mafukuzela Ghandi,Inanda North, Mvaba Technical High School,Pinetown,POD-006,2024-09-21,Data Projector Bracket,
221260.0,Pinetown,Mafukuzela Ghandi,Inanda North, Mvaba Technical High School,Pinetown,POD-006,2024-09-21,Data Projector Bracket,
221260.0,Pinetown,Mafukuzela Ghandi,Inanda North, Mvaba Technical High School,Pinetown,POD-006,2024-09-21,Data Projector Bracket,
221260.0,Pinetown,Mafukuzela Ghandi,Inanda North, Mvaba Technical High School,Pinetown,POD-006,2024-09-21,Data Projector Bracket,
221260.0,Pinetown,Mafukuzela Ghandi,Inanda North, Mvaba Technical High School,Pinetown,POD-006,2024-09-21,Data Projector Bracket,
221260.0,Pinetown,Mafukuzela Ghandi,Inanda North, Mvaba Technical High School,Pinetown,POD-006,2024-09-21,Data Projector Bracket,
221260.0,Pinetown,Mafukuzela Ghandi,Inanda North, Mvaba Technical High School,Pinetown,POD-006,2024-09-21,Data Projector Bracket,
221260.0,Pinetown,Mafukuzela Ghandi,Inanda North, Mvaba Technical High School,Pinetown,POD-006,2024-09-21,Data Projector Bracket,
221260.0,Pinetown,Mafukuzela Ghandi,Inanda North, Mvaba Technical High School,Pinetown,POD-006,2024-09-21,Data Projector Bracket,
221260.0,Pinetown,Mafukuzela Ghandi,Inanda North, Mvaba Technical High School,Pinetown,POD-006,2024-09-21,Data Projector Bracket,
221260.0,Pinetown,Mafukuzela Ghandi,Inanda North, Mvaba Technical High School,Pinetown,POD-006,2024-09-21,Data Projector Bracket,
221260.0,Pinetown,Mafukuzela Ghandi,Inanda North, Mvaba Technical High School,Pinetown,POD-006,2024-09-21,Data Projector Bracket,
221260.0,Pinetown,Mafukuzela Ghandi,Inanda North, Mvaba Technical High School,Pinetown,POD-006,2024-09-21,Data Projector Bracket,
221260.0,Pinetown,Mafukuzela Ghandi,Inanda North, Mvaba Technical High School,Pinetown,POD-006,2024-09-21,Data Projector Bracket,
221260.0,Pinetown,Mafukuzela Ghandi,Inanda North, Mvaba Technical High School,Pinetown,POD-006,2024-09-21,Data Projector Bracket,
221260.0,Pinetown,Mafukuzela Ghandi,Inanda North, Mvaba Technical High School,Pinetown,POD-006,2024-09-21,Data Projector Bracket,
221260.0,Pinetown,Mafukuzela Ghandi,Inanda North, Mvaba Technical High School,Pinetown,POD-006,2024-09-21,Data Projector Bracket,
221260.0,Pinetown,Mafukuzela Ghandi,Inanda North, Mvaba Technical High School,Pinetown,POD-006,2024-09-21,Data Projector Bracket,
221260.0,Pinetown,Mafukuzela Ghandi,Inanda North, Mvaba Technical High School,Pinetown,POD-006,2024-09-21,Data Projector Bracket,
221260.0,Pinetown,Mafukuzela Ghandi,Inanda North, Mvaba Technical High School,Pinetown,POD-006,2024-09-21,Data Projector Bracket,
221260.0,Pinetown,Mafukuzela Ghandi,Inanda North, Mvaba Technical High School,Pinetown,POD-006,2024-09-21,Data Projector Bracket,
221260.0,Pinetown,Mafukuzela Ghandi,Inanda North, Mvaba Technical High School,Pinetown,POD-006,2024-09-21,Data Projector Bracket,
221260.0,Pinetown,Mafukuzela Ghandi,Inanda North, Mvaba Technical High School,Pinetown,POD-006,2024-09-21,Data Projector Bracket,
221260.0,Pinetown,Mafukuzela Ghandi,Inanda North, Mvaba Technical High School,Pinetown,POD-006,2024-09-21,Data Projector Bracket,
221260.0,Pinetown,Mafukuzela Ghandi,Inanda North, Mvaba Technical High School,Pinetown,POD-006,2024-09-21,Data Projector Bracket,
221260.0,Pinetown,Mafukuzela Ghandi,Inanda North, Mvaba Technical High School,Pinetown,POD-006,2024-09-21,Data Projector Bracket,
221260.0,Pinetown,Mafukuzela Ghandi,Inanda North, Mvaba Technical High School,Pinetown,POD-006,2024-09-21,Data Projector Bracket,
221260.0,Pinetown,Mafukuzela Ghandi,Inanda North, Mvaba Technical High School,Pinetown,POD-006,2024-09-21,Data Projector Bracket,
221260.0,Pinetown,Mafukuzela Ghandi,Inanda North, Mvaba Technical High School,Pinetown,POD-006,2024-09-21,Data Projector Bracket,
221260.0,Pinetown,Mafukuzela Ghandi,Inanda North, Mvaba Technical High School,Pinetown,POD-006,2024-09-21,Data Projector Bracket,
221260.0,Pinetown,Mafukuzela Ghandi,Inanda North, Mvaba Technical High School,Pinetown,POD-008,2025-01-14,HDMI Cable,
221260.0,Pinetown,Mafukuzela Ghandi,Inanda North, Mvaba Technical High School,Pinetown,POD-008,2025-01-14,HDMI Cable,
221260.0,Pinetown,Mafukuzela Ghandi,Inanda North, Mvaba Technical High School,Pinetown,POD-008,2025-01-14,HDMI Cable,
221260.0,Pinetown,Mafukuzela Ghandi,Inanda North, Mvaba Technical High School,Pinetown,POD-008,2025-01-14,HDMI Cable,
221260.0,Pinetown,Mafukuzela Ghandi,Inanda North, Mvaba Technical High School,Pinetown,POD-008,2025-01-14,HDMI Cable,
221260.0,Pinetown,Mafukuzela Ghandi,Inanda North, Mvaba Technical High School,Pinetown,POD-008,2025-01-14,HDMI Cable,
221260.0,Pinetown,Mafukuzela Ghandi,Inanda North, Mvaba Technical High School,Pinetown,POD-008,2025-01-14,HDMI Cable,
221260.0,Pinetown,Mafukuzela Ghandi,Inanda North, Mvaba Technical High School,Pinetown,POD-008,2025-01-14,HDMI Cable,
221260.0,Pinetown,Mafukuzela Ghandi,Inanda North, Mvaba Technical High School,Pinetown,POD-008,2025-01-14,HDMI Cable,
221260.0,Pinetown,Mafukuzela Ghandi,Inanda North, Mvaba Technical High School,Pinetown,POD-008,2025-01-14,HDMI Cable,
221260.0,Pinetown,Mafukuzela Ghandi,Inanda North, Mvaba Technical High School,Pinetown,POD-008,2025-01-14,HDMI Cable,
221260.0,Pinetown,Mafukuzela Ghandi,Inanda North, Mvaba Technical High School,Pinetown,POD-008,2025-01-14,HDMI Cable,
221260.0,Pinetown,Mafukuzela Ghandi,Inanda North, Mvaba Technical High School,Pinetown,POD-009,2025-01-16,Learner Laptop,PF50R9GT
221260.0,Pinetown,Mafukuzela Ghandi,Inanda North, Mvaba Technical High School,Pinetown,POD-009,2025-01-16,Learner Laptop,PF50VYPG
221260.0,Pinetown,Mafukuzela Ghandi,Inanda North, Mvaba Technical High School,Pinetown,POD-009,2025-01-16,Learner Laptop,PF50RP8T
221260.0,Pinetown,Mafukuzela Ghandi,Inanda North, Mvaba Technical High School,Pinetown,POD-009,2025-01-16,Learner Laptop,PF50V8W5
221260.0,Pinetown,Mafukuzela Ghandi,Inanda North, Mvaba Technical High School,Pinetown,POD-009,2025-01-16,Learner Laptop,PF50V6K8
221260.0,Pinetown,Mafukuzela Ghandi,Inanda North, Mvaba Technical High School,Pinetown,POD-009,2025-01-16,Learner Laptop,PF50V4D0
221260.0,Pinetown,Mafukuzela Ghandi,Inanda North, Mvaba Technical High School,Pinetown,POD-009,2025-01-16,Learner Laptop,PF50V6JW
221260.0,Pinetown,Mafukuzela Ghandi,Inanda North, Mvaba Technical High School,Pinetown,POD-009,2025-01-16,Learner Laptop,PF50RS25
221260.0,Pinetown,Mafukuzela Ghandi,Inanda North, Mvaba Technical High School,Pinetown,POD-009,2025-01-16,Learner Laptop,PF50RPA3
221260.0,Pinetown,Mafukuzela Ghandi,Inanda North, Mvaba Technical High School,Pinetown,POD-009,2025-01-16,Learner Laptop,PF50SRZX
221260.0,Pinetown,Mafukuzela Ghandi,Inanda North, Mvaba Technical High School,Pinetown,POD-009,2025-01-16,Learner Laptop,PF50SLJS
221260.0,Pinetown,Mafukuzela Ghandi,Inanda North, Mvaba Technical High School,Pinetown,POD-009,2025-01-16,Learner Laptop,PF50SLH9
221260.0,Pinetown,Mafukuzela Ghandi,Inanda North, Mvaba Technical High School,Pinetown,POD-009,2025-01-16,Learner Laptop,PF50R9KC
221260.0,Pinetown,Mafukuzela Ghandi,Inanda North, Mvaba Technical High School,Pinetown,POD-009,2025-01-16,Learner Laptop,PF50R2PZ
221260.0,Pinetown,Mafukuzela Ghandi,Inanda North, Mvaba Technical High School,Pinetown,POD-009,2025-01-16,Learner Laptop,PF50RM1X
221260.0,Pinetown,Mafukuzela Ghandi,Inanda North, Mvaba Technical High School,Pinetown,POD-009,2025-01-16,Learner Laptop,PF50TZW8
221260.0,Pinetown,Mafukuzela Ghandi,Inanda North, Mvaba Technical High School,Pinetown,POD-009,2025-01-16,Learner Laptop,PF50QVYE
221260.0,Pinetown,Mafukuzela Ghandi,Inanda North, Mvaba Technical High School,Pinetown,POD-009,2025-01-16,Learner Laptop,PF50RBTY
221260.0,Pinetown,Mafukuzela Ghandi,Inanda North, Mvaba Technical High School,Pinetown,POD-009,2025-01-16,Learner Laptop,PF50R9FL
221260.0,Pinetown,Mafukuzela Ghandi,Inanda North, Mvaba Technical High School,Pinetown,POD-009,2025-01-16,Learner Laptop,PF50R2QQ
221260.0,Pinetown,Mafukuzela Ghandi,Inanda North, Mvaba Technical High School,Pinetown,POD-009,2025-01-16,Learner Laptop,PF50STDY
221260.0,Pinetown,Mafukuzela Ghandi,Inanda North, Mvaba Technical High School,Pinetown,POD-009,2025-01-16,Learner Laptop,PF50SNVY
221260.0,Pinetown,Mafukuzela Ghandi,Inanda North, Mvaba Technical High School,Pinetown,POD-009,2025-01-16,Learner Laptop,PF50R2S2
221260.0,Pinetown,Mafukuzela Ghandi,Inanda North, Mvaba Technical High School,Pinetown,POD-009,2025-01-16,Learner Laptop,PF50R7AX
221260.0,Pinetown,Mafukuzela Ghandi,Inanda North, Mvaba Technical High School,Pinetown,POD-009,2025-01-16,Learner Laptop,PF50RRJ7
221260.0,Pinetown,Mafukuzela Ghandi,Inanda North, Mvaba Technical High School,Pinetown,POD-009,2025-01-16,Learner Laptop,PF50V6M4
221260.0,Pinetown,Mafukuzela Ghandi,Inanda North, Mvaba Technical High School,Pinetown,POD-009,2025-01-16,Learner Laptop,PFSOV6JH
221260.0,Pinetown,Mafukuzela Ghandi,Inanda North, Mvaba Technical High School,Pinetown,POD-009,2025-01-16,Learner Laptop,PFSORP7F
221260.0,Pinetown,Mafukuzela Ghandi,Inanda North, Mvaba Technical High School,Pinetown,POD-009,2025-01-16,Learner Laptop,PFSORS24
221260.0,Pinetown,Mafukuzela Ghandi,Inanda North, Mvaba Technical High School,Pinetown,POD-009,2025-01-16,Learner Laptop,PFSOVYNA
221260.0,Pinetown,Mafukuzela Ghandi,Inanda North, Mvaba Technical High School,Pinetown,POD-009,2025-01-16,Learner Laptop,PFSOV6KM
221260.0,Pinetown,Mafukuzela Ghandi,Inanda North, Mvaba Technical High School,Pinetown,POD-009,2025-01-16,Learner Laptop,PFSOV8VN
221260.0,Pinetown,Mafukuzela Ghandi,Inanda North, Mvaba Technical High School,Pinetown,POD-009,2025-01-16,Learner Laptop,PFSOV49R
221260.0,Pinetown,Mafukuzela Ghandi,Inanda North, Mvaba Technical High School,Pinetown,POD-009,2025-01-16,Learner Laptop,PFSOVBB3
221260.0,Pinetown,Mafukuzela Ghandi,Inanda North, Mvaba Technical High School,Pinetown,POD-009,2025-01-16,Learner Laptop,PFSOSTB2
221260.0,Pinetown,Mafukuzela Ghandi,Inanda North, Mvaba Technical High School,Pinetown,POD-009,2025-01-16,Learner Laptop,PFSOVBAN
221260.0,Pinetown,Mafukuzela Ghandi,Inanda North, Mvaba Technical High School,Pinetown,POD-009,2025-01-16,Learner Laptop,PFSOR2P2
221260.0,Pinetown,Mafukuzela Ghandi,Inanda North, Mvaba Technical High School,Pinetown,POD-009,2025-01-16,Learner Laptop,PFSOR9FX
221260.0,Pinetown,Mafukuzela Ghandi,Inanda North, Mvaba Technical High School,Pinetown,POD-009,2025-01-16,Learner Laptop,PF50SLK6
221260.0,Pinetown,Mafukuzela Ghandi,Inanda North, Mvaba Technical High School,Pinetown,POD-009,2025-01-16,Learner Laptop,PF50QVZ9
221260.0,Pinetown,Mafukuzela Ghandi,Inanda North, Mvaba Technical High School,Pinetown,POD-010,2024-09-10,Teacher Laptop,926169230600106
221260.0,Pinetown,Mafukuzela Ghandi,Inanda North, Mvaba Technical High School,Pinetown,POD-010,2024-09-10,Teacher Laptop,926169230600107
221260.0,Pinetown,Mafukuzela Ghandi,Inanda North, Mvaba Technical High School,Pinetown,POD-010,2024-09-10,Teacher Laptop,926169230600108
221260.0,Pinetown,Mafukuzela Ghandi,Inanda North, Mvaba Technical High School,Pinetown,POD-010,2024-09-10,Teacher Laptop,926169230600109
221260.0,Pinetown,Mafukuzela Ghandi,Inanda North, Mvaba Technical High School,Pinetown,POD-010,2024-09-10,Teacher Laptop,926169230600110
221260.0,Pinetown,Mafukuzela Ghandi,Inanda North, Mvaba Technical High School,Pinetown,POD-010,2024-09-10,Teacher Laptop,926169230600081
221260.0,Pinetown,Mafukuzela Ghandi,Inanda North, Mvaba Technical High School,Pinetown,POD-010,2024-09-10,Teacher Laptop,926169230600082
221260.0,Pinetown,Mafukuzela Ghandi,Inanda North, Mvaba Technical High School,Pinetown,POD-010,2024-09-10,Teacher Laptop,926169230600083
221260.0,Pinetown,Mafukuzela Ghandi,Inanda North, Mvaba Technical High School,Pinetown,POD-010,2024-09-10,Teacher Laptop,926169230600084
221260.0,Pinetown,Mafukuzela Ghandi,Inanda North, Mvaba Technical High School,Pinetown,POD-010,2024-09-10,Teacher Laptop,926169230600085
221260.0,Pinetown,Mafukuzela Ghandi,Inanda North, Mvaba Technical High School,Pinetown,POD-010,2024-09-10,Teacher Laptop,926169230600041
221260.0,Pinetown,Mafukuzela Ghandi,Inanda North, Mvaba Technical High School,Pinetown,POD-010,2024-09-10,Teacher Laptop,926169230600042
221260.0,Pinetown,Mafukuzela Ghandi,Inanda North, Mvaba Technical High School,Pinetown,POD-010,2024-09-10,Teacher Laptop,926169230600043
221260.0,Pinetown,Mafukuzela Ghandi,Inanda North, Mvaba Technical High School,Pinetown,POD-010,2024-09-10,Teacher Laptop,926169230600044
221260.0,Pinetown,Mafukuzela Ghandi,Inanda North, Mvaba Technical High School,Pinetown,POD-010,2024-09-10,Teacher Laptop,926169230600045
221260.0,Pinetown,Mafukuzela Ghandi,Inanda North, Mvaba Technical High School,Pinetown,POD-010,2024-09-10,Teacher Laptop,926169230600276
221260.0,Pinetown,Mafukuzela Ghandi,Inanda North, Mvaba Technical High School,Pinetown,POD-010,2024-09-10,Teacher Laptop,926169230600277
221260.0,Pinetown,Mafukuzela Ghandi,Inanda North, Mvaba Technical High School,Pinetown,POD-010,2024-09-10,Teacher Laptop,926169230600278
221260.0,Pinetown,Mafukuzela Ghandi,Inanda North, Mvaba Technical High School,Pinetown,POD-010,2024-09-10,Teacher Laptop,926169230600279
221260.0,Pinetown,Mafukuzela Ghandi,Inanda North, Mvaba Technical High School,Pinetown,POD-010,2024-09-10,Teacher Laptop,926169230600280
221260.0,Pinetown,Mafukuzela Ghandi,Inanda North, Mvaba Technical High School,Pinetown,POD-010,2024-09-10,Teacher Laptop,297267221000196
221260.0,Pinetown,Mafukuzela Ghandi,Inanda North, Mvaba Technical High School,Pinetown,POD-010,2024-09-10,Teacher Laptop,297267221000197
221260.0,Pinetown,Mafukuzela Ghandi,Inanda North, Mvaba Technical High School,Pinetown,POD-010,2024-09-10,Teacher Laptop,297267221000199
221260.0,Pinetown,Mafukuzela Ghandi,Inanda North, Mvaba Technical High School,Pinetown,POD-010,2024-09-10,Teacher Laptop,297267221000200
221260.0,Pinetown,Mafukuzela Ghandi,Inanda North, Mvaba Technical High School,Pinetown,POD-010,2024-09-10,Teacher Laptop,297267221000198
221260.0,Pinetown,Mafukuzela Ghandi,Inanda North, Mvaba Technical High School,Pinetown,POD-010,2024-09-10,Teacher Laptop,933248240100256
221260.0,Pinetown,Mafukuzela Ghandi,Inanda North, Mvaba Technical High School,Pinetown,POD-010,2024-09-10,Teacher Laptop,933248240100255
221260.0,Pinetown,Mafukuzela Ghandi,Inanda North, Mvaba Technical High School,Pinetown,POD-010,2024-09-10,Teacher Laptop,933248240100206
221260.0,Pinetown,Mafukuzela Ghandi,Inanda North, Mvaba Technical High School,Pinetown,POD-010,2024-09-10,Teacher Laptop,933248240100172
221260.0,Pinetown,Mafukuzela Ghandi,Inanda North, Mvaba Technical High School,Pinetown,POD-010,2024-09-10,Teacher Laptop,933248240100042
221260.0,Pinetown,Mafukuzela Ghandi,Inanda North, Mvaba Technical High School,Pinetown,POD-010,2024-09-10,Teacher Laptop,926169230600146
221260.0,Pinetown,Mafukuzela Ghandi,Inanda North, Mvaba Technical High School,Pinetown,POD-010,2024-09-10,Teacher Laptop,926169230600147
221260.0,Pinetown,Mafukuzela Ghandi,Inanda North, Mvaba Technical High School,Pinetown,POD-010,2024-09-10,Teacher Laptop,926169230600148
221260.0,Pinetown,Mafukuzela Ghandi,Inanda North, Mvaba Technical High School,Pinetown,POD-010,2024-09-10,Teacher Laptop,926169230600149
221260.0,Pinetown,Mafukuzela Ghandi,Inanda North, Mvaba Technical High School,Pinetown,POD-010,2024-09-10,Teacher Laptop,926169230600150
221260.0,Pinetown,Mafukuzela Ghandi,Inanda North, Mvaba Technical High School,Pinetown,POD-010,2024-09-10,Teacher Laptop,297267221000569
221260.0,Pinetown,Mafukuzela Ghandi,Inanda North, Mvaba Technical High School,Pinetown,POD-010,2024-09-10,Teacher Laptop,297267221000570
221260.0,Pinetown,Mafukuzela Ghandi,Inanda North, Mvaba Technical High School,Pinetown,POD-010,2024-09-10,Teacher Laptop,297267221000571
221260.0,Pinetown,Mafukuzela Ghandi,Inanda North, Mvaba Technical High School,Pinetown,POD-010,2024-09-10,Teacher Laptop,297267221000572
221260.0,Pinetown,Mafukuzela Ghandi,Inanda North, Mvaba Technical High School,Pinetown,POD-010,2024-09-10,Teacher Laptop,297267221000573
221260.0,Pinetown,Mafukuzela Ghandi,Inanda North, Mvaba Technical High School,Pinetown,POD-010,2024-09-10,Teacher Laptop,297267221000504
221260.0,Pinetown,Mafukuzela Ghandi,Inanda North, Mvaba Technical High School,Pinetown,POD-010,2024-09-10,Teacher Laptop,297267221000505
221260.0,Pinetown,Mafukuzela Ghandi,Inanda North, Mvaba Technical High School,Pinetown,POD-010,2024-09-10,Teacher Laptop,297267221000506
221260.0,Pinetown,Mafukuzela Ghandi,Inanda North, Mvaba Technical High School,Pinetown,POD-010,2024-09-10,Teacher Laptop,297267221000507
221260.0,Pinetown,Mafukuzela Ghandi,Inanda North, Mvaba Technical High School,Pinetown,POD-010,2024-09-10,Teacher Laptop,297267221000508
221260.0,Pinetown,Mafukuzela Ghandi,Inanda North, Mvaba Technical High School,Pinetown,POD-010,2024-09-10,Teacher Laptop,933248240100020
221260.0,Pinetown,Mafukuzela Ghandi,Inanda North, Mvaba Technical High School,Pinetown,POD-010,2024-09-10,Teacher Laptop,933248240100023
221260.0,Pinetown,Mafukuzela Ghandi,Inanda North, Mvaba Technical High School,Pinetown,POD-010,2024-09-10,Teacher Laptop,933248240100064
221260.0,Pinetown,Mafukuzela Ghandi,Inanda North, Mvaba Technical High School,Pinetown,POD-010,2024-09-10,Teacher Laptop,933248240100085
221260.0,Pinetown,Mafukuzela Ghandi,Inanda North, Mvaba Technical High School,Pinetown,POD-010,2024-09-10,Teacher Laptop,933248240100098
221260.0,Pinetown,Mafukuzela Ghandi,Inanda North, Mvaba Technical High School,Pinetown,-,2024-09-27,HDMI Cable,
221260.0,Pinetown,Mafukuzela Ghandi,Inanda North, Mvaba Technical High School,Pinetown,-,2024-09-27,HDMI Cable,
221260.0,Pinetown,Mafukuzela Ghandi,Inanda North, Mvaba Technical High School,Pinetown,-,2024-09-27,HDMI Cable,
221260.0,Pinetown,Mafukuzela Ghandi,Inanda North, Mvaba Technical High School,Pinetown,-,2024-09-27,HDMI Cable,
221260.0,Pinetown,Mafukuzela Ghandi,Inanda North, Mvaba Technical High School,Pinetown,-,2024-09-27,HDMI Cable,
221260.0,Pinetown,Mafukuzela Ghandi,Inanda North, Mvaba Technical High School,Pinetown,-,2024-09-27,HDMI Cable,
221260.0,Pinetown,Mafukuzela Ghandi,Inanda North, Mvaba Technical High School,Pinetown,-,2024-09-27,HDMI Cable,
221260.0,Pinetown,Mafukuzela Ghandi,Inanda North, Mvaba Technical High School,Pinetown,-,2024-09-27,HDMI Cable,
221260.0,Pinetown,Mafukuzela Ghandi,Inanda North, Mvaba Technical High School,Pinetown,-,2024-09-27,HDMI Cable,
221260.0,Pinetown,Mafukuzela Ghandi,Inanda North, Mvaba Technical High School,Pinetown,-,2024-09-27,HDMI Cable,
221260.0,Pinetown,Mafukuzela Ghandi,Inanda North, Mvaba Technical High School,Pinetown,-,2024-09-27,HDMI Cable,
221260.0,Pinetown,Mafukuzela Ghandi,Inanda North, Mvaba Technical High School,Pinetown,-,2024-09-27,HDMI Cable,
221260.0,Pinetown,Mafukuzela Ghandi,Inanda North, Mvaba Technical High School,Pinetown,-,2024-09-27,HDMI Cable,
221260.0,Pinetown,Mafukuzela Ghandi,Inanda North, Mvaba Technical High School,Pinetown,-,2024-09-27,HDMI Cable,
221260.0,Pinetown,Mafukuzela Ghandi,Inanda North, Mvaba Technical High School,Pinetown,-,2024-09-27,HDMI Cable,
221260.0,Pinetown,Mafukuzela Ghandi,Inanda North, Mvaba Technical High School,Pinetown,-,2024-09-27,HDMI Cable,
221260.0,Pinetown,Mafukuzela Ghandi,Inanda North, Mvaba Technical High School,Pinetown,-,2024-09-27,HDMI Cable,
221260.0,Pinetown,Mafukuzela Ghandi,Inanda North, Mvaba Technical High School,Pinetown,-,2024-09-27,HDMI Cable,
221260.0,Pinetown,Mafukuzela Ghandi,Inanda North, Mvaba Technical High School,Pinetown,-,2024-09-27,HDMI Cable,
221260.0,Pinetown,Mafukuzela Ghandi,Inanda North, Mvaba Technical High School,Pinetown,-,2024-09-27,HDMI Cable,
221260.0,Pinetown,Mafukuzela Ghandi,Inanda North, Mvaba Technical High School,Pinetown,-,2024-09-27,HDMI Cable,
221260.0,Pinetown,Mafukuzela Ghandi,Inanda North, Mvaba Technical High School,Pinetown,-,2024-07-08,Interactive Screen,
221260.0,Pinetown,Mafukuzela Ghandi,Inanda North, Mvaba Technical High School,Pinetown,-,2024-09-27,Ultra Short Throw,X7JS2Y0172L
221260.0,Pinetown,Mafukuzela Ghandi,Inanda North, Mvaba Technical High School,Pinetown,-,2024-09-27,Visualizer,V513-H8M2W003-06
258630.0,Umlazi,Umbumbulu,Folweni,Saphinda Full Service School,Umlazi,POD-001,2024-07-08,Fixed Whiteboard,
258630.0,Umlazi,Umbumbulu,Folweni,Saphinda Full Service School,Umlazi,POD-001,2024-07-08,Fixed Whiteboard,
258630.0,Umlazi,Umbumbulu,Folweni,Saphinda Full Service School,Umlazi,POD-001,2024-07-08,Fixed Whiteboard,
258630.0,Umlazi,Umbumbulu,Folweni,Saphinda Full Service School,Umlazi,POD-001,2024-07-08,Fixed Whiteboard,
258630.0,Umlazi,Umbumbulu,Folweni,Saphinda Full Service School,Umlazi,POD-001,2024-07-08,Fixed Whiteboard,
258630.0,Umlazi,Umbumbulu,Folweni,Saphinda Full Service School,Umlazi,POD-001,2024-07-08,Fixed Whiteboard,
258630.0,Umlazi,Umbumbulu,Folweni,Saphinda Full Service School,Umlazi,POD-001,2024-07-08,Fixed Whiteboard,
258630.0,Umlazi,Umbumbulu,Folweni,Saphinda Full Service School,Umlazi,POD-001,2024-07-08,Fixed Whiteboard,
258630.0,Umlazi,Umbumbulu,Folweni,Saphinda Full Service School,Umlazi,POD-001,2024-07-08,Fixed Whiteboard,
258630.0,Umlazi,Umbumbulu,Folweni,Saphinda Full Service School,Umlazi,POD-001,2024-07-08,Fixed Whiteboard,
258630.0,Umlazi,Umbumbulu,Folweni,Saphinda Full Service School,Umlazi,POD-001,2024-07-08,Fixed Whiteboard,
258630.0,Umlazi,Umbumbulu,Folweni,Saphinda Full Service School,Umlazi,POD-001,2024-07-08,Fixed Whiteboard,
258630.0,Umlazi,Umbumbulu,Folweni,Saphinda Full Service School,Umlazi,POD-001,2024-07-08,Fixed Whiteboard,
258630.0,Umlazi,Umbumbulu,Folweni,Saphinda Full Service School,Umlazi,POD-001,2024-07-08,Fixed Whiteboard,
258630.0,Umlazi,Umbumbulu,Folweni,Saphinda Full Service School,Umlazi,POD-001,2024-07-08,Fixed Whiteboard,
258630.0,Umlazi,Umbumbulu,Folweni,Saphinda Full Service School,Umlazi,POD-001,2024-07-08,Fixed Whiteboard,
258630.0,Umlazi,Umbumbulu,Folweni,Saphinda Full Service School,Umlazi,POD-001,2024-07-08,Fixed Whiteboard,
258630.0,Umlazi,Umbumbulu,Folweni,Saphinda Full Service School,Umlazi,POD-001,2024-07-08,Fixed Whiteboard,
258630.0,Umlazi,Umbumbulu,Folweni,Saphinda Full Service School,Umlazi,POD-001,2024-07-08,Fixed Whiteboard,
258630.0,Umlazi,Umbumbulu,Folweni,Saphinda Full Service School,Umlazi,POD-001,2024-07-08,Fixed Whiteboard,
258630.0,Umlazi,Umbumbulu,Folweni,Saphinda Full Service School,Umlazi,POD-001,2024-07-08,Fixed Whiteboard,
258630.0,Umlazi,Umbumbulu,Folweni,Saphinda Full Service School,Umlazi,POD-001,2024-07-08,Fixed Whiteboard,
258630.0,Umlazi,Umbumbulu,Folweni,Saphinda Full Service School,Umlazi,POD-001,2024-07-08,Fixed Whiteboard,
258630.0,Umlazi,Umbumbulu,Folweni,Saphinda Full Service School,Umlazi,POD-001,2024-07-08,Fixed Whiteboard,
258630.0,Umlazi,Umbumbulu,Folweni,Saphinda Full Service School,Umlazi,POD-001,2024-07-08,Fixed Whiteboard,
258630.0,Umlazi,Umbumbulu,Folweni,Saphinda Full Service School,Umlazi,POD-001,2024-07-08,Fixed Whiteboard,
258630.0,Umlazi,Umbumbulu,Folweni,Saphinda Full Service School,Umlazi,POD-002,2024-12-08,Interactive Screen,
258630.0,Umlazi,Umbumbulu,Folweni,Saphinda Full Service School,Umlazi,POD-006,2025-01-14,Data Projector Bracket,
258630.0,Umlazi,Umbumbulu,Folweni,Saphinda Full Service School,Umlazi,POD-006,2025-01-14,Data Projector Bracket,
258630.0,Umlazi,Umbumbulu,Folweni,Saphinda Full Service School,Umlazi,POD-006,2025-01-14,Data Projector Bracket,
258630.0,Umlazi,Umbumbulu,Folweni,Saphinda Full Service School,Umlazi,POD-006,2025-01-14,Data Projector Bracket,
258630.0,Umlazi,Umbumbulu,Folweni,Saphinda Full Service School,Umlazi,POD-006,2025-01-14,Data Projector Bracket,
258630.0,Umlazi,Umbumbulu,Folweni,Saphinda Full Service School,Umlazi,POD-006,2025-01-14,Data Projector Bracket,
258630.0,Umlazi,Umbumbulu,Folweni,Saphinda Full Service School,Umlazi,POD-006,2025-01-14,Data Projector Bracket,
258630.0,Umlazi,Umbumbulu,Folweni,Saphinda Full Service School,Umlazi,POD-006,2025-01-14,Data Projector Bracket,
258630.0,Umlazi,Umbumbulu,Folweni,Saphinda Full Service School,Umlazi,POD-006,2025-01-14,Data Projector Bracket,
258630.0,Umlazi,Umbumbulu,Folweni,Saphinda Full Service School,Umlazi,POD-006,2025-01-14,Data Projector Bracket,
258630.0,Umlazi,Umbumbulu,Folweni,Saphinda Full Service School,Umlazi,POD-006,2025-01-14,Data Projector Bracket,
258630.0,Umlazi,Umbumbulu,Folweni,Saphinda Full Service School,Umlazi,POD-006,2025-01-14,Data Projector Bracket,
258630.0,Umlazi,Umbumbulu,Folweni,Saphinda Full Service School,Umlazi,POD-006,2025-01-14,Data Projector Bracket,
258630.0,Umlazi,Umbumbulu,Folweni,Saphinda Full Service School,Umlazi,POD-006,2025-01-14,Data Projector Bracket,
258630.0,Umlazi,Umbumbulu,Folweni,Saphinda Full Service School,Umlazi,POD-006,2025-01-14,Data Projector Bracket,
258630.0,Umlazi,Umbumbulu,Folweni,Saphinda Full Service School,Umlazi,POD-006,2025-01-14,Data Projector Bracket,
258630.0,Umlazi,Umbumbulu,Folweni,Saphinda Full Service School,Umlazi,POD-006,2025-01-14,Data Projector Bracket,
258630.0,Umlazi,Umbumbulu,Folweni,Saphinda Full Service School,Umlazi,POD-006,2025-01-14,Data Projector Bracket,
258630.0,Umlazi,Umbumbulu,Folweni,Saphinda Full Service School,Umlazi,POD-006,2025-01-14,Data Projector Bracket,
258630.0,Umlazi,Umbumbulu,Folweni,Saphinda Full Service School,Umlazi,POD-006,2025-01-14,Data Projector Bracket,
258630.0,Umlazi,Umbumbulu,Folweni,Saphinda Full Service School,Umlazi,POD-006,2025-01-14,Data Projector Bracket,
258630.0,Umlazi,Umbumbulu,Folweni,Saphinda Full Service School,Umlazi,POD-006,2025-01-14,Data Projector Bracket,
258630.0,Umlazi,Umbumbulu,Folweni,Saphinda Full Service School,Umlazi,POD-006,2025-01-14,Data Projector Bracket,
258630.0,Umlazi,Umbumbulu,Folweni,Saphinda Full Service School,Umlazi,POD-006,2025-01-14,Data Projector Bracket,
258630.0,Umlazi,Umbumbulu,Folweni,Saphinda Full Service School,Umlazi,POD-006,2025-01-14,Data Projector Bracket,
258630.0,Umlazi,Umbumbulu,Folweni,Saphinda Full Service School,Umlazi,POD-008,2025-01-14,HDMI Cable,
258630.0,Umlazi,Umbumbulu,Folweni,Saphinda Full Service School,Umlazi,POD-008,2025-01-14,HDMI Cable,
258630.0,Umlazi,Umbumbulu,Folweni,Saphinda Full Service School,Umlazi,POD-008,2025-01-14,HDMI Cable,
258630.0,Umlazi,Umbumbulu,Folweni,Saphinda Full Service School,Umlazi,POD-008,2025-01-14,HDMI Cable,
258630.0,Umlazi,Umbumbulu,Folweni,Saphinda Full Service School,Umlazi,POD-008,2025-01-14,HDMI Cable,
258630.0,Umlazi,Umbumbulu,Folweni,Saphinda Full Service School,Umlazi,POD-008,2025-01-14,HDMI Cable,
258630.0,Umlazi,Umbumbulu,Folweni,Saphinda Full Service School,Umlazi,POD-008,2025-01-14,HDMI Cable,
258630.0,Umlazi,Umbumbulu,Folweni,Saphinda Full Service School,Umlazi,POD-008,2025-01-14,HDMI Cable,
258630.0,Umlazi,Umbumbulu,Folweni,Saphinda Full Service School,Umlazi,POD-008,2025-01-14,HDMI Cable,
258630.0,Umlazi,Umbumbulu,Folweni,Saphinda Full Service School,Umlazi,POD-008,2025-01-14,HDMI Cable,
258630.0,Umlazi,Umbumbulu,Folweni,Saphinda Full Service School,Umlazi,POD-008,2025-01-14,HDMI Cable,
258630.0,Umlazi,Umbumbulu,Folweni,Saphinda Full Service School,Umlazi,POD-008,2025-01-14,HDMI Cable,
258630.0,Umlazi,Umbumbulu,Folweni,Saphinda Full Service School,Umlazi,POD-008,2025-01-14,HDMI Cable,
258630.0,Umlazi,Umbumbulu,Folweni,Saphinda Full Service School,Umlazi,POD-008,2025-01-14,HDMI Cable,
258630.0,Umlazi,Umbumbulu,Folweni,Saphinda Full Service School,Umlazi,POD-008,2025-01-14,HDMI Cable,
258630.0,Umlazi,Umbumbulu,Folweni,Saphinda Full Service School,Umlazi,POD-008,2025-01-14,HDMI Cable,
258630.0,Umlazi,Umbumbulu,Folweni,Saphinda Full Service School,Umlazi,POD-008,2025-01-14,HDMI Cable,
258630.0,Umlazi,Umbumbulu,Folweni,Saphinda Full Service School,Umlazi,POD-008,2025-01-14,HDMI Cable,
258630.0,Umlazi,Umbumbulu,Folweni,Saphinda Full Service School,Umlazi,POD-008,2025-01-14,HDMI Cable,
258630.0,Umlazi,Umbumbulu,Folweni,Saphinda Full Service School,Umlazi,POD-008,2025-01-14,HDMI Cable,
258630.0,Umlazi,Umbumbulu,Folweni,Saphinda Full Service School,Umlazi,POD-008,2025-01-14,HDMI Cable,
258630.0,Umlazi,Umbumbulu,Folweni,Saphinda Full Service School,Umlazi,POD-008,2025-01-14,HDMI Cable,
258630.0,Umlazi,Umbumbulu,Folweni,Saphinda Full Service School,Umlazi,POD-008,2025-01-14,HDMI Cable,
258630.0,Umlazi,Umbumbulu,Folweni,Saphinda Full Service School,Umlazi,POD-008,2025-01-14,HDMI Cable,
258630.0,Umlazi,Umbumbulu,Folweni,Saphinda Full Service School,Umlazi,POD-008,2025-01-14,HDMI Cable,
258630.0,Umlazi,Umbumbulu,Folweni,Saphinda Full Service School,Umlazi,POD-008,2025-01-14,HDMI Cable,
258630.0,Umlazi,Umbumbulu,Folweni,Saphinda Full Service School,Umlazi,POD-009,2025-10-14,Learner Laptop,PF50VLAK
258630.0,Umlazi,Umbumbulu,Folweni,Saphinda Full Service School,Umlazi,POD-009,2025-10-14,Learner Laptop,PF50VLAG
258630.0,Umlazi,Umbumbulu,Folweni,Saphinda Full Service School,Umlazi,POD-009,2025-10-14,Learner Laptop,PF50VFS1
258630.0,Umlazi,Umbumbulu,Folweni,Saphinda Full Service School,Umlazi,POD-009,2025-10-14,Learner Laptop,PF50VWBJ
258630.0,Umlazi,Umbumbulu,Folweni,Saphinda Full Service School,Umlazi,POD-009,2025-10-14,Learner Laptop,PF50SLHK
258630.0,Umlazi,Umbumbulu,Folweni,Saphinda Full Service School,Umlazi,POD-009,2025-10-14,Learner Laptop,PF50VDKB
258630.0,Umlazi,Umbumbulu,Folweni,Saphinda Full Service School,Umlazi,POD-009,2025-10-14,Learner Laptop,PF50VTSH
258630.0,Umlazi,Umbumbulu,Folweni,Saphinda Full Service School,Umlazi,POD-009,2025-10-14,Learner Laptop,PF50VNKK
258630.0,Umlazi,Umbumbulu,Folweni,Saphinda Full Service School,Umlazi,POD-009,2025-10-14,Learner Laptop,PF50R2R7
258630.0,Umlazi,Umbumbulu,Folweni,Saphinda Full Service School,Umlazi,POD-009,2025-10-14,Learner Laptop,PF50ROFK
258630.0,Umlazi,Umbumbulu,Folweni,Saphinda Full Service School,Umlazi,POD-009,2025-10-14,Learner Laptop,PF50VQY5
258630.0,Umlazi,Umbumbulu,Folweni,Saphinda Full Service School,Umlazi,POD-009,2025-10-14,Learner Laptop,PF50VQXF
258630.0,Umlazi,Umbumbulu,Folweni,Saphinda Full Service School,Umlazi,POD-009,2025-10-14,Learner Laptop,PF50RRL3
258630.0,Umlazi,Umbumbulu,Folweni,Saphinda Full Service School,Umlazi,POD-009,2025-10-14,Learner Laptop,PF50SLIH
258630.0,Umlazi,Umbumbulu,Folweni,Saphinda Full Service School,Umlazi,POD-009,2025-10-14,Learner Laptop,PF50VTS1
258630.0,Umlazi,Umbumbulu,Folweni,Saphinda Full Service School,Umlazi,POD-009,2025-10-14,Learner Laptop,PF50VB8Z
258630.0,Umlazi,Umbumbulu,Folweni,Saphinda Full Service School,Umlazi,POD-009,2025-10-14,Learner Laptop,PF50VWCB
258630.0,Umlazi,Umbumbulu,Folweni,Saphinda Full Service School,Umlazi,POD-009,2025-10-14,Learner Laptop,PF50VDLM
258630.0,Umlazi,Umbumbulu,Folweni,Saphinda Full Service School,Umlazi,POD-009,2025-10-14,Learner Laptop,PF50VQYF
258630.0,Umlazi,Umbumbulu,Folweni,Saphinda Full Service School,Umlazi,POD-009,2025-10-14,Learner Laptop,PF50R2RP
258630.0,Umlazi,Umbumbulu,Folweni,Saphinda Full Service School,Umlazi,POD-009,2025-10-14,Learner Laptop,PF50VDKK
258630.0,Umlazi,Umbumbulu,Folweni,Saphinda Full Service School,Umlazi,POD-009,2025-10-14,Learner Laptop,PF50VWCO
258630.0,Umlazi,Umbumbulu,Folweni,Saphinda Full Service School,Umlazi,POD-009,2025-10-14,Learner Laptop,PF50VT3A
258630.0,Umlazi,Umbumbulu,Folweni,Saphinda Full Service School,Umlazi,POD-009,2025-10-14,Learner Laptop,PF50RBTV
258630.0,Umlazi,Umbumbulu,Folweni,Saphinda Full Service School,Umlazi,POD-009,2025-10-14,Learner Laptop,PF50V4CG
258630.0,Umlazi,Umbumbulu,Folweni,Saphinda Full Service School,Umlazi,POD-009,2025-10-14,Learner Laptop,PF50RRJR
258630.0,Umlazi,Umbumbulu,Folweni,Saphinda Full Service School,Umlazi,POD-009,2025-10-14,Learner Laptop,PF50QVWZ
258630.0,Umlazi,Umbumbulu,Folweni,Saphinda Full Service School,Umlazi,POD-009,2025-10-14,Learner Laptop,PFS0RBRW
258630.0,Umlazi,Umbumbulu,Folweni,Saphinda Full Service School,Umlazi,POD-009,2025-10-14,Learner Laptop,PFS0V25B
258630.0,Umlazi,Umbumbulu,Folweni,Saphinda Full Service School,Umlazi,POD-009,2025-10-14,Learner Laptop,PFS0R9GC
258630.0,Umlazi,Umbumbulu,Folweni,Saphinda Full Service School,Umlazi,POD-009,2025-10-14,Learner Laptop,PFS0VLDA
258630.0,Umlazi,Umbumbulu,Folweni,Saphinda Full Service School,Umlazi,POD-009,2025-10-14,Learner Laptop,PFS0V8X3
258630.0,Umlazi,Umbumbulu,Folweni,Saphinda Full Service School,Umlazi,POD-009,2025-10-14,Learner Laptop,PFS0VWDN
258630.0,Umlazi,Umbumbulu,Folweni,Saphinda Full Service School,Umlazi,POD-009,2025-10-14,Learner Laptop,PFS0VJIT
258630.0,Umlazi,Umbumbulu,Folweni,Saphinda Full Service School,Umlazi,POD-009,2025-10-14,Learner Laptop,PFS0R7B9
258630.0,Umlazi,Umbumbulu,Folweni,Saphinda Full Service School,Umlazi,POD-009,2025-10-14,Learner Laptop,PFS0V22R
258630.0,Umlazi,Umbumbulu,Folweni,Saphinda Full Service School,Umlazi,POD-009,2025-10-14,Learner Laptop,PFS0STDG
258630.0,Umlazi,Umbumbulu,Folweni,Saphinda Full Service School,Umlazi,POD-009,2025-10-14,Learner Laptop,PFS0VFTL
258630.0,Umlazi,Umbumbulu,Folweni,Saphinda Full Service School,Umlazi,POD-009,2025-10-14,Learner Laptop,PFS0R51K
258630.0,Umlazi,Umbumbulu,Folweni,Saphinda Full Service School,Umlazi,POD-009,2025-10-14,Learner Laptop,PF50VNN2
258630.0,Umlazi,Umbumbulu,Folweni,Saphinda Full Service School,Umlazi,POD-010,2024-10-10,Teacher Laptop,926169230600062
258630.0,Umlazi,Umbumbulu,Folweni,Saphinda Full Service School,Umlazi,POD-010,2024-10-10,Teacher Laptop,933248240100227
258630.0,Umlazi,Umbumbulu,Folweni,Saphinda Full Service School,Umlazi,POD-010,2024-10-10,Teacher Laptop,933248240100197
258630.0,Umlazi,Umbumbulu,Folweni,Saphinda Full Service School,Umlazi,POD-010,2024-10-10,Teacher Laptop,933248240100254
258630.0,Umlazi,Umbumbulu,Folweni,Saphinda Full Service School,Umlazi,POD-010,2024-10-10,Teacher Laptop,933248240100260
258630.0,Umlazi,Umbumbulu,Folweni,Saphinda Full Service School,Umlazi,POD-010,2024-10-10,Teacher Laptop,933248240100270
258630.0,Umlazi,Umbumbulu,Folweni,Saphinda Full Service School,Umlazi,POD-010,2024-10-10,Teacher Laptop,933248240100159
258630.0,Umlazi,Umbumbulu,Folweni,Saphinda Full Service School,Umlazi,POD-010,2024-10-10,Teacher Laptop,933248240100171
258630.0,Umlazi,Umbumbulu,Folweni,Saphinda Full Service School,Umlazi,POD-010,2024-10-10,Teacher Laptop,933248240100185
258630.0,Umlazi,Umbumbulu,Folweni,Saphinda Full Service School,Umlazi,POD-010,2024-10-10,Teacher Laptop,933248240100207
258630.0,Umlazi,Umbumbulu,Folweni,Saphinda Full Service School,Umlazi,POD-010,2024-10-10,Teacher Laptop,933248240100224
258630.0,Umlazi,Umbumbulu,Folweni,Saphinda Full Service School,Umlazi,POD-010,2024-10-10,Teacher Laptop,933248240100153
258630.0,Umlazi,Umbumbulu,Folweni,Saphinda Full Service School,Umlazi,POD-010,2024-10-10,Teacher Laptop,933248240100192
258630.0,Umlazi,Umbumbulu,Folweni,Saphinda Full Service School,Umlazi,POD-010,2024-10-10,Teacher Laptop,933248240100168
258630.0,Umlazi,Umbumbulu,Folweni,Saphinda Full Service School,Umlazi,POD-010,2024-10-10,Teacher Laptop,933248240100230
258630.0,Umlazi,Umbumbulu,Folweni,Saphinda Full Service School,Umlazi,POD-010,2024-10-10,Teacher Laptop,933248240100241
258630.0,Umlazi,Umbumbulu,Folweni,Saphinda Full Service School,Umlazi,POD-010,2024-10-10,Teacher Laptop,933248240100037
258630.0,Umlazi,Umbumbulu,Folweni,Saphinda Full Service School,Umlazi,POD-010,2024-10-10,Teacher Laptop,933248240100077
258630.0,Umlazi,Umbumbulu,Folweni,Saphinda Full Service School,Umlazi,POD-010,2024-10-10,Teacher Laptop,933248240100040
258630.0,Umlazi,Umbumbulu,Folweni,Saphinda Full Service School,Umlazi,POD-010,2024-10-10,Teacher Laptop,933248240100089
258630.0,Umlazi,Umbumbulu,Folweni,Saphinda Full Service School,Umlazi,POD-010,2024-10-10,Teacher Laptop,933248240100138
258630.0,Umlazi,Umbumbulu,Folweni,Saphinda Full Service School,Umlazi,POD-010,2024-10-10,Teacher Laptop,933248240100034
258630.0,Umlazi,Umbumbulu,Folweni,Saphinda Full Service School,Umlazi,POD-010,2024-10-10,Teacher Laptop,933248240100043
258630.0,Umlazi,Umbumbulu,Folweni,Saphinda Full Service School,Umlazi,POD-010,2024-10-10,Teacher Laptop,933248240100068
258630.0,Umlazi,Umbumbulu,Folweni,Saphinda Full Service School,Umlazi,POD-010,2024-10-10,Teacher Laptop,933248240100099
258630.0,Umlazi,Umbumbulu,Folweni,Saphinda Full Service School,Umlazi,POD-010,2024-10-10,Teacher Laptop,933248240100103
258630.0,Umlazi,Umbumbulu,Folweni,Saphinda Full Service School,Umlazi,POD-010,2024-10-10,Teacher Laptop,933248240100093
258630.0,Umlazi,Umbumbulu,Folweni,Saphinda Full Service School,Umlazi,POD-010,2024-10-10,Teacher Laptop,933248240100082
258630.0,Umlazi,Umbumbulu,Folweni,Saphinda Full Service School,Umlazi,POD-010,2024-10-10,Teacher Laptop,933248240100144
258630.0,Umlazi,Umbumbulu,Folweni,Saphinda Full Service School,Umlazi,POD-010,2024-10-10,Teacher Laptop,933248240100152
258630.0,Umlazi,Umbumbulu,Folweni,Saphinda Full Service School,Umlazi,POD-010,2024-10-10,Teacher Laptop,933248240100149
258630.0,Umlazi,Umbumbulu,Folweni,Saphinda Full Service School,Umlazi,POD-010,2024-10-10,Teacher Laptop,933248240100058
258630.0,Umlazi,Umbumbulu,Folweni,Saphinda Full Service School,Umlazi,POD-010,2024-10-10,Teacher Laptop,933248240100076
258630.0,Umlazi,Umbumbulu,Folweni,Saphinda Full Service School,Umlazi,POD-010,2024-10-10,Teacher Laptop,933248240100087
258630.0,Umlazi,Umbumbulu,Folweni,Saphinda Full Service School,Umlazi,POD-010,2024-10-10,Teacher Laptop,933248240100126
258630.0,Umlazi,Umbumbulu,Folweni,Saphinda Full Service School,Umlazi,POD-010,2024-10-10,Teacher Laptop,933248240100142
258630.0,Umlazi,Umbumbulu,Folweni,Saphinda Full Service School,Umlazi,POD-010,2024-10-10,Teacher Laptop,933248240100019
258630.0,Umlazi,Umbumbulu,Folweni,Saphinda Full Service School,Umlazi,POD-010,2024-10-10,Teacher Laptop,933248240100002
258630.0,Umlazi,Umbumbulu,Folweni,Saphinda Full Service School,Umlazi,POD-010,2024-10-10,Teacher Laptop,933248240100075
258630.0,Umlazi,Umbumbulu,Folweni,Saphinda Full Service School,Umlazi,POD-010,2024-10-10,Teacher Laptop,933248240100115
258630.0,Umlazi,Umbumbulu,Folweni,Saphinda Full Service School,Umlazi,POD-010,2024-10-10,Teacher Laptop,933248240100128
258630.0,Umlazi,Umbumbulu,Folweni,Saphinda Full Service School,Umlazi,POD-010,2024-10-10,Teacher Laptop,933248240100264
258630.0,Umlazi,Umbumbulu,Folweni,Saphinda Full Service School,Umlazi,POD-010,2024-10-10,Teacher Laptop,933248240100265
258630.0,Umlazi,Umbumbulu,Folweni,Saphinda Full Service School,Umlazi,POD-010,2024-10-10,Teacher Laptop,933248240100266
258630.0,Umlazi,Umbumbulu,Folweni,Saphinda Full Service School,Umlazi,POD-010,2024-10-10,Teacher Laptop,933248240100268
258630.0,Umlazi,Umbumbulu,Folweni,Saphinda Full Service School,Umlazi,POD-010,2024-10-10,Teacher Laptop,933248240100275
258630.0,Umlazi,Umbumbulu,Folweni,Saphinda Full Service School,Umlazi,POD-010,2024-10-10,Teacher Laptop,926169230600061
258630.0,Umlazi,Umbumbulu,Folweni,Saphinda Full Service School,Umlazi,POD-012,2025-01-14,Asustor,AS23081104TM0057FG
258630.0,Umlazi,Umbumbulu,Folweni,Saphinda Full Service School,Umlazi,POD-015,2024-10-10,Visualizer,V513-H8M2W002-06
258630.0,Umlazi,Umbumbulu,Folweni,Saphinda Full Service School,Umlazi,-,2025-01-14,Data Projector,MRJTU110044210047B5930
258630.0,Umlazi,Umbumbulu,Folweni,Saphinda Full Service School,Umlazi,-,2025-01-14,Data Projector,MRJTU110044210047A5930
258630.0,Umlazi,Umbumbulu,Folweni,Saphinda Full Service School,Umlazi,-,2025-01-14,Data Projector,MRJTU11004421005S25930
258630.0,Umlazi,Umbumbulu,Folweni,Saphinda Full Service School,Umlazi,-,2025-01-14,Data Projector,MRJTU11004421005F05930
258630.0,Umlazi,Umbumbulu,Folweni,Saphinda Full Service School,Umlazi,-,2025-01-14,Data Projector,MRJTU110044210057B5930
258630.0,Umlazi,Umbumbulu,Folweni,Saphinda Full Service School,Umlazi,-,2025-01-14,Data Projector,MRJTU11004421005I75930
258630.0,Umlazi,Umbumbulu,Folweni,Saphinda Full Service School,Umlazi,-,2025-01-14,Data Projector,MRJTU110044210049B5930
258630.0,Umlazi,Umbumbulu,Folweni,Saphinda Full Service School,Umlazi,-,2025-01-14,Data Projector,MRJTU11004421005915930
258630.0,Umlazi,Umbumbulu,Folweni,Saphinda Full Service School,Umlazi,-,2025-01-14,Data Projector,MRJRZ110042200BCA5910
258630.0,Umlazi,Umbumbulu,Folweni,Saphinda Full Service School,Umlazi,-,2025-01-14,Data Projector,MRJTU11004421005B55930
258630.0,Umlazi,Umbumbulu,Folweni,Saphinda Full Service School,Umlazi,-,2025-01-14,Data Projector,MRJTU11004421005315930
258630.0,Umlazi,Umbumbulu,Folweni,Saphinda Full Service School,Umlazi,-,2025-01-14,Data Projector,MRJTU11004421005BB5930
258630.0,Umlazi,Umbumbulu,Folweni,Saphinda Full Service School,Umlazi,-,2025-01-14,Data Projector,MRJTU11004421005E65930
258630.0,Umlazi,Umbumbulu,Folweni,Saphinda Full Service School,Umlazi,-,2025-01-14,Data Projector,MRJTU11004421005C95930
258630.0,Umlazi,Umbumbulu,Folweni,Saphinda Full Service School,Umlazi,-,2025-01-14,Data Projector,MRJTU110044210046C5930
258630.0,Umlazi,Umbumbulu,Folweni,Saphinda Full Service School,Umlazi,-,2025-01-14,Data Projector,MRJTU11004421004695930
258630.0,Umlazi,Umbumbulu,Folweni,Saphinda Full Service School,Umlazi,-,2025-01-14,Data Projector,MRJTU11004421004A05930
258630.0,Umlazi,Umbumbulu,Folweni,Saphinda Full Service School,Umlazi,-,2025-01-14,Data Projector,MRJTU11004421005E75930
258630.0,Umlazi,Umbumbulu,Folweni,Saphinda Full Service School,Umlazi,-,2025-01-14,Data Projector,MRJTU110044210046A5930
258630.0,Umlazi,Umbumbulu,Folweni,Saphinda Full Service School,Umlazi,-,2025-01-14,Data Projector,MRJTU11004421005EB5930
258630.0,Umlazi,Umbumbulu,Folweni,Saphinda Full Service School,Umlazi,-,2025-01-14,Data Projector,MRJTU110044210049D5930
258630.0,Umlazi,Umbumbulu,Folweni,Saphinda Full Service School,Umlazi,-,2025-01-14,Data Projector,MRJTU11004421005A05930
258630.0,Umlazi,Umbumbulu,Folweni,Saphinda Full Service School,Umlazi,-,2025-01-14,Data Projector,MRJTU11004421005F95930
258630.0,Umlazi,Umbumbulu,Folweni,Saphinda Full Service School,Umlazi,-,2025-01-14,Data Projector,MRJTU110044210046A5930
258630.0,Umlazi,Umbumbulu,Folweni,Saphinda Full Service School,Umlazi,-,2025-01-14,Data Projector,MRJTU11004421005B05930
258630.0,Umlazi,Umbumbulu,Folweni,Saphinda Full Service School,Umlazi,-,2024-09-27,Ultra Short Throw,X7J52Y0112L
286824.0,Ugu,Emzumbe,Dweshula,Umalusi Primary School, Ugu,POD-005,2025-06-03,Data Projector,MRJT011004421004C05930
286824.0,Ugu,Emzumbe,Dweshula,Umalusi Primary School, Ugu,POD-005,2025-06-03,Data Projector,MRJT011004421005F15930
286824.0,Ugu,Emzumbe,Dweshula,Umalusi Primary School, Ugu,POD-005,2025-06-03,Data Projector,MRJT011004421005S95930
286824.0,Ugu,Emzumbe,Dweshula,Umalusi Primary School, Ugu,POD-005,2025-06-03,Data Projector,MRJR71100N224008B45910
286824.0,Ugu,Emzumbe,Dweshula,Umalusi Primary School, Ugu,POD-005,2025-06-03,Data Projector,MRJR71100N224008AF5910
286824.0,Ugu,Emzumbe,Dweshula,Umalusi Primary School, Ugu,POD-005,2025-06-03,Data Projector,MRJT011004421006D05930
286824.0,Ugu,Emzumbe,Dweshula,Umalusi Primary School, Ugu,POD-005,2025-06-03,Data Projector,MRJT011004421005B35930
286824.0,Ugu,Emzumbe,Dweshula,Umalusi Primary School, Ugu,POD-005,2025-06-03,Data Projector,MRJR71100N224008B35910
286824.0,Ugu,Emzumbe,Dweshula,Umalusi Primary School, Ugu,POD-005,2025-06-03,Data Projector,MRJT011004421005DC5930
286824.0,Ugu,Emzumbe,Dweshula,Umalusi Primary School, Ugu,POD-005,2025-06-03,Data Projector,MRJT011004421005G15930
286824.0,Ugu,Emzumbe,Dweshula,Umalusi Primary School, Ugu,POD-005,2025-06-03,Data Projector,MRJT011004421004B95930
286824.0,Ugu,Emzumbe,Dweshula,Umalusi Primary School, Ugu,POD-005,2025-06-03,Data Projector,MRJT011004421005AAS930
286824.0,Ugu,Emzumbe,Dweshula,Umalusi Primary School, Ugu,POD-005,2025-06-03,Data Projector,MRJT011004421006015930
286824.0,Ugu,Emzumbe,Dweshula,Umalusi Primary School, Ugu,POD-005,2025-06-03,Data Projector,MRJR71100N224009C35910
286824.0,Ugu,Emzumbe,Dweshula,Umalusi Primary School, Ugu,POD-005,2025-06-03,Data Projector,MRJT011004421005C15930
286824.0,Ugu,Emzumbe,Dweshula,Umalusi Primary School, Ugu,POD-006,2026-06-08,Data Projector Bracket,
286824.0,Ugu,Emzumbe,Dweshula,Umalusi Primary School, Ugu,POD-006,2026-06-08,Data Projector Bracket,
286824.0,Ugu,Emzumbe,Dweshula,Umalusi Primary School, Ugu,POD-006,2026-06-08,Data Projector Bracket,
286824.0,Ugu,Emzumbe,Dweshula,Umalusi Primary School, Ugu,POD-006,2026-06-08,Data Projector Bracket,
286824.0,Ugu,Emzumbe,Dweshula,Umalusi Primary School, Ugu,POD-006,2026-06-08,Data Projector Bracket,
286824.0,Ugu,Emzumbe,Dweshula,Umalusi Primary School, Ugu,POD-006,2026-06-08,Data Projector Bracket,
286824.0,Ugu,Emzumbe,Dweshula,Umalusi Primary School, Ugu,POD-006,2026-06-08,Data Projector Bracket,
286824.0,Ugu,Emzumbe,Dweshula,Umalusi Primary School, Ugu,POD-006,2026-06-08,Data Projector Bracket,
286824.0,Ugu,Emzumbe,Dweshula,Umalusi Primary School, Ugu,POD-006,2026-06-08,Data Projector Bracket,
286824.0,Ugu,Emzumbe,Dweshula,Umalusi Primary School, Ugu,POD-006,2026-06-08,Data Projector Bracket,
286824.0,Ugu,Emzumbe,Dweshula,Umalusi Primary School, Ugu,POD-006,2026-06-08,Data Projector Bracket,
286824.0,Ugu,Emzumbe,Dweshula,Umalusi Primary School, Ugu,POD-006,2026-06-08,Data Projector Bracket,
286824.0,Ugu,Emzumbe,Dweshula,Umalusi Primary School, Ugu,POD-006,2026-06-08,Data Projector Bracket,
286824.0,Ugu,Emzumbe,Dweshula,Umalusi Primary School, Ugu,POD-006,2026-06-08,Data Projector Bracket,
286824.0,Ugu,Emzumbe,Dweshula,Umalusi Primary School, Ugu,POD-006,2026-06-08,Data Projector Bracket,
286824.0,Ugu,Emzumbe,Dweshula,Umalusi Primary School, Ugu,POD-008,2025-03-26,HDMI Cable,
286824.0,Ugu,Emzumbe,Dweshula,Umalusi Primary School, Ugu,POD-008,2025-03-26,HDMI Cable,
286824.0,Ugu,Emzumbe,Dweshula,Umalusi Primary School, Ugu,POD-008,2025-03-26,HDMI Cable,
286824.0,Ugu,Emzumbe,Dweshula,Umalusi Primary School, Ugu,POD-008,2025-03-26,HDMI Cable,
286824.0,Ugu,Emzumbe,Dweshula,Umalusi Primary School, Ugu,POD-008,2025-03-26,HDMI Cable,
286824.0,Ugu,Emzumbe,Dweshula,Umalusi Primary School, Ugu,POD-008,2025-03-26,HDMI Cable,
286824.0,Ugu,Emzumbe,Dweshula,Umalusi Primary School, Ugu,POD-008,2025-03-26,HDMI Cable,
286824.0,Ugu,Emzumbe,Dweshula,Umalusi Primary School, Ugu,POD-008,2025-03-26,HDMI Cable,
286824.0,Ugu,Emzumbe,Dweshula,Umalusi Primary School, Ugu,POD-008,2025-03-26,HDMI Cable,
286824.0,Ugu,Emzumbe,Dweshula,Umalusi Primary School, Ugu,POD-008,2025-03-26,HDMI Cable,
286824.0,Ugu,Emzumbe,Dweshula,Umalusi Primary School, Ugu,POD-008,2025-03-26,HDMI Cable,
286824.0,Ugu,Emzumbe,Dweshula,Umalusi Primary School, Ugu,POD-008,2025-03-26,HDMI Cable,
286824.0,Ugu,Emzumbe,Dweshula,Umalusi Primary School, Ugu,POD-008,2025-03-26,HDMI Cable,
286824.0,Ugu,Emzumbe,Dweshula,Umalusi Primary School, Ugu,POD-008,2025-03-26,HDMI Cable,
286824.0,Ugu,Emzumbe,Dweshula,Umalusi Primary School, Ugu,POD-008,2025-03-26,HDMI Cable,
286824.0,Ugu,Emzumbe,Dweshula,Umalusi Primary School, Ugu,POD-011,2025-08-21,Wifi Management Laptop,T3N0CV12F27812A
286824.0,Ugu,Emzumbe,Dweshula,Umalusi Primary School, Ugu,POD-012,2025-08-20,Asustor (NAS),AS240511021M0095FG
286824.0,Ugu,Emzumbe,Dweshula,Umalusi Primary School, Ugu,POD-012,2025-08-20,2TB Harddrive,WWD47EVV
286824.0,Ugu,Emzumbe,Dweshula,Umalusi Primary School, Ugu,-,2025-08-20,Fixed Whiteboard,
286824.0,Ugu,Emzumbe,Dweshula,Umalusi Primary School, Ugu,-,2025-08-20,Fixed Whiteboard,
286824.0,Ugu,Emzumbe,Dweshula,Umalusi Primary School, Ugu,-,2025-08-20,Fixed Whiteboard,
286898.0,Umlazi,Phumelela,Dukumbane, Umbelebele Secondary School, Umlazi,POD-001,2024-07-08,Fixed Whiteboard,
286898.0,Umlazi,Phumelela,Dukumbane, Umbelebele Secondary School, Umlazi,POD-001,2024-07-08,Fixed Whiteboard,
286898.0,Umlazi,Phumelela,Dukumbane, Umbelebele Secondary School, Umlazi,POD-001,2024-07-08,Fixed Whiteboard,
286898.0,Umlazi,Phumelela,Dukumbane, Umbelebele Secondary School, Umlazi,POD-001,2024-07-08,Fixed Whiteboard,
286898.0,Umlazi,Phumelela,Dukumbane, Umbelebele Secondary School, Umlazi,POD-001,2024-07-08,Fixed Whiteboard,
286898.0,Umlazi,Phumelela,Dukumbane, Umbelebele Secondary School, Umlazi,POD-001,2024-07-08,Fixed Whiteboard,
286898.0,Umlazi,Phumelela,Dukumbane, Umbelebele Secondary School, Umlazi,POD-001,2024-07-08,Fixed Whiteboard,
286898.0,Umlazi,Phumelela,Dukumbane, Umbelebele Secondary School, Umlazi,POD-001,2024-07-08,Fixed Whiteboard,
286898.0,Umlazi,Phumelela,Dukumbane, Umbelebele Secondary School, Umlazi,POD-001,2024-07-08,Fixed Whiteboard,
286898.0,Umlazi,Phumelela,Dukumbane, Umbelebele Secondary School, Umlazi,POD-001,2024-07-08,Fixed Whiteboard,
286898.0,Umlazi,Phumelela,Dukumbane, Umbelebele Secondary School, Umlazi,POD-001,2024-07-08,Fixed Whiteboard,
286898.0,Umlazi,Phumelela,Dukumbane, Umbelebele Secondary School, Umlazi,POD-001,2024-07-08,Fixed Whiteboard,
286898.0,Umlazi,Phumelela,Dukumbane, Umbelebele Secondary School, Umlazi,POD-001,2024-07-08,Fixed Whiteboard,
286898.0,Umlazi,Phumelela,Dukumbane, Umbelebele Secondary School, Umlazi,POD-001,2024-07-08,Fixed Whiteboard,
286898.0,Umlazi,Phumelela,Dukumbane, Umbelebele Secondary School, Umlazi,POD-001,2024-07-08,Fixed Whiteboard,
286898.0,Umlazi,Phumelela,Dukumbane, Umbelebele Secondary School, Umlazi,POD-001,2024-07-08,Fixed Whiteboard,
286898.0,Umlazi,Phumelela,Dukumbane, Umbelebele Secondary School, Umlazi,POD-001,2024-07-08,Fixed Whiteboard,
286898.0,Umlazi,Phumelela,Dukumbane, Umbelebele Secondary School, Umlazi,POD-001,2024-07-08,Fixed Whiteboard,
286898.0,Umlazi,Phumelela,Dukumbane, Umbelebele Secondary School, Umlazi,POD-001,2024-07-08,Fixed Whiteboard,
286898.0,Umlazi,Phumelela,Dukumbane, Umbelebele Secondary School, Umlazi,POD-001,2024-07-08,Fixed Whiteboard,
286898.0,Umlazi,Phumelela,Dukumbane, Umbelebele Secondary School, Umlazi,POD-002,2024-12-08,Interactive Screen,
286898.0,Umlazi,Phumelela,Dukumbane, Umbelebele Secondary School, Umlazi,POD-004,2024-12-08,Charging Trolley,
286898.0,Umlazi,Phumelela,Dukumbane, Umbelebele Secondary School, Umlazi,POD-005,2025-01-14,Data Projector,MRJTU11004421005325930
286898.0,Umlazi,Phumelela,Dukumbane, Umbelebele Secondary School, Umlazi,POD-005,2025-01-14,Data Projector,MRJTU11004421004815930
286898.0,Umlazi,Phumelela,Dukumbane, Umbelebele Secondary School, Umlazi,POD-005,2025-01-14,Data Projector,MRJTU11004421005CA5930
286898.0,Umlazi,Phumelela,Dukumbane, Umbelebele Secondary School, Umlazi,POD-005,2025-01-14,Data Projector,MRJTU11004421004885930
286898.0,Umlazi,Phumelela,Dukumbane, Umbelebele Secondary School, Umlazi,POD-005,2025-01-14,Data Projector,MRJTU11004421004835930
286898.0,Umlazi,Phumelela,Dukumbane, Umbelebele Secondary School, Umlazi,POD-005,2025-01-14,Data Projector,MRJTU11004421005875930
286898.0,Umlazi,Phumelela,Dukumbane, Umbelebele Secondary School, Umlazi,POD-005,2025-01-14,Data Projector,MRJTU11004421004665930
286898.0,Umlazi,Phumelela,Dukumbane, Umbelebele Secondary School, Umlazi,POD-005,2025-01-14,Data Projector,MRJTU11004421005875930
286898.0,Umlazi,Phumelela,Dukumbane, Umbelebele Secondary School, Umlazi,POD-005,2025-01-14,Data Projector,MRJTU1100442100475930
286898.0,Umlazi,Phumelela,Dukumbane, Umbelebele Secondary School, Umlazi,POD-005,2025-01-14,Data Projector,MRJTU11004421004965930
286898.0,Umlazi,Phumelela,Dukumbane, Umbelebele Secondary School, Umlazi,POD-005,2025-01-14,Data Projector,MRJTU11004421005875930
286898.0,Umlazi,Phumelela,Dukumbane, Umbelebele Secondary School, Umlazi,POD-005,2025-01-14,Data Projector,MRJTU11004421005875930
286898.0,Umlazi,Phumelela,Dukumbane, Umbelebele Secondary School, Umlazi,POD-005,2025-01-14,Data Projector,MRJTU11004421004785930
286898.0,Umlazi,Phumelela,Dukumbane, Umbelebele Secondary School, Umlazi,POD-005,2025-01-14,Data Projector,MRJTU11004421004865930
286898.0,Umlazi,Phumelela,Dukumbane, Umbelebele Secondary School, Umlazi,POD-005,2025-01-14,Data Projector,MRJTU11004421005825930
286898.0,Umlazi,Phumelela,Dukumbane, Umbelebele Secondary School, Umlazi,POD-005,2025-01-14,Data Projector,MRJTU110044210055F5930
286898.0,Umlazi,Phumelela,Dukumbane, Umbelebele Secondary School, Umlazi,POD-005,2025-01-14,Data Projector,MRJTU11004421005C65930
286898.0,Umlazi,Phumelela,Dukumbane, Umbelebele Secondary School, Umlazi,POD-005,2025-01-14,Data Projector,MRJTU11004421005815930
286898.0,Umlazi,Phumelela,Dukumbane, Umbelebele Secondary School, Umlazi,POD-005,2025-01-14,Data Projector,MRJTU11004421004855930
286898.0,Umlazi,Phumelela,Dukumbane, Umbelebele Secondary School, Umlazi,POD-006,2024-11-09,Data Projector Bracket (Parrot),
286898.0,Umlazi,Phumelela,Dukumbane, Umbelebele Secondary School, Umlazi,POD-006,2024-11-09,Data Projector Bracket (Parrot),
286898.0,Umlazi,Phumelela,Dukumbane, Umbelebele Secondary School, Umlazi,POD-006,2024-11-09,Data Projector Bracket (Parrot),
286898.0,Umlazi,Phumelela,Dukumbane, Umbelebele Secondary School, Umlazi,POD-006,2024-11-09,Data Projector Bracket (Parrot),
286898.0,Umlazi,Phumelela,Dukumbane, Umbelebele Secondary School, Umlazi,POD-006,2024-11-09,Data Projector Bracket (Parrot),
286898.0,Umlazi,Phumelela,Dukumbane, Umbelebele Secondary School, Umlazi,POD-006,2024-11-09,Data Projector Bracket (Parrot),
286898.0,Umlazi,Phumelela,Dukumbane, Umbelebele Secondary School, Umlazi,POD-006,2024-11-09,Data Projector Bracket (Parrot),
286898.0,Umlazi,Phumelela,Dukumbane, Umbelebele Secondary School, Umlazi,POD-006,2024-11-09,Data Projector Bracket (Parrot),
286898.0,Umlazi,Phumelela,Dukumbane, Umbelebele Secondary School, Umlazi,POD-006,2024-11-09,Data Projector Bracket (Parrot),
286898.0,Umlazi,Phumelela,Dukumbane, Umbelebele Secondary School, Umlazi,POD-006,2024-11-09,Data Projector Bracket (Parrot),
286898.0,Umlazi,Phumelela,Dukumbane, Umbelebele Secondary School, Umlazi,POD-006,2024-11-09,Data Projector Bracket (Parrot),
286898.0,Umlazi,Phumelela,Dukumbane, Umbelebele Secondary School, Umlazi,POD-006,2024-11-09,Data Projector Bracket (Parrot),
286898.0,Umlazi,Phumelela,Dukumbane, Umbelebele Secondary School, Umlazi,POD-006,2024-11-09,Data Projector Bracket (Parrot),
286898.0,Umlazi,Phumelela,Dukumbane, Umbelebele Secondary School, Umlazi,POD-006,2024-11-09,Data Projector Bracket (Parrot),
286898.0,Umlazi,Phumelela,Dukumbane, Umbelebele Secondary School, Umlazi,POD-006,2024-11-09,Data Projector Bracket (Ultra Link),
286898.0,Umlazi,Phumelela,Dukumbane, Umbelebele Secondary School, Umlazi,POD-006,2024-11-09,Data Projector Bracket (Ultra Link),
286898.0,Umlazi,Phumelela,Dukumbane, Umbelebele Secondary School, Umlazi,POD-006,2024-11-09,Data Projector Bracket (Ultra Link),
286898.0,Umlazi,Phumelela,Dukumbane, Umbelebele Secondary School, Umlazi,POD-006,2024-11-09,Data Projector Bracket (Ultra Link),
286898.0,Umlazi,Phumelela,Dukumbane, Umbelebele Secondary School, Umlazi,POD-006,2024-11-09,Data Projector Bracket (Ultra Link),
286898.0,Umlazi,Phumelela,Dukumbane, Umbelebele Secondary School, Umlazi,POD-006,2024-11-09,Data Projector Bracket (Ultra Link),
286898.0,Umlazi,Phumelela,Dukumbane, Umbelebele Secondary School, Umlazi,POD-006,2025-04-01,Data Projector Bracket (Ultra Link),
286898.0,Umlazi,Phumelela,Dukumbane, Umbelebele Secondary School, Umlazi,POD-006,2025-04-01,Data Projector Bracket (Ultra Link),
286898.0,Umlazi,Phumelela,Dukumbane, Umbelebele Secondary School, Umlazi,POD-006,2025-04-01,Data Projector Bracket (Ultra Link),
286898.0,Umlazi,Phumelela,Dukumbane, Umbelebele Secondary School, Umlazi,POD-006,2025-04-01,Data Projector Bracket (Ultra Link),
286898.0,Umlazi,Phumelela,Dukumbane, Umbelebele Secondary School, Umlazi,POD-006,2025-04-01,Data Projector Bracket (Ultra Link),
286898.0,Umlazi,Phumelela,Dukumbane, Umbelebele Secondary School, Umlazi,POD-006,2025-04-01,Data Projector Bracket (Ultra Link),
286898.0,Umlazi,Phumelela,Dukumbane, Umbelebele Secondary School, Umlazi,POD-006,2025-04-01,Data Projector Bracket (Ultra Link),
286898.0,Umlazi,Phumelela,Dukumbane, Umbelebele Secondary School, Umlazi,POD-006,2025-04-01,Data Projector Bracket (Ultra Link),
286898.0,Umlazi,Phumelela,Dukumbane, Umbelebele Secondary School, Umlazi,POD-006,2025-04-01,Data Projector Bracket (Ultra Link),
286898.0,Umlazi,Phumelela,Dukumbane, Umbelebele Secondary School, Umlazi,POD-006,2025-04-01,Data Projector Bracket (Ultra Link),
286898.0,Umlazi,Phumelela,Dukumbane, Umbelebele Secondary School, Umlazi,POD-006,2025-04-01,Data Projector Bracket (Ultra Link),
286898.0,Umlazi,Phumelela,Dukumbane, Umbelebele Secondary School, Umlazi,POD-006,2025-04-01,Data Projector Bracket (Ultra Link),
286898.0,Umlazi,Phumelela,Dukumbane, Umbelebele Secondary School, Umlazi,POD-006,2025-04-01,Data Projector Bracket (Ultra Link),
286898.0,Umlazi,Phumelela,Dukumbane, Umbelebele Secondary School, Umlazi,POD-006,2025-04-01,Data Projector Bracket (Ultra Link),
286898.0,Umlazi,Phumelela,Dukumbane, Umbelebele Secondary School, Umlazi,POD-006,2025-04-01,Data Projector Bracket (Ultra Link),
286898.0,Umlazi,Phumelela,Dukumbane, Umbelebele Secondary School, Umlazi,POD-006,2025-04-01,Data Projector Bracket (Ultra Link),
286898.0,Umlazi,Phumelela,Dukumbane, Umbelebele Secondary School, Umlazi,POD-006,2025-04-01,Data Projector Bracket (Ultra Link),
286898.0,Umlazi,Phumelela,Dukumbane, Umbelebele Secondary School, Umlazi,POD-006,2025-04-01,Data Projector Bracket (Ultra Link),
286898.0,Umlazi,Phumelela,Dukumbane, Umbelebele Secondary School, Umlazi,POD-006,2025-04-01,Data Projector Bracket (Ultra Link),
286898.0,Umlazi,Phumelela,Dukumbane, Umbelebele Secondary School, Umlazi,POD-007,2025-01-14,Ultra Short Throw,x2952300943
286898.0,Umlazi,Phumelela,Dukumbane, Umbelebele Secondary School, Umlazi,POD-010,2024-10-01,Teacher Laptop,926169230600065
286898.0,Umlazi,Phumelela,Dukumbane, Umbelebele Secondary School, Umlazi,POD-010,2024-10-01,Teacher Laptop,933248240100162
286898.0,Umlazi,Phumelela,Dukumbane, Umbelebele Secondary School, Umlazi,POD-010,2024-10-01,Teacher Laptop,933248240100246
286898.0,Umlazi,Phumelela,Dukumbane, Umbelebele Secondary School, Umlazi,POD-010,2024-10-01,Teacher Laptop,933248240100258
286898.0,Umlazi,Phumelela,Dukumbane, Umbelebele Secondary School, Umlazi,POD-010,2024-10-01,Teacher Laptop,933248240100259
286898.0,Umlazi,Phumelela,Dukumbane, Umbelebele Secondary School, Umlazi,POD-010,2024-10-01,Teacher Laptop,933248240100261
286898.0,Umlazi,Phumelela,Dukumbane, Umbelebele Secondary School, Umlazi,POD-010,2024-10-01,Teacher Laptop,933248240100194
286898.0,Umlazi,Phumelela,Dukumbane, Umbelebele Secondary School, Umlazi,POD-010,2024-10-01,Teacher Laptop,933248240100205
286898.0,Umlazi,Phumelela,Dukumbane, Umbelebele Secondary School, Umlazi,POD-010,2024-10-01,Teacher Laptop,933248240100220
286898.0,Umlazi,Phumelela,Dukumbane, Umbelebele Secondary School, Umlazi,POD-010,2024-10-01,Teacher Laptop,933248240100218
286898.0,Umlazi,Phumelela,Dukumbane, Umbelebele Secondary School, Umlazi,POD-010,2024-10-01,Teacher Laptop,933248240100238
286898.0,Umlazi,Phumelela,Dukumbane, Umbelebele Secondary School, Umlazi,POD-010,2024-10-01,Teacher Laptop,933248240100217
286898.0,Umlazi,Phumelela,Dukumbane, Umbelebele Secondary School, Umlazi,POD-010,2024-10-01,Teacher Laptop,933248240100263
286898.0,Umlazi,Phumelela,Dukumbane, Umbelebele Secondary School, Umlazi,POD-010,2024-10-01,Teacher Laptop,933248240100271
286898.0,Umlazi,Phumelela,Dukumbane, Umbelebele Secondary School, Umlazi,POD-010,2024-10-01,Teacher Laptop,933248240100272
286898.0,Umlazi,Phumelela,Dukumbane, Umbelebele Secondary School, Umlazi,POD-010,2024-10-01,Teacher Laptop,933248240100274
286898.0,Umlazi,Phumelela,Dukumbane, Umbelebele Secondary School, Umlazi,POD-010,2024-10-01,Teacher Laptop,933248240100091
286898.0,Umlazi,Phumelela,Dukumbane, Umbelebele Secondary School, Umlazi,POD-010,2024-10-01,Teacher Laptop,933248240100010
286898.0,Umlazi,Phumelela,Dukumbane, Umbelebele Secondary School, Umlazi,-,2025-01-16,Learner Laptop,933248240100094
286898.0,Umlazi,Phumelela,Dukumbane, Umbelebele Secondary School, Umlazi,-,2025-01-16,Learner Laptop,933248240100031
286898.0,Umlazi,Phumelela,Dukumbane, Umbelebele Secondary School, Umlazi,-,2025-01-16,Learner Laptop,933248240100100
286898.0,Umlazi,Phumelela,Dukumbane, Umbelebele Secondary School, Umlazi,-,2025-01-16,Learner Laptop,297267221000049
286898.0,Umlazi,Phumelela,Dukumbane, Umbelebele Secondary School, Umlazi,-,2025-01-16,Learner Laptop,297267221000050
286898.0,Umlazi,Phumelela,Dukumbane, Umbelebele Secondary School, Umlazi,-,2025-01-16,Learner Laptop,297267221000047
286898.0,Umlazi,Phumelela,Dukumbane, Umbelebele Secondary School, Umlazi,-,2025-01-16,Learner Laptop,297267221000048
286898.0,Umlazi,Phumelela,Dukumbane, Umbelebele Secondary School, Umlazi,-,2025-01-16,Learner Laptop,297267221000046
286898.0,Umlazi,Phumelela,Dukumbane, Umbelebele Secondary School, Umlazi,-,2025-01-16,Learner Laptop,933248240100062
286898.0,Umlazi,Phumelela,Dukumbane, Umbelebele Secondary School, Umlazi,-,2025-01-16,Learner Laptop,933248240100008
286898.0,Umlazi,Phumelela,Dukumbane, Umbelebele Secondary School, Umlazi,-,2025-01-16,Learner Laptop,933248240100006
286898.0,Umlazi,Phumelela,Dukumbane, Umbelebele Secondary School, Umlazi,-,2025-01-16,Learner Laptop,933248240100118
286898.0,Umlazi,Phumelela,Dukumbane, Umbelebele Secondary School, Umlazi,-,2025-01-16,Learner Laptop,933248240100114
286898.0,Umlazi,Phumelela,Dukumbane, Umbelebele Secondary School, Umlazi,-,2025-01-16,Learner Laptop,933248240100225
286898.0,Umlazi,Phumelela,Dukumbane, Umbelebele Secondary School, Umlazi,-,2025-01-16,Learner Laptop,933248240100177
286898.0,Umlazi,Phumelela,Dukumbane, Umbelebele Secondary School, Umlazi,-,2025-01-16,Learner Laptop,933248240100239
286898.0,Umlazi,Phumelela,Dukumbane, Umbelebele Secondary School, Umlazi,-,2025-01-16,Learner Laptop,933248240100166
286898.0,Umlazi,Phumelela,Dukumbane, Umbelebele Secondary School, Umlazi,-,2025-01-16,Learner Laptop,933248240100215
286898.0,Umlazi,Phumelela,Dukumbane, Umbelebele Secondary School, Umlazi,-,2025-01-16,Learner Laptop,933248240100095
286898.0,Umlazi,Phumelela,Dukumbane, Umbelebele Secondary School, Umlazi,-,2025-01-16,Learner Laptop,933248240100061
286898.0,Umlazi,Phumelela,Dukumbane, Umbelebele Secondary School, Umlazi,-,2025-01-16,Learner Laptop,933248240100120
286898.0,Umlazi,Phumelela,Dukumbane, Umbelebele Secondary School, Umlazi,-,2025-01-16,Learner Laptop,933248240100055
286898.0,Umlazi,Phumelela,Dukumbane, Umbelebele Secondary School, Umlazi,-,2025-01-16,Learner Laptop,933248240100134
286898.0,Umlazi,Phumelela,Dukumbane, Umbelebele Secondary School, Umlazi,-,2025-01-16,Learner Laptop,933248240100131
286898.0,Umlazi,Phumelela,Dukumbane, Umbelebele Secondary School, Umlazi,-,2025-01-16,Learner Laptop,933248240100133
286898.0,Umlazi,Phumelela,Dukumbane, Umbelebele Secondary School, Umlazi,-,2025-01-16,Learner Laptop,933248240100030
286898.0,Umlazi,Phumelela,Dukumbane, Umbelebele Secondary School, Umlazi,-,2025-01-16,Learner Laptop,933248240100148
286898.0,Umlazi,Phumelela,Dukumbane, Umbelebele Secondary School, Umlazi,-,2025-01-16,Learner Laptop,933248240100079
286898.0,Umlazi,Phumelela,Dukumbane, Umbelebele Secondary School, Umlazi,-,2025-01-16,Learner Laptop,933248240100174
286898.0,Umlazi,Phumelela,Dukumbane, Umbelebele Secondary School, Umlazi,-,2025-01-16,Learner Laptop,933248240100231
286898.0,Umlazi,Phumelela,Dukumbane, Umbelebele Secondary School, Umlazi,-,2025-01-16,Learner Laptop,933248240100167
286898.0,Umlazi,Phumelela,Dukumbane, Umbelebele Secondary School, Umlazi,-,2025-01-16,Learner Laptop,933248240100235
286898.0,Umlazi,Phumelela,Dukumbane, Umbelebele Secondary School, Umlazi,-,2025-01-16,Learner Laptop,933248240100201
286898.0,Umlazi,Phumelela,Dukumbane, Umbelebele Secondary School, Umlazi,-,2025-01-16,Learner Laptop,926169230600075
286898.0,Umlazi,Phumelela,Dukumbane, Umbelebele Secondary School, Umlazi,-,2025-01-16,Learner Laptop,926169230600072
286898.0,Umlazi,Phumelela,Dukumbane, Umbelebele Secondary School, Umlazi,-,2025-01-16,Learner Laptop,926169230600136
286898.0,Umlazi,Phumelela,Dukumbane, Umbelebele Secondary School, Umlazi,-,2025-01-16,Learner Laptop,926169230600074
286898.0,Umlazi,Phumelela,Dukumbane, Umbelebele Secondary School, Umlazi,-,2025-01-16,Learner Laptop,926169230600071
286898.0,Umlazi,Phumelela,Dukumbane, Umbelebele Secondary School, Umlazi,-,2025-01-16,Learner Laptop,933248240100072
286898.0,Umlazi,Phumelela,Dukumbane, Umbelebele Secondary School, Umlazi,-,2025-01-16,Learner Laptop,933248240100080
301772.0,Umlazi,Phumelela,Isipingo,Zwelethu Secondary School,Umlazi,POD-001,2024-07-08,Fixed Whiteboard,
301772.0,Umlazi,Phumelela,Isipingo,Zwelethu Secondary School,Umlazi,POD-001,2024-07-08,Fixed Whiteboard,
301772.0,Umlazi,Phumelela,Isipingo,Zwelethu Secondary School,Umlazi,POD-001,2024-07-08,Fixed Whiteboard,
301772.0,Umlazi,Phumelela,Isipingo,Zwelethu Secondary School,Umlazi,POD-001,2024-07-08,Fixed Whiteboard,
301772.0,Umlazi,Phumelela,Isipingo,Zwelethu Secondary School,Umlazi,POD-001,2024-07-08,Fixed Whiteboard,
301772.0,Umlazi,Phumelela,Isipingo,Zwelethu Secondary School,Umlazi,POD-001,2024-07-08,Fixed Whiteboard,
301772.0,Umlazi,Phumelela,Isipingo,Zwelethu Secondary School,Umlazi,POD-001,2024-07-08,Fixed Whiteboard,
301772.0,Umlazi,Phumelela,Isipingo,Zwelethu Secondary School,Umlazi,POD-001,2024-07-08,Fixed Whiteboard,
301772.0,Umlazi,Phumelela,Isipingo,Zwelethu Secondary School,Umlazi,POD-001,2024-07-08,Fixed Whiteboard,
301772.0,Umlazi,Phumelela,Isipingo,Zwelethu Secondary School,Umlazi,POD-001,2024-07-08,Fixed Whiteboard,
301772.0,Umlazi,Phumelela,Isipingo,Zwelethu Secondary School,Umlazi,POD-001,2024-07-08,Fixed Whiteboard,
301772.0,Umlazi,Phumelela,Isipingo,Zwelethu Secondary School,Umlazi,POD-001,2024-07-08,Fixed Whiteboard,
301772.0,Umlazi,Phumelela,Isipingo,Zwelethu Secondary School,Umlazi,POD-001,2024-07-08,Fixed Whiteboard,
301772.0,Umlazi,Phumelela,Isipingo,Zwelethu Secondary School,Umlazi,POD-001,2024-07-08,Fixed Whiteboard,
301772.0,Umlazi,Phumelela,Isipingo,Zwelethu Secondary School,Umlazi,POD-001,2024-07-08,Fixed Whiteboard,
301772.0,Umlazi,Phumelela,Isipingo,Zwelethu Secondary School,Umlazi,POD-001,2024-07-08,Fixed Whiteboard,
301772.0,Umlazi,Phumelela,Isipingo,Zwelethu Secondary School,Umlazi,POD-001,2024-07-08,Fixed Whiteboard,
301772.0,Umlazi,Phumelela,Isipingo,Zwelethu Secondary School,Umlazi,POD-001,2024-07-08,Fixed Whiteboard,
301772.0,Umlazi,Phumelela,Isipingo,Zwelethu Secondary School,Umlazi,POD-001,2024-07-08,Fixed Whiteboard,
301772.0,Umlazi,Phumelela,Isipingo,Zwelethu Secondary School,Umlazi,POD-001,2024-07-08,Fixed Whiteboard,
301772.0,Umlazi,Phumelela,Isipingo,Zwelethu Secondary School,Umlazi,POD-001,2024-07-08,Fixed Whiteboard,
301772.0,Umlazi,Phumelela,Isipingo,Zwelethu Secondary School,Umlazi,POD-001,2024-07-08,Fixed Whiteboard,
301772.0,Umlazi,Phumelela,Isipingo,Zwelethu Secondary School,Umlazi,POD-001,2024-07-08,Fixed Whiteboard,
301772.0,Umlazi,Phumelela,Isipingo,Zwelethu Secondary School,Umlazi,POD-001,2024-07-08,Fixed Whiteboard,
301772.0,Umlazi,Phumelela,Isipingo,Zwelethu Secondary School,Umlazi,POD-001,2024-07-08,Fixed Whiteboard,
301772.0,Umlazi,Phumelela,Isipingo,Zwelethu Secondary School,Umlazi,POD-001,2024-07-08,Fixed Whiteboard,
301772.0,Umlazi,Phumelela,Isipingo,Zwelethu Secondary School,Umlazi,POD-001,2024-07-08,Fixed Whiteboard,
301772.0,Umlazi,Phumelela,Isipingo,Zwelethu Secondary School,Umlazi,POD-001,2024-07-08,Fixed Whiteboard,
301772.0,Umlazi,Phumelela,Isipingo,Zwelethu Secondary School,Umlazi,POD-001,2024-07-08,Fixed Whiteboard,
301772.0,Umlazi,Phumelela,Isipingo,Zwelethu Secondary School,Umlazi,POD-002,2024-12-08,Interactive Screen,
301772.0,Umlazi,Phumelela,Isipingo,Zwelethu Secondary School,Umlazi,POD-003,2024-08-13,Whiteboard Markers (Box),
301772.0,Umlazi,Phumelela,Isipingo,Zwelethu Secondary School,Umlazi,POD-003,2024-08-13,Whiteboard Markers (Box),
301772.0,Umlazi,Phumelela,Isipingo,Zwelethu Secondary School,Umlazi,POD-003,2024-08-13,Whiteboard Markers (Box),
301772.0,Umlazi,Phumelela,Isipingo,Zwelethu Secondary School,Umlazi,POD-003,2024-08-13,Whiteboard Markers (Box),
301772.0,Umlazi,Phumelela,Isipingo,Zwelethu Secondary School,Umlazi,POD-003,2024-08-13,Whiteboard Markers (Box),
301772.0,Umlazi,Phumelela,Isipingo,Zwelethu Secondary School,Umlazi,POD-004,2024-12-08,Charging Trolley,
301772.0,Umlazi,Phumelela,Isipingo,Zwelethu Secondary School,Umlazi,POD-005,2024-09-26,Data Projector,mrjr71100n224008865910
301772.0,Umlazi,Phumelela,Isipingo,Zwelethu Secondary School,Umlazi,POD-005,2024-09-26,Data Projector,mrjr71100n224008a05910
301772.0,Umlazi,Phumelela,Isipingo,Zwelethu Secondary School,Umlazi,POD-005,2024-09-26,Data Projector,mrjr71100n224008d95910
301772.0,Umlazi,Phumelela,Isipingo,Zwelethu Secondary School,Umlazi,POD-005,2024-09-26,Data Projector,mrjr71100n224009925910
301772.0,Umlazi,Phumelela,Isipingo,Zwelethu Secondary School,Umlazi,POD-005,2024-09-26,Data Projector,mrjr71100n224008cb5910
301772.0,Umlazi,Phumelela,Isipingo,Zwelethu Secondary School,Umlazi,POD-005,2024-09-26,Data Projector,mrjr71100n224008bf5910
301772.0,Umlazi,Phumelela,Isipingo,Zwelethu Secondary School,Umlazi,POD-005,2024-09-26,Data Projector,mrjr71100n224008805910
301772.0,Umlazi,Phumelela,Isipingo,Zwelethu Secondary School,Umlazi,POD-005,2024-09-26,Data Projector,mrjr71100n2240089c5910
301772.0,Umlazi,Phumelela,Isipingo,Zwelethu Secondary School,Umlazi,POD-005,2024-09-26,Data Projector,mrjr71100n2240089f5910
301772.0,Umlazi,Phumelela,Isipingo,Zwelethu Secondary School,Umlazi,POD-005,2024-09-26,Data Projector,mrjr71100n2240099d5910
301772.0,Umlazi,Phumelela,Isipingo,Zwelethu Secondary School,Umlazi,POD-005,2024-09-26,Data Projector,mrjr71100n224009c45910
301772.0,Umlazi,Phumelela,Isipingo,Zwelethu Secondary School,Umlazi,POD-005,2024-09-26,Data Projector,mrjr71100n224008c95910
301772.0,Umlazi,Phumelela,Isipingo,Zwelethu Secondary School,Umlazi,POD-005,2024-09-26,Data Projector,mrjr71100n224008a15910
301772.0,Umlazi,Phumelela,Isipingo,Zwelethu Secondary School,Umlazi,POD-005,2024-09-26,Data Projector,mrjr71100n224008b85910
301772.0,Umlazi,Phumelela,Isipingo,Zwelethu Secondary School,Umlazi,POD-005,2024-09-26,Data Projector,mrjr71100n224008a85910
301772.0,Umlazi,Phumelela,Isipingo,Zwelethu Secondary School,Umlazi,POD-005,2024-09-26,Data Projector,mrjr71100n224009c05910
301772.0,Umlazi,Phumelela,Isipingo,Zwelethu Secondary School,Umlazi,POD-005,2024-09-26,Data Projector,mrjr71100n224009995910
301772.0,Umlazi,Phumelela,Isipingo,Zwelethu Secondary School,Umlazi,POD-005,2024-09-26,Data Projector,mrjr71100n224008985910
301772.0,Umlazi,Phumelela,Isipingo,Zwelethu Secondary School,Umlazi,POD-005,2024-09-26,Data Projector,mrjr71100n224008945910
301772.0,Umlazi,Phumelela,Isipingo,Zwelethu Secondary School,Umlazi,POD-005,2024-09-26,Data Projector,mrjr71100n224009945910
301772.0,Umlazi,Phumelela,Isipingo,Zwelethu Secondary School,Umlazi,POD-005,2024-09-26,Data Projector,mrjr71100n224008d05910
301772.0,Umlazi,Phumelela,Isipingo,Zwelethu Secondary School,Umlazi,POD-005,2024-09-26,Data Projector,mrjr71100n224008cc5910
301772.0,Umlazi,Phumelela,Isipingo,Zwelethu Secondary School,Umlazi,POD-005,2024-09-26,Data Projector,mrjr71100n224009965910
301772.0,Umlazi,Phumelela,Isipingo,Zwelethu Secondary School,Umlazi,POD-005,2024-09-26,Data Projector,mrjr71100n224008a35910
301772.0,Umlazi,Phumelela,Isipingo,Zwelethu Secondary School,Umlazi,POD-005,2024-09-26,Data Projector,mrjr71100n224009985910
301772.0,Umlazi,Phumelela,Isipingo,Zwelethu Secondary School,Umlazi,POD-005,2024-09-26,Data Projector,mrjr71100n224008bd5910
301772.0,Umlazi,Phumelela,Isipingo,Zwelethu Secondary School,Umlazi,POD-005,2024-09-26,Data Projector,mrjr71100n224009c75910
301772.0,Umlazi,Phumelela,Isipingo,Zwelethu Secondary School,Umlazi,POD-005,2024-09-26,Data Projector,mrjr71100n224008be5910
301772.0,Umlazi,Phumelela,Isipingo,Zwelethu Secondary School,Umlazi,POD-006,2024-10-09,Data Projector Bracket (Parrot),
301772.0,Umlazi,Phumelela,Isipingo,Zwelethu Secondary School,Umlazi,POD-006,2024-10-09,Data Projector Bracket (Parrot),
301772.0,Umlazi,Phumelela,Isipingo,Zwelethu Secondary School,Umlazi,POD-006,2024-10-09,Data Projector Bracket (Parrot),
301772.0,Umlazi,Phumelela,Isipingo,Zwelethu Secondary School,Umlazi,POD-006,2024-10-09,Data Projector Bracket (Parrot),
301772.0,Umlazi,Phumelela,Isipingo,Zwelethu Secondary School,Umlazi,POD-006,2024-10-09,Data Projector Bracket (Parrot),
301772.0,Umlazi,Phumelela,Isipingo,Zwelethu Secondary School,Umlazi,POD-006,2024-10-09,Data Projector Bracket (Parrot),
301772.0,Umlazi,Phumelela,Isipingo,Zwelethu Secondary School,Umlazi,POD-006,2024-10-09,Data Projector Bracket (Parrot),
301772.0,Umlazi,Phumelela,Isipingo,Zwelethu Secondary School,Umlazi,POD-006,2024-10-09,Data Projector Bracket (Parrot),
301772.0,Umlazi,Phumelela,Isipingo,Zwelethu Secondary School,Umlazi,POD-006,2024-10-09,Data Projector Bracket (Parrot),
301772.0,Umlazi,Phumelela,Isipingo,Zwelethu Secondary School,Umlazi,POD-006,2024-10-09,Data Projector Bracket (Parrot),
301772.0,Umlazi,Phumelela,Isipingo,Zwelethu Secondary School,Umlazi,POD-006,2024-10-09,Data Projector Bracket (Parrot),
301772.0,Umlazi,Phumelela,Isipingo,Zwelethu Secondary School,Umlazi,POD-006,2024-10-09,Data Projector Bracket (Parrot),
301772.0,Umlazi,Phumelela,Isipingo,Zwelethu Secondary School,Umlazi,POD-006,2024-10-09,Data Projector Bracket (Parrot),
301772.0,Umlazi,Phumelela,Isipingo,Zwelethu Secondary School,Umlazi,POD-006,2024-10-09,Data Projector Bracket (Parrot),
301772.0,Umlazi,Phumelela,Isipingo,Zwelethu Secondary School,Umlazi,POD-006,2024-10-09,Data Projector Bracket (Ultra Link),
301772.0,Umlazi,Phumelela,Isipingo,Zwelethu Secondary School,Umlazi,POD-006,2024-10-09,Data Projector Bracket (Ultra Link),
301772.0,Umlazi,Phumelela,Isipingo,Zwelethu Secondary School,Umlazi,POD-006,2024-10-09,Data Projector Bracket (Ultra Link),
301772.0,Umlazi,Phumelela,Isipingo,Zwelethu Secondary School,Umlazi,POD-006,2024-10-09,Data Projector Bracket (Ultra Link),
301772.0,Umlazi,Phumelela,Isipingo,Zwelethu Secondary School,Umlazi,POD-006,2024-10-09,Data Projector Bracket (Ultra Link),
301772.0,Umlazi,Phumelela,Isipingo,Zwelethu Secondary School,Umlazi,POD-006,2024-10-09,Data Projector Bracket (Ultra Link),
301772.0,Umlazi,Phumelela,Isipingo,Zwelethu Secondary School,Umlazi,POD-006,2024-10-09,Data Projector Bracket (Ultra Link),
301772.0,Umlazi,Phumelela,Isipingo,Zwelethu Secondary School,Umlazi,POD-006,2024-10-09,Data Projector Bracket (Ultra Link),
301772.0,Umlazi,Phumelela,Isipingo,Zwelethu Secondary School,Umlazi,POD-006,2024-10-09,Data Projector Bracket (Ultra Link),
301772.0,Umlazi,Phumelela,Isipingo,Zwelethu Secondary School,Umlazi,POD-006,2024-10-09,Data Projector Bracket (Ultra Link),
301772.0,Umlazi,Phumelela,Isipingo,Zwelethu Secondary School,Umlazi,POD-006,2024-10-09,Data Projector Bracket (Ultra Link),
301772.0,Umlazi,Phumelela,Isipingo,Zwelethu Secondary School,Umlazi,POD-006,2024-10-09,Data Projector Bracket (Ultra Link),
301772.0,Umlazi,Phumelela,Isipingo,Zwelethu Secondary School,Umlazi,POD-006,2024-10-09,Data Projector Bracket (Ultra Link),
301772.0,Umlazi,Phumelela,Isipingo,Zwelethu Secondary School,Umlazi,POD-006,2024-10-09,Data Projector Bracket (Ultra Link),
301772.0,Umlazi,Phumelela,Isipingo,Zwelethu Secondary School,Umlazi,POD-006,2024-10-09,Data Projector Bracket (Ultra Link),
301772.0,Umlazi,Phumelela,Isipingo,Zwelethu Secondary School,Umlazi,POD-006,2024-10-09,Data Projector Bracket (Ultra Link),
301772.0,Umlazi,Phumelela,Isipingo,Zwelethu Secondary School,Umlazi,POD-008,2024-09-26,HDMI Cable,
301772.0,Umlazi,Phumelela,Isipingo,Zwelethu Secondary School,Umlazi,POD-008,2024-09-26,HDMI Cable,
301772.0,Umlazi,Phumelela,Isipingo,Zwelethu Secondary School,Umlazi,POD-008,2024-09-26,HDMI Cable,
301772.0,Umlazi,Phumelela,Isipingo,Zwelethu Secondary School,Umlazi,POD-008,2024-09-26,HDMI Cable,
301772.0,Umlazi,Phumelela,Isipingo,Zwelethu Secondary School,Umlazi,POD-008,2024-09-26,HDMI Cable,
301772.0,Umlazi,Phumelela,Isipingo,Zwelethu Secondary School,Umlazi,POD-008,2024-09-26,HDMI Cable,
301772.0,Umlazi,Phumelela,Isipingo,Zwelethu Secondary School,Umlazi,POD-008,2024-09-26,HDMI Cable,
301772.0,Umlazi,Phumelela,Isipingo,Zwelethu Secondary School,Umlazi,POD-008,2024-09-26,HDMI Cable,
301772.0,Umlazi,Phumelela,Isipingo,Zwelethu Secondary School,Umlazi,POD-008,2024-09-26,HDMI Cable,
301772.0,Umlazi,Phumelela,Isipingo,Zwelethu Secondary School,Umlazi,POD-008,2024-09-26,HDMI Cable,
301772.0,Umlazi,Phumelela,Isipingo,Zwelethu Secondary School,Umlazi,POD-008,2024-09-26,HDMI Cable,
301772.0,Umlazi,Phumelela,Isipingo,Zwelethu Secondary School,Umlazi,POD-008,2024-09-26,HDMI Cable,
301772.0,Umlazi,Phumelela,Isipingo,Zwelethu Secondary School,Umlazi,POD-008,2024-09-26,HDMI Cable,
301772.0,Umlazi,Phumelela,Isipingo,Zwelethu Secondary School,Umlazi,POD-008,2024-09-26,HDMI Cable,
301772.0,Umlazi,Phumelela,Isipingo,Zwelethu Secondary School,Umlazi,POD-008,2024-09-26,HDMI Cable,
301772.0,Umlazi,Phumelela,Isipingo,Zwelethu Secondary School,Umlazi,POD-008,2024-09-26,HDMI Cable,
301772.0,Umlazi,Phumelela,Isipingo,Zwelethu Secondary School,Umlazi,POD-008,2024-09-26,HDMI Cable,
301772.0,Umlazi,Phumelela,Isipingo,Zwelethu Secondary School,Umlazi,POD-008,2024-09-26,HDMI Cable,
301772.0,Umlazi,Phumelela,Isipingo,Zwelethu Secondary School,Umlazi,POD-008,2024-09-26,HDMI Cable,
301772.0,Umlazi,Phumelela,Isipingo,Zwelethu Secondary School,Umlazi,POD-008,2024-09-26,HDMI Cable,
301772.0,Umlazi,Phumelela,Isipingo,Zwelethu Secondary School,Umlazi,POD-008,2024-09-26,HDMI Cable,
301772.0,Umlazi,Phumelela,Isipingo,Zwelethu Secondary School,Umlazi,POD-008,2024-09-26,HDMI Cable,
301772.0,Umlazi,Phumelela,Isipingo,Zwelethu Secondary School,Umlazi,POD-008,2024-09-26,HDMI Cable,
301772.0,Umlazi,Phumelela,Isipingo,Zwelethu Secondary School,Umlazi,POD-008,2024-09-26,HDMI Cable,
301772.0,Umlazi,Phumelela,Isipingo,Zwelethu Secondary School,Umlazi,POD-008,2024-09-26,HDMI Cable,
301772.0,Umlazi,Phumelela,Isipingo,Zwelethu Secondary School,Umlazi,POD-008,2024-09-26,HDMI Cable,
301772.0,Umlazi,Phumelela,Isipingo,Zwelethu Secondary School,Umlazi,POD-008,2024-09-26,HDMI Cable,
301772.0,Umlazi,Phumelela,Isipingo,Zwelethu Secondary School,Umlazi,POD-008,2024-09-26,HDMI Cable,
301772.0,Umlazi,Phumelela,Isipingo,Zwelethu Secondary School,Umlazi,POD-008,2024-09-26,HDMI Cable,
301772.0,Umlazi,Phumelela,Isipingo,Zwelethu Secondary School,Umlazi,POD-008,2024-09-26,HDMI Cable,
301772.0,Umlazi,Phumelela,Isipingo,Zwelethu Secondary School,Umlazi,POD-009,2024-03-10,Learner Laptop,933248240100290
301772.0,Umlazi,Phumelela,Isipingo,Zwelethu Secondary School,Umlazi,POD-009,2024-03-10,Learner Laptop,933248240100297
301772.0,Umlazi,Phumelela,Isipingo,Zwelethu Secondary School,Umlazi,POD-009,2024-03-10,Learner Laptop,933248240100297
301772.0,Umlazi,Phumelela,Isipingo,Zwelethu Secondary School,Umlazi,POD-009,2024-03-10,Learner Laptop,933248240100299
301772.0,Umlazi,Phumelela,Isipingo,Zwelethu Secondary School,Umlazi,POD-009,2024-03-10,Learner Laptop,933248240100011
301772.0,Umlazi,Phumelela,Isipingo,Zwelethu Secondary School,Umlazi,POD-009,2024-03-10,Learner Laptop,933248240100086
301772.0,Umlazi,Phumelela,Isipingo,Zwelethu Secondary School,Umlazi,POD-009,2024-03-10,Learner Laptop,933248240100116
301772.0,Umlazi,Phumelela,Isipingo,Zwelethu Secondary School,Umlazi,POD-009,2024-03-10,Learner Laptop,933248240100125
301772.0,Umlazi,Phumelela,Isipingo,Zwelethu Secondary School,Umlazi,POD-009,2024-03-10,Learner Laptop,933248240100141
301772.0,Umlazi,Phumelela,Isipingo,Zwelethu Secondary School,Umlazi,POD-009,2024-03-10,Learner Laptop,933248240100024
301772.0,Umlazi,Phumelela,Isipingo,Zwelethu Secondary School,Umlazi,POD-009,2024-03-10,Learner Laptop,933248240100102
301772.0,Umlazi,Phumelela,Isipingo,Zwelethu Secondary School,Umlazi,POD-009,2024-03-10,Learner Laptop,933248240100110
301772.0,Umlazi,Phumelela,Isipingo,Zwelethu Secondary School,Umlazi,POD-009,2024-03-10,Learner Laptop,933248240100121
301772.0,Umlazi,Phumelela,Isipingo,Zwelethu Secondary School,Umlazi,POD-009,2024-03-10,Learner Laptop,933248240100122
301772.0,Umlazi,Phumelela,Isipingo,Zwelethu Secondary School,Umlazi,POD-009,2024-03-10,Learner Laptop,933248240100107
301772.0,Umlazi,Phumelela,Isipingo,Zwelethu Secondary School,Umlazi,POD-009,2024-03-10,Learner Laptop,933248240100105
301772.0,Umlazi,Phumelela,Isipingo,Zwelethu Secondary School,Umlazi,POD-009,2024-03-10,Learner Laptop,933248240100101
301772.0,Umlazi,Phumelela,Isipingo,Zwelethu Secondary School,Umlazi,POD-009,2024-03-10,Learner Laptop,933248240100051
301772.0,Umlazi,Phumelela,Isipingo,Zwelethu Secondary School,Umlazi,POD-009,2024-03-10,Learner Laptop,933248240100017
301772.0,Umlazi,Phumelela,Isipingo,Zwelethu Secondary School,Umlazi,POD-009,2024-03-10,Learner Laptop,933248240100004
301772.0,Umlazi,Phumelela,Isipingo,Zwelethu Secondary School,Umlazi,POD-009,2024-03-10,Learner Laptop,933248240100012
301772.0,Umlazi,Phumelela,Isipingo,Zwelethu Secondary School,Umlazi,POD-009,2024-03-10,Learner Laptop,933248240100016
301772.0,Umlazi,Phumelela,Isipingo,Zwelethu Secondary School,Umlazi,POD-009,2024-03-10,Learner Laptop,933248240100026
301772.0,Umlazi,Phumelela,Isipingo,Zwelethu Secondary School,Umlazi,POD-009,2024-03-10,Learner Laptop,933248240100106
301772.0,Umlazi,Phumelela,Isipingo,Zwelethu Secondary School,Umlazi,POD-009,2024-03-10,Learner Laptop,933248240100009
301772.0,Umlazi,Phumelela,Isipingo,Zwelethu Secondary School,Umlazi,POD-009,2024-03-10,Learner Laptop,933248240100018
301772.0,Umlazi,Phumelela,Isipingo,Zwelethu Secondary School,Umlazi,POD-009,2024-03-10,Learner Laptop,933248240100038
301772.0,Umlazi,Phumelela,Isipingo,Zwelethu Secondary School,Umlazi,POD-009,2024-03-10,Learner Laptop,933248240100057
301772.0,Umlazi,Phumelela,Isipingo,Zwelethu Secondary School,Umlazi,POD-009,2024-03-10,Learner Laptop,933248240100066
301772.0,Umlazi,Phumelela,Isipingo,Zwelethu Secondary School,Umlazi,POD-009,2024-03-10,Learner Laptop,933248240100210
301772.0,Umlazi,Phumelela,Isipingo,Zwelethu Secondary School,Umlazi,POD-009,2024-03-10,Learner Laptop,933248240100279
301772.0,Umlazi,Phumelela,Isipingo,Zwelethu Secondary School,Umlazi,POD-009,2024-03-10,Learner Laptop,933248240100293
301772.0,Umlazi,Phumelela,Isipingo,Zwelethu Secondary School,Umlazi,POD-009,2024-03-10,Learner Laptop,933248240100296
301772.0,Umlazi,Phumelela,Isipingo,Zwelethu Secondary School,Umlazi,POD-009,2024-03-10,Learner Laptop,933248240100298
301772.0,Umlazi,Phumelela,Isipingo,Zwelethu Secondary School,Umlazi,POD-009,2024-03-10,Learner Laptop,933248240100204
301772.0,Umlazi,Phumelela,Isipingo,Zwelethu Secondary School,Umlazi,POD-009,2024-03-10,Learner Laptop,933248240100216
301772.0,Umlazi,Phumelela,Isipingo,Zwelethu Secondary School,Umlazi,POD-009,2024-03-10,Learner Laptop,933248240100221
301772.0,Umlazi,Phumelela,Isipingo,Zwelethu Secondary School,Umlazi,POD-009,2024-03-10,Learner Laptop,933248240100223
301772.0,Umlazi,Phumelela,Isipingo,Zwelethu Secondary School,Umlazi,POD-009,2024-03-10,Learner Laptop,933248240100242
301772.0,Umlazi,Phumelela,Isipingo,Zwelethu Secondary School,Umlazi,POD-009,2024-03-10,Learner Laptop,933248240100286
301772.0,Umlazi,Phumelela,Isipingo,Zwelethu Secondary School,Umlazi,POD-009,2024-03-10,Learner Laptop,933248240100288
301772.0,Umlazi,Phumelela,Isipingo,Zwelethu Secondary School,Umlazi,POD-010,2024-03-10,Teacher Laptop,933248240100123
301772.0,Umlazi,Phumelela,Isipingo,Zwelethu Secondary School,Umlazi,POD-010,2024-03-10,Teacher Laptop,933248240100130
301772.0,Umlazi,Phumelela,Isipingo,Zwelethu Secondary School,Umlazi,POD-010,2024-03-10,Teacher Laptop,933248240100139
301772.0,Umlazi,Phumelela,Isipingo,Zwelethu Secondary School,Umlazi,POD-010,2024-03-10,Teacher Laptop,933248240100123
301772.0,Umlazi,Phumelela,Isipingo,Zwelethu Secondary School,Umlazi,POD-010,2024-03-10,Teacher Laptop,933248240100130
301772.0,Umlazi,Phumelela,Isipingo,Zwelethu Secondary School,Umlazi,POD-011,2025-01-23,Wifi Management Laptop,926169230600117X
301772.0,Umlazi,Phumelela,Isipingo,Zwelethu Secondary School,Umlazi,POD-012,2025-01-03,Asustor,AS230811041M0238FG
301772.0,Umlazi,Phumelela,Isipingo,Zwelethu Secondary School,Umlazi,POD-013,2024-10-09,Visualizer,V513-H8M2W004-06
102083.0,Uthukela,Bergville,Emazizini,Amangwane High School,Uthukela,-,2022-08-03,Altra Short-thru Bracket,X8Y01367281
102083.0,Uthukela,Bergville,Emazizini,Amangwane High School,Uthukela,4,2022-09-22,Lenovo Teacher Laptop,SPF3F2CRO
102083.0,Uthukela,Bergville,Emazizini,Amangwane High School,Uthukela,4,2022-09-22,Lenovo Teacher Laptop,SPF3FAXK7
102083.0,Uthukela,Bergville,Emazizini,Amangwane High School,Uthukela,4,2022-09-22,Lenovo Teacher Laptop,SPF3E3SIF
102083.0,Uthukela,Bergville,Emazizini,Amangwane High School,Uthukela,4,2022-09-22,Lenovo Teacher Laptop,SPF3F2L3V
102083.0,Uthukela,Bergville,Emazizini,Amangwane High School,Uthukela,4,2022-09-22,Lenovo Teacher Laptop,SPF3GQO70
102083.0,Uthukela,Bergville,Emazizini,Amangwane High School,Uthukela,4,2022-09-22,Lenovo Teacher Laptop,SPF3EPXOC
102083.0,Uthukela,Bergville,Emazizini,Amangwane High School,Uthukela,4,2022-09-22,Lenovo Teacher Laptop,SPF3EPX0Y
102083.0,Uthukela,Bergville,Emazizini,Amangwane High School,Uthukela,4,2022-09-22,Lenovo Teacher Laptop,SPF3GOASN
102083.0,Uthukela,Bergville,Emazizini,Amangwane High School,Uthukela,4,2022-09-22,Lenovo Teacher Laptop,SPF3F2CRS
102083.0,Uthukela,Bergville,Emazizini,Amangwane High School,Uthukela,4,2022-09-22,Lenovo Teacher Laptop,SPF3F2SCR
102083.0,Uthukela,Bergville,Emazizini,Amangwane High School,Uthukela,-,2022-08-03,Epson Altra Short-thru,X8VX1401390
102083.0,Uthukela,Bergville,Emazizini,Amangwane High School,Uthukela,-,2022-08-03,HDMI Cable,
102083.0,Uthukela,Bergville,Emazizini,Amangwane High School,Uthukela,-,2022-10-12,Interactive Flat Panel Screen,
102083.0,Uthukela,Bergville,Emazizini,Amangwane High School,Uthukela,-,2024-09-27,Content Access Point,95XD1000088H04629654
102083.0,Uthukela,Bergville,Emazizini,Amangwane High School,Uthukela,-,2024-09-27,Epson Data Projector,X88U2500102
102083.0,Uthukela,Bergville,Emazizini,Amangwane High School,Uthukela,-,2024-09-27,Epson Data Projector,X89T2201494
102083.0,Uthukela,Bergville,Emazizini,Amangwane High School,Uthukela,-,2024-09-27,Epson Data Projector,X89T2201496
102083.0,Uthukela,Bergville,Emazizini,Amangwane High School,Uthukela,-,2024-09-27,Epson Data Projector,X89T2200415
102083.0,Uthukela,Bergville,Emazizini,Amangwane High School,Uthukela,-,2024-09-27,Epson Data Projector,X89T2300798
102083.0,Uthukela,Bergville,Emazizini,Amangwane High School,Uthukela,-,2024-09-27,Epson Data Projector,X89T2300790
102083.0,Uthukela,Bergville,Emazizini,Amangwane High School,Uthukela,3,-,Lenovo Learner Laptop,SPF3FANNT
102083.0,Uthukela,Bergville,Emazizini,Amangwane High School,Uthukela,3,-,Lenovo Learner Laptop,SPF3FP9VG
102083.0,Uthukela,Bergville,Emazizini,Amangwane High School,Uthukela,3,-,Lenovo Learner Laptop,SPF3ESDZ2
102083.0,Uthukela,Bergville,Emazizini,Amangwane High School,Uthukela,3,-,Lenovo Learner Laptop,SPF3EC98B
102083.0,Uthukela,Bergville,Emazizini,Amangwane High School,Uthukela,3,-,Lenovo Learner Laptop,SPF3DWCM4
102083.0,Uthukela,Bergville,Emazizini,Amangwane High School,Uthukela,-,2022-07-18,Laptop Charging Trolley,
102083.0,Uthukela,Bergville,Emazizini,Amangwane High School,Uthukela,-,2022-08-03,Projector Bracket,
102083.0,Uthukela,Bergville,Emazizini,Amangwane High School,Uthukela,-,2022-11-29,WiFi Management Laptop,NXADDEA002210199D43400
102083.0,Uthukela,Bergville,Emazizini,Amangwane High School,Uthukela,-,2022-07-18,Whiteboard,
324971.0,Amajuba,Newcastle,Phumelela,Charlestown High School,Amajuba,-,2022-09-22,Epson Data Projector,X88U2600532
324971.0,Amajuba,Newcastle,Phumelela,Charlestown High School,Amajuba,-,2022-09-22,Epson Data Projector,X88U2600357
324971.0,Amajuba,Newcastle,Phumelela,Charlestown High School,Amajuba,-,2022-09-22,Epson Data Projector,X88U2600626
324971.0,Amajuba,Newcastle,Phumelela,Charlestown High School,Amajuba,-,2022-09-22,Epson Data Projector,X88U2600166
324971.0,Amajuba,Newcastle,Phumelela,Charlestown High School,Amajuba,-,2022-09-22,Epson Data Projector,X88U2600589
324971.0,Amajuba,Newcastle,Phumelela,Charlestown High School,Amajuba,-,2022-09-22,Epson Data Projector,X88U2600635
324971.0,Amajuba,Newcastle,Phumelela,Charlestown High School,Amajuba,-,2022-09-22,Epson Data Projector,X88U2600636
324971.0,Amajuba,Newcastle,Phumelela,Charlestown High School,Amajuba,-,2022-09-22,Epson Data Projector,X88U2600386
324971.0,Amajuba,Newcastle,Phumelela,Charlestown High School,Amajuba,-,2022-09-22,Epson Data Projector,X88U2600521
324971.0,Amajuba,Newcastle,Phumelela,Charlestown High School,Amajuba,-,2022-09-22,Epson Data Projector,X88U2600709
324971.0,Amajuba,Newcastle,Phumelela,Charlestown High School,Amajuba,-,2024-09-27,Interactive Flat Panel Screen,
324971.0,Amajuba,Newcastle,Phumelela,Charlestown High School,Amajuba,10,2022-07-13,Laptop Charging Trolley,
324971.0,Amajuba,Newcastle,Phumelela,Charlestown High School,Amajuba,9,2022-09-08,Acer Learner Laptop,N2N0CV06Y255075
324971.0,Amajuba,Newcastle,Phumelela,Charlestown High School,Amajuba,9,2022-09-08,Acer Learner Laptop,N2N0CV06Y301071
324971.0,Amajuba,Newcastle,Phumelela,Charlestown High School,Amajuba,9,2022-09-08,Acer Learner Laptop,N1N0CV116649027
324971.0,Amajuba,Newcastle,Phumelela,Charlestown High School,Amajuba,9,2022-09-08,Acer Learner Laptop,N2N0CV01Y838068
324971.0,Amajuba,Newcastle,Phumelela,Charlestown High School,Amajuba,9,2022-09-08,Acer Learner Laptop,N1N0CV116612022
324971.0,Amajuba,Newcastle,Phumelela,Charlestown High School,Amajuba,9,2022-09-08,Acer Learner Laptop,N2N0CV01Y883061
324971.0,Amajuba,Newcastle,Phumelela,Charlestown High School,Amajuba,9,2022-09-08,Acer Learner Laptop,N2N0CV01Y92006F
324971.0,Amajuba,Newcastle,Phumelela,Charlestown High School,Amajuba,9,2022-09-08,Acer Learner Laptop,N2N0CV01Y905067
324971.0,Amajuba,Newcastle,Phumelela,Charlestown High School,Amajuba,9,2022-09-08,Acer Learner Laptop,N1N0CV116653022
324971.0,Amajuba,Newcastle,Phumelela,Charlestown High School,Amajuba,9,2022-09-08,Acer Learner Laptop,N1N0CV116651023
324971.0,Amajuba,Newcastle,Phumelela,Charlestown High School,Amajuba,9,2022-09-08,Acer Learner Laptop,N2N0CV01Y880068
324971.0,Amajuba,Newcastle,Phumelela,Charlestown High School,Amajuba,9,2022-09-08,Acer Learner Laptop,N2N0CV01Y892067
324971.0,Amajuba,Newcastle,Phumelela,Charlestown High School,Amajuba,9,2022-09-08,Acer Learner Laptop,N2N0CV01Y84706A
324971.0,Amajuba,Newcastle,Phumelela,Charlestown High School,Amajuba,9,2022-09-08,Acer Learner Laptop,N1N0CV11660202D
324971.0,Amajuba,Newcastle,Phumelela,Charlestown High School,Amajuba,9,2022-09-08,Acer Learner Laptop,N1N0CV116610023
324971.0,Amajuba,Newcastle,Phumelela,Charlestown High School,Amajuba,9,2022-09-08,Acer Learner Laptop,N2N0CV01Y85406E
324971.0,Amajuba,Newcastle,Phumelela,Charlestown High School,Amajuba,9,2022-09-08,Acer Learner Laptop,N2N0CV01Y91506C
324971.0,Amajuba,Newcastle,Phumelela,Charlestown High School,Amajuba,9,2022-09-08,Acer Learner Laptop,N2N0CV01Y846066
324971.0,Amajuba,Newcastle,Phumelela,Charlestown High School,Amajuba,9,2022-09-08,Acer Learner Laptop,N2N0CV01Y93106D
324971.0,Amajuba,Newcastle,Phumelela,Charlestown High School,Amajuba,9,2022-09-08,Acer Learner Laptop,N2N0CV01Y88506E
324971.0,Amajuba,Newcastle,Phumelela,Charlestown High School,Amajuba,9,2022-09-08,Acer Learner Laptop,N2N0CV01Y849068
324971.0,Amajuba,Newcastle,Phumelela,Charlestown High School,Amajuba,9,2022-09-08,Acer Learner Laptop,N2N0CV06Y32807A
324971.0,Amajuba,Newcastle,Phumelela,Charlestown High School,Amajuba,9,2022-09-08,Acer Learner Laptop,N1N0CV116655025
324971.0,Amajuba,Newcastle,Phumelela,Charlestown High School,Amajuba,9,2022-09-08,Acer Learner Laptop,N1N0CV116617028
324971.0,Amajuba,Newcastle,Phumelela,Charlestown High School,Amajuba,9,2022-09-08,Acer Learner Laptop,N2N0CV01Y925068
324971.0,Amajuba,Newcastle,Phumelela,Charlestown High School,Amajuba,9,2022-09-08,Acer Learner Laptop,N2N0CV01Y832066
324971.0,Amajuba,Newcastle,Phumelela,Charlestown High School,Amajuba,9,2022-09-08,Acer Learner Laptop,N2N0CV01Y845069
324971.0,Amajuba,Newcastle,Phumelela,Charlestown High School,Amajuba,9,2022-09-08,Acer Learner Laptop,N2N0CV01Y890069
324971.0,Amajuba,Newcastle,Phumelela,Charlestown High School,Amajuba,9,2022-09-08,Acer Learner Laptop,N2N0CV01Y926068
324971.0,Amajuba,Newcastle,Phumelela,Charlestown High School,Amajuba,9,2022-09-08,Acer Learner Laptop,N2N0CV01Y843068
324971.0,Amajuba,Newcastle,Phumelela,Charlestown High School,Amajuba,9,2022-09-08,Acer Learner Laptop,N2N0CV01Y853066
324971.0,Amajuba,Newcastle,Phumelela,Charlestown High School,Amajuba,9,2022-09-08,Acer Learner Laptop,N2N0CV01Y911066
324971.0,Amajuba,Newcastle,Phumelela,Charlestown High School,Amajuba,9,2022-09-08,Acer Learner Laptop,N2N0CV01Y871064
324971.0,Amajuba,Newcastle,Phumelela,Charlestown High School,Amajuba,9,2022-09-08,Acer Learner Laptop,N2N0CV01Y865067
324971.0,Amajuba,Newcastle,Phumelela,Charlestown High School,Amajuba,9,2022-09-08,Acer Learner Laptop,N2N0CV01Y907063
324971.0,Amajuba,Newcastle,Phumelela,Charlestown High School,Amajuba,9,2022-09-08,Acer Learner Laptop,N1N0CV116645026
324971.0,Amajuba,Newcastle,Phumelela,Charlestown High School,Amajuba,9,2022-09-08,Acer Learner Laptop,N2N0CV01Y888067
324971.0,Amajuba,Newcastle,Phumelela,Charlestown High School,Amajuba,9,2022-09-08,Acer Learner Laptop,90NB07Y1-M00070
324971.0,Amajuba,Newcastle,Phumelela,Charlestown High School,Amajuba,9,2022-09-08,Acer Learner Laptop,N2N0CV01Y90606D
324971.0,Amajuba,Newcastle,Phumelela,Charlestown High School,Amajuba,9,2022-09-08,Acer Learner Laptop,N1N0CV116629028
324971.0,Amajuba,Newcastle,Phumelela,Charlestown High School,Amajuba,-,2022-09-12,Ultra Short-throw Data Projector Bracket,V12HA06A06
324971.0,Amajuba,Newcastle,Phumelela,Charlestown High School,Amajuba,-,2022-09-22,Ultra Short-throw Data Projector,X8VX1401392
324971.0,Amajuba,Newcastle,Phumelela,Charlestown High School,Amajuba,-,2024-09-27,Acer Teacher Laptop,N2N0CV01Y876069
324971.0,Amajuba,Newcastle,Phumelela,Charlestown High School,Amajuba,-,2024-09-27,Acer Teacher Laptop,N2N0CV01Y90806F
324971.0,Amajuba,Newcastle,Phumelela,Charlestown High School,Amajuba,-,2024-09-27,Acer Teacher Laptop,N2N0CV01Y830067
324971.0,Amajuba,Newcastle,Phumelela,Charlestown High School,Amajuba,-,2024-09-27,Acer Teacher Laptop,N2N0CV01Y85206A
324971.0,Amajuba,Newcastle,Phumelela,Charlestown High School,Amajuba,-,2024-09-27,Acer Teacher Laptop,N2N0CV01Y834066
324971.0,Amajuba,Newcastle,Phumelela,Charlestown High School,Amajuba,-,2024-09-27,Acer Teacher Laptop,N2N0CV01Y84806A
324971.0,Amajuba,Newcastle,Phumelela,Charlestown High School,Amajuba,-,2024-09-27,Acer Teacher Laptop,N2N0CV01Y878067
324971.0,Amajuba,Newcastle,Phumelela,Charlestown High School,Amajuba,-,2024-09-27,Acer Teacher Laptop,N2N0CV01Y89706C
324971.0,Amajuba,Newcastle,Phumelela,Charlestown High School,Amajuba,-,2024-09-27,Acer Teacher Laptop,N1N0CV11666002B
324971.0,Amajuba,Newcastle,Phumelela,Charlestown High School,Amajuba,-,2024-09-27,Acer Teacher Laptop,N2N0CV01Y83106F
324971.0,Amajuba,Newcastle,Phumelela,Charlestown High School,Amajuba,-,2024-09-27,Acer Teacher Laptop,N2N0CV01Y851065
324971.0,Amajuba,Newcastle,Phumelela,Charlestown High School,Amajuba,-,2024-09-27,Acer Teacher Laptop,N2N0CV01Y83607H
324971.0,Amajuba,Newcastle,Phumelela,Charlestown High School,Amajuba,-,2024-09-27,Acer Teacher Laptop,N2N0CV01Y84406A
324971.0,Amajuba,Newcastle,Phumelela,Charlestown High School,Amajuba,-,2024-09-27,Acer Teacher Laptop,N2N0CV01Y835066
324971.0,Amajuba,Newcastle,Phumelela,Charlestown High School,Amajuba,-,2024-09-27,Acer Teacher Laptop,N2N0CV01Y82906F
324971.0,Amajuba,Newcastle,Phumelela,Charlestown High School,Amajuba,-,2024-09-27,Acer Teacher Laptop,N2N0CV01Y84206D
324971.0,Amajuba,Newcastle,Phumelela,Charlestown High School,Amajuba,-,2024-09-27,Acer Teacher Laptop,N2N0CV01Y877069
324971.0,Amajuba,Newcastle,Phumelela,Charlestown High School,Amajuba,-,2024-09-27,Acer Teacher Laptop,N2N0CV01Y891064
324971.0,Amajuba,Newcastle,Phumelela,Charlestown High School,Amajuba,-,2024-09-27,Acer Teacher Laptop,N2N0CV01Y910067
324971.0,Amajuba,Newcastle,Phumelela,Charlestown High School,Amajuba,-,2024-09-27,Acer Teacher Laptop,N2N0CV01Y868069
324971.0,Amajuba,Newcastle,Phumelela,Charlestown High School,Amajuba,-,2024-09-27,Acer Teacher Laptop,N2N0CV01Y861064
324971.0,Amajuba,Newcastle,Phumelela,Charlestown High School,Amajuba,-,2024-09-27,Acer Teacher Laptop,N2N0CV01Y839062
324971.0,Amajuba,Newcastle,Phumelela,Charlestown High School,Amajuba,-,2024-09-27,Acer Teacher Laptop,N2N0CV01Y873063
324971.0,Amajuba,Newcastle,Phumelela,Charlestown High School,Amajuba,-,2024-09-27,Acer Teacher Laptop,N2N0CV01Y84106F
324971.0,Amajuba,Newcastle,Phumelela,Charlestown High School,Amajuba,-,2024-09-27,Acer Teacher Laptop,N1N0CV116627024
324971.0,Amajuba,Newcastle,Phumelela,Charlestown High School,Amajuba,11,2022-09-28,Projection Whiteboards,
324971.0,Amajuba,Newcastle,Phumelela,Charlestown High School,Amajuba,11,2022-09-28,Pen Trays,
324971.0,Amajuba,Newcastle,Phumelela,Charlestown High School,Amajuba,11,2022-09-28,Whiteboard Markers,
324971.0,Amajuba,Newcastle,Phumelela,Charlestown High School,Amajuba,-,2022-01-28,WiFi Management Laptop,N2N0CV01Y86606B
324971.0,Amajuba,Newcastle,Phumelela,Charlestown High School,Amajuba,4,2022-09-22,Ultra Link Projector Bracket,
504421.0,Harry Gwala,Ixopo,Miskoffil,Emadungeni Secondary School,Harry Gwala,-,2022-10-11,Interactive Flat Panel Screen,
504421.0,Harry Gwala,Ixopo,Miskoffil,Emadungeni Secondary School,Harry Gwala,-,2022-03-20,Ultra Link Projector Bracket,
504421.0,Harry Gwala,Ixopo,Miskoffil,Emadungeni Secondary School,Harry Gwala,6,2022-09-13,Charging Trolley,
504421.0,Harry Gwala,Ixopo,Miskoffil,Emadungeni Secondary School,Harry Gwala,-,2022-09-28,Mecer Content Access Point,95XD1000091H04620649
504421.0,Harry Gwala,Ixopo,Miskoffil,Emadungeni Secondary School,Harry Gwala,-,2022-03-20,Epson Data Projector,X88UZ600046
504421.0,Harry Gwala,Ixopo,Miskoffil,Emadungeni Secondary School,Harry Gwala,-,2022-03-20,Epson Data Projector,X88UZ600367
504421.0,Harry Gwala,Ixopo,Miskoffil,Emadungeni Secondary School,Harry Gwala,-,2022-03-20,Epson Data Projector,X89TZ500957
504421.0,Harry Gwala,Ixopo,Miskoffil,Emadungeni Secondary School,Harry Gwala,-,2022-03-20,Epson Data Projector,X88UZ600370
504421.0,Harry Gwala,Ixopo,Miskoffil,Emadungeni Secondary School,Harry Gwala,-,2022-03-20,Epson Data Projector,X88UZ600369
504421.0,Harry Gwala,Ixopo,Miskoffil,Emadungeni Secondary School,Harry Gwala,-,2022-03-20,Epson Data Projector,X88UZ600642
504421.0,Harry Gwala,Ixopo,Miskoffil,Emadungeni Secondary School,Harry Gwala,-,2022-03-20,Epson Data Projector,X88UZ600005
504421.0,Harry Gwala,Ixopo,Miskoffil,Emadungeni Secondary School,Harry Gwala,-,2022-03-20,Epson Data Projector,X88UZ600518
504421.0,Harry Gwala,Ixopo,Miskoffil,Emadungeni Secondary School,Harry Gwala,-,2022-03-20,Epson Data Projector,X88UZ600582
504421.0,Harry Gwala,Ixopo,Miskoffil,Emadungeni Secondary School,Harry Gwala,-,2022-03-20,Epson Data Projector,X88UZ600430
504421.0,Harry Gwala,Ixopo,Miskoffil,Emadungeni Secondary School,Harry Gwala,-,2022-03-20,Epson Data Projector,X88UZ600623
504421.0,Harry Gwala,Ixopo,Miskoffil,Emadungeni Secondary School,Harry Gwala,-,2022-03-20,Epson Data Projector,X88UZ600710
504421.0,Harry Gwala,Ixopo,Miskoffil,Emadungeni Secondary School,Harry Gwala,-,2022-03-20,Epson Data Projector,X88UZ600427
504421.0,Harry Gwala,Ixopo,Miskoffil,Emadungeni Secondary School,Harry Gwala,-,2022-03-20,Epson Data Projector,X88UZ600632
504421.0,Harry Gwala,Ixopo,Miskoffil,Emadungeni Secondary School,Harry Gwala,-,2022-03-20,Epson Data Projector,X88UZ600388
504421.0,Harry Gwala,Ixopo,Miskoffil,Emadungeni Secondary School,Harry Gwala,-,2022-03-20,Epson Data Projector,X88UZ600098
504421.0,Harry Gwala,Ixopo,Miskoffil,Emadungeni Secondary School,Harry Gwala,-,2022-03-20,Epson Data Projector,X88UZ600355
504421.0,Harry Gwala,Ixopo,Miskoffil,Emadungeni Secondary School,Harry Gwala,-,2022-03-20,Epson Data Projector,X88UZ600553
504421.0,Harry Gwala,Ixopo,Miskoffil,Emadungeni Secondary School,Harry Gwala,-,2024-09-27,HDMI Cable,
504421.0,Harry Gwala,Ixopo,Miskoffil,Emadungeni Secondary School,Harry Gwala,-,2024-09-27,HDMI Cable,
504421.0,Harry Gwala,Ixopo,Miskoffil,Emadungeni Secondary School,Harry Gwala,-,2022-09-28,15 Acer Learner Laptop,NXADDEA002210193B63400
504421.0,Harry Gwala,Ixopo,Miskoffil,Emadungeni Secondary School,Harry Gwala,-,2022-09-28,15 Acer Learner Laptop,NXADDEA002210192893400
504421.0,Harry Gwala,Ixopo,Miskoffil,Emadungeni Secondary School,Harry Gwala,-,2022-09-28,15 Acer Learner Laptop,NXADDEA00221019AAE3400
504421.0,Harry Gwala,Ixopo,Miskoffil,Emadungeni Secondary School,Harry Gwala,-,2022-09-28,15 Acer Learner Laptop,NXADDEA002210193C13400
504421.0,Harry Gwala,Ixopo,Miskoffil,Emadungeni Secondary School,Harry Gwala,-,2022-09-28,15 Acer Learner Laptop,NXADDEA002210199553400
504421.0,Harry Gwala,Ixopo,Miskoffil,Emadungeni Secondary School,Harry Gwala,-,2022-09-28,15 Acer Learner Laptop,NXADDEA002210191B43400
504421.0,Harry Gwala,Ixopo,Miskoffil,Emadungeni Secondary School,Harry Gwala,-,2022-09-28,15 Acer Learner Laptop,NXADDEA002210190C863400
504421.0,Harry Gwala,Ixopo,Miskoffil,Emadungeni Secondary School,Harry Gwala,-,2022-09-28,15 Acer Learner Laptop,NXADDEA002210192B3400
504421.0,Harry Gwala,Ixopo,Miskoffil,Emadungeni Secondary School,Harry Gwala,-,2022-09-28,15 Acer Learner Laptop,NXADDEA002210190C643400
504421.0,Harry Gwala,Ixopo,Miskoffil,Emadungeni Secondary School,Harry Gwala,-,2022-09-28,15 Acer Learner Laptop,NXADDEA002210196383400
504421.0,Harry Gwala,Ixopo,Miskoffil,Emadungeni Secondary School,Harry Gwala,-,2022-09-28,15 Acer Learner Laptop,NXADDEA0022101991D3400
504421.0,Harry Gwala,Ixopo,Miskoffil,Emadungeni Secondary School,Harry Gwala,-,2022-09-28,15 Acer Learner Laptop,NXADDEA002210196373400
504421.0,Harry Gwala,Ixopo,Miskoffil,Emadungeni Secondary School,Harry Gwala,-,2022-09-28,15 Acer Learner Laptop,NXADDEA0022101961F3400
504421.0,Harry Gwala,Ixopo,Miskoffil,Emadungeni Secondary School,Harry Gwala,-,2022-09-28,15 Acer Learner Laptop,NXADDEA002210190CA73400
504421.0,Harry Gwala,Ixopo,Miskoffil,Emadungeni Secondary School,Harry Gwala,-,2022-09-28,15 Acer Learner Laptop,NXADDEA002210195F23400
504421.0,Harry Gwala,Ixopo,Miskoffil,Emadungeni Secondary School,Harry Gwala,-,2022-09-28,15 Acer Learner Laptop,NXADDEA0022101965C3400
504421.0,Harry Gwala,Ixopo,Miskoffil,Emadungeni Secondary School,Harry Gwala,-,2022-09-28,15 Acer Learner Laptop,NXADDEA002210190C873400
504421.0,Harry Gwala,Ixopo,Miskoffil,Emadungeni Secondary School,Harry Gwala,-,2022-09-28,15 Acer Learner Laptop,NXADDEA002210196393400
504421.0,Harry Gwala,Ixopo,Miskoffil,Emadungeni Secondary School,Harry Gwala,-,2022-09-28,15 Acer Learner Laptop,NXADDEA002210196513400
504421.0,Harry Gwala,Ixopo,Miskoffil,Emadungeni Secondary School,Harry Gwala,-,2022-09-28,15 Acer Learner Laptop,NXADDEA002210192843400
504421.0,Harry Gwala,Ixopo,Miskoffil,Emadungeni Secondary School,Harry Gwala,-,2022-09-28,15 Acer Learner Laptop,NXADDEA002210190E63400
504421.0,Harry Gwala,Ixopo,Miskoffil,Emadungeni Secondary School,Harry Gwala,-,2022-09-28,15 Acer Learner Laptop,NXADDEA002210199AC3400
504421.0,Harry Gwala,Ixopo,Miskoffil,Emadungeni Secondary School,Harry Gwala,-,2022-09-28,15 Acer Learner Laptop,NXADDEA0022101944E3400
504421.0,Harry Gwala,Ixopo,Miskoffil,Emadungeni Secondary School,Harry Gwala,-,2022-09-28,15 Acer Learner Laptop,NXADDEA002210197473400
504421.0,Harry Gwala,Ixopo,Miskoffil,Emadungeni Secondary School,Harry Gwala,-,2022-09-28,15 Acer Learner Laptop,NXADDEA002210197893400
504421.0,Harry Gwala,Ixopo,Miskoffil,Emadungeni Secondary School,Harry Gwala,-,2022-09-28,15 Acer Learner Laptop,NXADDEA002210198923400
504421.0,Harry Gwala,Ixopo,Miskoffil,Emadungeni Secondary School,Harry Gwala,-,2022-09-28,15 Acer Learner Laptop,NXADDEA002210190C13400
504421.0,Harry Gwala,Ixopo,Miskoffil,Emadungeni Secondary School,Harry Gwala,-,2022-09-28,15 Acer Learner Laptop,NXADDEA00221018593400
504421.0,Harry Gwala,Ixopo,Miskoffil,Emadungeni Secondary School,Harry Gwala,-,2022-09-28,15 Acer Learner Laptop,NXADDEA002210194EE3400
504421.0,Harry Gwala,Ixopo,Miskoffil,Emadungeni Secondary School,Harry Gwala,-,2022-09-28,15 Acer Learner Laptop,NXADDEA002210197753400
504421.0,Harry Gwala,Ixopo,Miskoffil,Emadungeni Secondary School,Harry Gwala,-,2022-09-28,15 Acer Learner Laptop,NXADDEA002210196443400
504421.0,Harry Gwala,Ixopo,Miskoffil,Emadungeni Secondary School,Harry Gwala,-,2022-09-28,15 Acer Learner Laptop,NXADDEA0022101963E3400
504421.0,Harry Gwala,Ixopo,Miskoffil,Emadungeni Secondary School,Harry Gwala,-,2022-09-28,15 Acer Learner Laptop,NXADDEA002210190E03400
504421.0,Harry Gwala,Ixopo,Miskoffil,Emadungeni Secondary School,Harry Gwala,-,2022-09-28,15 Acer Learner Laptop,NXADDEA00221019CB43400
504421.0,Harry Gwala,Ixopo,Miskoffil,Emadungeni Secondary School,Harry Gwala,-,2022-09-28,15 Acer Learner Laptop,NXADDEA002210197503400
504421.0,Harry Gwala,Ixopo,Miskoffil,Emadungeni Secondary School,Harry Gwala,-,2022-09-28,15 Acer Learner Laptop,NXADDEA002210196483400
504421.0,Harry Gwala,Ixopo,Miskoffil,Emadungeni Secondary School,Harry Gwala,-,2022-09-28,15 Acer Learner Laptop,NXADDEA002210198E13400
504421.0,Harry Gwala,Ixopo,Miskoffil,Emadungeni Secondary School,Harry Gwala,-,2022-09-28,15 Acer Learner Laptop,NXADDEA002210195C73400
504421.0,Harry Gwala,Ixopo,Miskoffil,Emadungeni Secondary School,Harry Gwala,-,2022-09-28,15 Acer Learner Laptop,NXADDEA002210190533400
504421.0,Harry Gwala,Ixopo,Miskoffil,Emadungeni Secondary School,Harry Gwala,-,2022-09-28,15 Acer Learner Laptop,NXADDEA002210197543400
504421.0,Harry Gwala,Ixopo,Miskoffil,Emadungeni Secondary School,Harry Gwala,-,2022-09-28,15 Acer Teacher Laptop,NXADDEA002210191243400
504421.0,Harry Gwala,Ixopo,Miskoffil,Emadungeni Secondary School,Harry Gwala,-,2022-09-28,15 Acer Teacher Laptop,NXADDEA002210197663400
504421.0,Harry Gwala,Ixopo,Miskoffil,Emadungeni Secondary School,Harry Gwala,-,2022-09-28,15 Acer Teacher Laptop,NXADDEA002210196433400
504421.0,Harry Gwala,Ixopo,Miskoffil,Emadungeni Secondary School,Harry Gwala,-,2022-09-28,15 Acer Teacher Laptop,NXADDEA002210195043400
504421.0,Harry Gwala,Ixopo,Miskoffil,Emadungeni Secondary School,Harry Gwala,-,2022-09-28,15 Acer Teacher Laptop,NXADDEA002210196763400
504421.0,Harry Gwala,Ixopo,Miskoffil,Emadungeni Secondary School,Harry Gwala,-,2022-09-28,15 Acer Teacher Laptop,NXADDEA002210197623400
504421.0,Harry Gwala,Ixopo,Miskoffil,Emadungeni Secondary School,Harry Gwala,-,2022-09-20,Ultra Short Throw,X8VXI402059
504421.0,Harry Gwala,Ixopo,Miskoffil,Emadungeni Secondary School,Harry Gwala,-,2022-08-20,Ultra Short Throw Setting Plate,V12HA06A06
504421.0,Harry Gwala,Ixopo,Miskoffil,Emadungeni Secondary School,Harry Gwala,5,2022-09-28,WiFi Management Laptop,NXADDEA002210196183400
504421.0,Harry Gwala,Ixopo,Miskoffil,Emadungeni Secondary School,Harry Gwala,-,2024-09-27,Whiteboard,
141858.0,Uthukela,Estcourt,Wembezi,Estcourt Secondary School, Uthukela,-,2022-10-06,Interactive Flat Smart Screen,
141858.0,Uthukela,Estcourt,Wembezi,Estcourt Secondary School, Uthukela,-,2022-08-19,Whiteboard Markers,
141858.0,Uthukela,Estcourt,Wembezi,Estcourt Secondary School, Uthukela,-,2022-09-10,Data Projector Brackets,
141858.0,Uthukela,Estcourt,Wembezi,Estcourt Secondary School, Uthukela,5,2022-09-11,Data Projector,X88U260631
141858.0,Uthukela,Estcourt,Wembezi,Estcourt Secondary School, Uthukela,5,2022-09-11,Data Projector,X88U2600102
141858.0,Uthukela,Estcourt,Wembezi,Estcourt Secondary School, Uthukela,5,2022-09-11,Data Projector,X88U2600483
141858.0,Uthukela,Estcourt,Wembezi,Estcourt Secondary School, Uthukela,5,2022-09-11,Data Projector,X88U2600603
141858.0,Uthukela,Estcourt,Wembezi,Estcourt Secondary School, Uthukela,5,2022-09-11,Data Projector,X88U2600644
141858.0,Uthukela,Estcourt,Wembezi,Estcourt Secondary School, Uthukela,5,2022-09-11,Data Projector,X88U2600431
141858.0,Uthukela,Estcourt,Wembezi,Estcourt Secondary School, Uthukela,5,2022-09-11,Data Projector,X88U2600048
141858.0,Uthukela,Estcourt,Wembezi,Estcourt Secondary School, Uthukela,5,2022-09-11,Data Projector,X88U2600583
141858.0,Uthukela,Estcourt,Wembezi,Estcourt Secondary School, Uthukela,5,2022-09-11,Data Projector,X88U2600014
141858.0,Uthukela,Estcourt,Wembezi,Estcourt Secondary School, Uthukela,5,2022-09-11,Data Projector,X88U2600643
141858.0,Uthukela,Estcourt,Wembezi,Estcourt Secondary School, Uthukela,5,2022-09-11,Data Projector,X88U2600669
141858.0,Uthukela,Estcourt,Wembezi,Estcourt Secondary School, Uthukela,5,2022-09-11,Data Projector,X88U2600590
141858.0,Uthukela,Estcourt,Wembezi,Estcourt Secondary School, Uthukela,5,2022-09-11,Data Projector,X88U2600604
141858.0,Uthukela,Estcourt,Wembezi,Estcourt Secondary School, Uthukela,5,2022-09-11,Data Projector,X88U2600598
141858.0,Uthukela,Estcourt,Wembezi,Estcourt Secondary School, Uthukela,5,2022-09-11,Data Projector,X88U2600018
141858.0,Uthukela,Estcourt,Wembezi,Estcourt Secondary School, Uthukela,5,2022-09-11,Data Projector,X88U2600595
141858.0,Uthukela,Estcourt,Wembezi,Estcourt Secondary School, Uthukela,5,2022-09-11,Data Projector,X88U2600010
141858.0,Uthukela,Estcourt,Wembezi,Estcourt Secondary School, Uthukela,5,2022-09-11,Data Projector,X88U2600016
141858.0,Uthukela,Estcourt,Wembezi,Estcourt Secondary School, Uthukela,5,2022-09-11,Data Projector,X88U2600103
141858.0,Uthukela,Estcourt,Wembezi,Estcourt Secondary School, Uthukela,5,2022-09-11,Data Projector,X88U2600017
141858.0,Uthukela,Estcourt,Wembezi,Estcourt Secondary School, Uthukela,5,2022-09-11,Data Projector,X88U2600011
141858.0,Uthukela,Estcourt,Wembezi,Estcourt Secondary School, Uthukela,5,2022-09-11,Data Projector,X88U2600009
141858.0,Uthukela,Estcourt,Wembezi,Estcourt Secondary School, Uthukela,5,2022-09-11,Data Projector,X88U2600044
141858.0,Uthukela,Estcourt,Wembezi,Estcourt Secondary School, Uthukela,-,2022-09-10,Lenovo Learner Laptop,1582NB003LSAPF3ES5W3
141858.0,Uthukela,Estcourt,Wembezi,Estcourt Secondary School, Uthukela,-,2022-09-10,Lenovo Learner Laptop,1582NB003LSAPF3FNDDM
141858.0,Uthukela,Estcourt,Wembezi,Estcourt Secondary School, Uthukela,-,2022-09-10,Lenovo Learner Laptop,1582NB003LSAPF3FPFXS
141858.0,Uthukela,Estcourt,Wembezi,Estcourt Secondary School, Uthukela,-,2022-09-10,Lenovo Learner Laptop,1582NB003LSAPF3DXVWC
141858.0,Uthukela,Estcourt,Wembezi,Estcourt Secondary School, Uthukela,-,2022-09-10,Lenovo Learner Laptop,1582NB003LSAPF3E5209
141858.0,Uthukela,Estcourt,Wembezi,Estcourt Secondary School, Uthukela,-,2022-09-10,Lenovo Learner Laptop,1582NB003LSAPF3FAZFH
141858.0,Uthukela,Estcourt,Wembezi,Estcourt Secondary School, Uthukela,-,2022-09-10,Lenovo Learner Laptop,1582NB003LSAPF3ES4M2
141858.0,Uthukela,Estcourt,Wembezi,Estcourt Secondary School, Uthukela,-,2022-09-10,Lenovo Learner Laptop,1582NB003LSAPF3ES3JA
141858.0,Uthukela,Estcourt,Wembezi,Estcourt Secondary School, Uthukela,-,2022-09-10,Lenovo Learner Laptop,1582NB003LSAPF3FPAZM
141858.0,Uthukela,Estcourt,Wembezi,Estcourt Secondary School, Uthukela,-,2022-09-10,Lenovo Learner Laptop,1582NB003LSAPF3G0ZEY
141858.0,Uthukela,Estcourt,Wembezi,Estcourt Secondary School, Uthukela,-,2022-09-10,Lenovo Learner Laptop,1582NB003LSAPF3EP9E2
141858.0,Uthukela,Estcourt,Wembezi,Estcourt Secondary School, Uthukela,-,2022-09-10,Lenovo Learner Laptop,1582NB003LSAPF3EP17Q
141858.0,Uthukela,Estcourt,Wembezi,Estcourt Secondary School, Uthukela,-,2022-09-10,Lenovo Learner Laptop,1582NB003LSAPF3FZWAB
141858.0,Uthukela,Estcourt,Wembezi,Estcourt Secondary School, Uthukela,-,2022-09-10,Lenovo Learner Laptop,1582NB003LSAPF3G01GR
141858.0,Uthukela,Estcourt,Wembezi,Estcourt Secondary School, Uthukela,-,2022-09-10,Lenovo Learner Laptop,1582NB003LSAPF3EP51G
141858.0,Uthukela,Estcourt,Wembezi,Estcourt Secondary School, Uthukela,-,2022-09-10,Lenovo Learner Laptop,1582NB003LSAPF3FAZD5
141858.0,Uthukela,Estcourt,Wembezi,Estcourt Secondary School, Uthukela,-,2022-09-10,Lenovo Learner Laptop,1582NB003LSAPF3F3A65
141858.0,Uthukela,Estcourt,Wembezi,Estcourt Secondary School, Uthukela,-,2022-09-10,Lenovo Learner Laptop,1582NB003LSAPF3ESHVM
141858.0,Uthukela,Estcourt,Wembezi,Estcourt Secondary School, Uthukela,-,2022-09-10,Lenovo Learner Laptop,1582NB003LSAPF3DWE67
141858.0,Uthukela,Estcourt,Wembezi,Estcourt Secondary School, Uthukela,-,2022-09-10,Lenovo Learner Laptop,1582NB003LSAPF3ESVV8
141858.0,Uthukela,Estcourt,Wembezi,Estcourt Secondary School, Uthukela,-,2022-09-10,Lenovo Learner Laptop,1582NB003LSAPF3EP19H
141858.0,Uthukela,Estcourt,Wembezi,Estcourt Secondary School, Uthukela,-,2022-09-10,Lenovo Learner Laptop,1582NB003LSAPF3ES3K9
141858.0,Uthukela,Estcourt,Wembezi,Estcourt Secondary School, Uthukela,-,2022-09-10,Lenovo Learner Laptop,1582NB003LSAPF3G03J4
141858.0,Uthukela,Estcourt,Wembezi,Estcourt Secondary School, Uthukela,-,2022-09-10,Lenovo Learner Laptop,1582NB003LSAPF3ESNKS
141858.0,Uthukela,Estcourt,Wembezi,Estcourt Secondary School, Uthukela,-,2022-09-10,Lenovo Learner Laptop,1582NB003LSAPF3EPDSD
141858.0,Uthukela,Estcourt,Wembezi,Estcourt Secondary School, Uthukela,-,2022-09-10,Lenovo Learner Laptop,1582NB003LSAPF3G07W2
141858.0,Uthukela,Estcourt,Wembezi,Estcourt Secondary School, Uthukela,-,2022-09-10,Lenovo Learner Laptop,1582NB003LSAPF3ESK31
141858.0,Uthukela,Estcourt,Wembezi,Estcourt Secondary School, Uthukela,-,2022-09-10,Lenovo Learner Laptop,1582NB003LSAPF3FPZK
141858.0,Uthukela,Estcourt,Wembezi,Estcourt Secondary School, Uthukela,-,2022-09-10,Lenovo Learner Laptop,1582NB003LSAPF3FPVRH
141858.0,Uthukela,Estcourt,Wembezi,Estcourt Secondary School, Uthukela,-,2022-09-10,Lenovo Learner Laptop,1582NB003LSAPF3DWCP1
141858.0,Uthukela,Estcourt,Wembezi,Estcourt Secondary School, Uthukela,-,2022-09-10,Lenovo Learner Laptop,1582NB003LSAPF3DXVX3
141858.0,Uthukela,Estcourt,Wembezi,Estcourt Secondary School, Uthukela,-,2022-09-10,Lenovo Learner Laptop,1582NB003LSAPF3F2HQW
141858.0,Uthukela,Estcourt,Wembezi,Estcourt Secondary School, Uthukela,-,2022-09-10,Lenovo Learner Laptop,1582NB003LSAPF3FAZCX
141858.0,Uthukela,Estcourt,Wembezi,Estcourt Secondary School, Uthukela,-,2022-09-10,Lenovo Learner Laptop,1582NB003LSAPF3FTNX9
141858.0,Uthukela,Estcourt,Wembezi,Estcourt Secondary School, Uthukela,-,2022-09-10,Lenovo Learner Laptop,1582NB003LSAPF3G0ZHS
141858.0,Uthukela,Estcourt,Wembezi,Estcourt Secondary School, Uthukela,-,2022-09-10,Lenovo Learner Laptop,1582NB003LSAPF3FB2A2
141858.0,Uthukela,Estcourt,Wembezi,Estcourt Secondary School, Uthukela,-,2022-09-10,Lenovo Learner Laptop,1582NB003LSAPF3DWBZD
141858.0,Uthukela,Estcourt,Wembezi,Estcourt Secondary School, Uthukela,-,2022-09-10,Lenovo Learner Laptop,1582NB003LSAPF3ESGFA
141858.0,Uthukela,Estcourt,Wembezi,Estcourt Secondary School, Uthukela,-,2022-09-10,Lenovo Learner Laptop,1582NB003LSAPF3DW918
141858.0,Uthukela,Estcourt,Wembezi,Estcourt Secondary School, Uthukela,-,2022-09-10,Lenovo Learner Laptop,1582NB003LSAPF3ESGDK
141858.0,Uthukela,Estcourt,Wembezi,Estcourt Secondary School, Uthukela,11,2022-09-15,HDMI Cable,
141858.0,Uthukela,Estcourt,Wembezi,Estcourt Secondary School, Uthukela,-,2022-09-10,Ultra Short Throw,x8vx1402109
141858.0,Uthukela,Estcourt,Wembezi,Estcourt Secondary School, Uthukela,-,2022-09-10,Ultra Short Throw Setting Plate,V12HA06A06
141858.0,Uthukela,Estcourt,Wembezi,Estcourt Secondary School, Uthukela,51,2022-09-22,Wifi Management Laptop,
141858.0,Uthukela,Estcourt,Wembezi,Estcourt Secondary School, Uthukela,50,2022-09-22,Content Access Point,
141858.0,Uthukela,Estcourt,Wembezi,Estcourt Secondary School, Uthukela,5,2022-09-10,Acer Teacher Laptop,NXADDEA00221019D713400
141858.0,Uthukela,Estcourt,Wembezi,Estcourt Secondary School, Uthukela,5,2022-09-10,Acer Teacher Laptop,NXADDEA00221019B253400
141858.0,Uthukela,Estcourt,Wembezi,Estcourt Secondary School, Uthukela,5,2022-09-10,Acer Teacher Laptop,NXADDEA00221019A383400
141858.0,Uthukela,Estcourt,Wembezi,Estcourt Secondary School, Uthukela,5,2022-09-10,Acer Teacher Laptop,NXADDEA00221019Q8C3400
141858.0,Uthukela,Estcourt,Wembezi,Estcourt Secondary School, Uthukela,5,2022-09-10,Acer Teacher Laptop,NXADDEA00221019B133400
141858.0,Uthukela,Estcourt,Wembezi,Estcourt Secondary School, Uthukela,5,2022-09-10,Acer Teacher Laptop,NXADDEA00221019B183400
141858.0,Uthukela,Estcourt,Wembezi,Estcourt Secondary School, Uthukela,5,2022-09-10,Acer Teacher Laptop,NXA27EA001139073703400
141858.0,Uthukela,Estcourt,Wembezi,Estcourt Secondary School, Uthukela,5,2022-09-10,Acer Teacher Laptop,NXADDEA00221019D263400
141858.0,Uthukela,Estcourt,Wembezi,Estcourt Secondary School, Uthukela,5,2022-09-10,Acer Teacher Laptop,NXADDEA00221019A4893400
141858.0,Uthukela,Estcourt,Wembezi,Estcourt Secondary School, Uthukela,5,2022-09-10,Acer Teacher Laptop,NXADDEA00221019A483400
141858.0,Uthukela,Estcourt,Wembezi,Estcourt Secondary School, Uthukela,5,2022-09-10,Acer Teacher Laptop,NXADDEA00221019Q993400
141858.0,Uthukela,Estcourt,Wembezi,Estcourt Secondary School, Uthukela,5,2022-09-10,Acer Teacher Laptop,NXADDEA00221019D083400
141858.0,Uthukela,Estcourt,Wembezi,Estcourt Secondary School, Uthukela,5,2022-09-10,Acer Teacher Laptop,NXADDEA00221019E743400
141858.0,Uthukela,Estcourt,Wembezi,Estcourt Secondary School, Uthukela,5,2022-09-10,Acer Teacher Laptop,NXADDEA00221019F723400
141858.0,Uthukela,Estcourt,Wembezi,Estcourt Secondary School, Uthukela,5,2022-09-10,Acer Teacher Laptop,NXADDEA00221019DE13400
141858.0,Uthukela,Estcourt,Wembezi,Estcourt Secondary School, Uthukela,5,2022-09-10,Acer Teacher Laptop,NXADDEA00221019A473400
141858.0,Uthukela,Estcourt,Wembezi,Estcourt Secondary School, Uthukela,5,2022-09-10,Acer Teacher Laptop,NXA27EA00113907453400
141858.0,Uthukela,Estcourt,Wembezi,Estcourt Secondary School, Uthukela,5,2022-09-10,Acer Teacher Laptop,NXA27EA001139071893400
141858.0,Uthukela,Estcourt,Wembezi,Estcourt Secondary School, Uthukela,5,2022-09-10,Acer Teacher Laptop,NXA27EA001139074083400
141858.0,Uthukela,Estcourt,Wembezi,Estcourt Secondary School, Uthukela,5,2022-09-10,Acer Teacher Laptop,NXA27EA001139071153400
141858.0,Uthukela,Estcourt,Wembezi,Estcourt Secondary School, Uthukela,5,2022-09-10,Acer Teacher Laptop,NXA27EA001139073823400
141858.0,Uthukela,Estcourt,Wembezi,Estcourt Secondary School, Uthukela,5,2022-09-10,Acer Teacher Laptop,NXA27EA001139074053400
141858.0,Uthukela,Estcourt,Wembezi,Estcourt Secondary School, Uthukela,5,2022-09-10,Acer Teacher Laptop,NXA27EA001139074753400
141858.0,Uthukela,Estcourt,Wembezi,Estcourt Secondary School, Uthukela,5,2022-09-10,Acer Teacher Laptop,NXA27EA001139073583400
141858.0,Uthukela,Estcourt,Wembezi,Estcourt Secondary School, Uthukela,5,2022-09-10,Acer Teacher Laptop,NXA27EA0011390721A3400
141858.0,Uthukela,Estcourt,Wembezi,Estcourt Secondary School, Uthukela,5,2022-09-10,Acer Teacher Laptop,NXA27EA001139070F83400
141858.0,Uthukela,Estcourt,Wembezi,Estcourt Secondary School, Uthukela,5,2022-09-10,Acer Teacher Laptop,NXA27EA001139071BD3400
141858.0,Uthukela,Estcourt,Wembezi,Estcourt Secondary School, Uthukela,-,2024-09-27,Laptop Charging Trolley,
141858.0,Uthukela,Estcourt,Wembezi,Estcourt Secondary School, Uthukela,-,2024-09-27,Matt White Boards,
145891.0,Umzinyathi,Msinga,Keate'S Drift,Fundokuhle High School,Umzinyathi,1,2022-07-20,Charging Trolley,
145891.0,Umzinyathi,Msinga,Keate'S Drift,Fundokuhle High School,Umzinyathi,1,2022-07-20,Whiteboard,
145891.0,Umzinyathi,Msinga,Keate'S Drift,Fundokuhle High School,Umzinyathi,1,2022-08-24,Whiteboard,
145891.0,Umzinyathi,Msinga,Keate'S Drift,Fundokuhle High School,Umzinyathi,21,-,Whiteboard Markers,
145891.0,Umzinyathi,Msinga,Keate'S Drift,Fundokuhle High School,Umzinyathi,12,2023-03-06,20m HDMI Cable,
145891.0,Umzinyathi,Msinga,Keate'S Drift,Fundokuhle High School,Umzinyathi,6,2022-09-13,Mecer Content Access Point,95XD1000088H04629579
145891.0,Umzinyathi,Msinga,Keate'S Drift,Fundokuhle High School,Umzinyathi,-,2023-03-18 00:00:00,Epson H971B Data Projector,X88U2600592
145891.0,Umzinyathi,Msinga,Keate'S Drift,Fundokuhle High School,Umzinyathi,-,2023-03-19 00:00:00,Epson H971B Data Projector,X88U2600706
145891.0,Umzinyathi,Msinga,Keate'S Drift,Fundokuhle High School,Umzinyathi,-,2023-03-20 00:00:00,Epson H971B Data Projector,X88U2600100
145891.0,Umzinyathi,Msinga,Keate'S Drift,Fundokuhle High School,Umzinyathi,-,2023-03-21 00:00:00,Epson H971B Data Projector,X88U2600591
145891.0,Umzinyathi,Msinga,Keate'S Drift,Fundokuhle High School,Umzinyathi,-,2023-03-22 00:00:00,Epson H971B Data Projector,X88U2600581
145891.0,Umzinyathi,Msinga,Keate'S Drift,Fundokuhle High School,Umzinyathi,-,2023-03-23 00:00:00,Epson H971B Data Projector,X88U2600112
145891.0,Umzinyathi,Msinga,Keate'S Drift,Fundokuhle High School,Umzinyathi,-,2023-03-24 00:00:00,Epson H971B Data Projector,X88U2600007
145891.0,Umzinyathi,Msinga,Keate'S Drift,Fundokuhle High School,Umzinyathi,-,2023-03-25 00:00:00,Epson H971B Data Projector,X88U2600374
145891.0,Umzinyathi,Msinga,Keate'S Drift,Fundokuhle High School,Umzinyathi,-,2023-03-26 00:00:00,Epson H971B Data Projector,X88U2600713
145891.0,Umzinyathi,Msinga,Keate'S Drift,Fundokuhle High School,Umzinyathi,-,2023-03-27 00:00:00,Epson H971B Data Projector,X88U2600434
145891.0,Umzinyathi,Msinga,Keate'S Drift,Fundokuhle High School,Umzinyathi,-,2023-03-28 00:00:00,Epson H971B Data Projector,X88U2600429
145891.0,Umzinyathi,Msinga,Keate'S Drift,Fundokuhle High School,Umzinyathi,-,2023-03-29 00:00:00,Epson H971B Data Projector,X88U2600366
145891.0,Umzinyathi,Msinga,Keate'S Drift,Fundokuhle High School,Umzinyathi,-,2023-03-30 00:00:00,Epson H971B Data Projector,X88U2600524
145891.0,Umzinyathi,Msinga,Keate'S Drift,Fundokuhle High School,Umzinyathi,-,2023-03-31 00:00:00,Epson H971B Data Projector,X88U2600608
145891.0,Umzinyathi,Msinga,Keate'S Drift,Fundokuhle High School,Umzinyathi,-,2023-04-01 00:00:00,Epson H971B Data Projector,X88U2600045
145891.0,Umzinyathi,Msinga,Keate'S Drift,Fundokuhle High School,Umzinyathi,9,2022-09-08,Interactive Flat Panel Screen,
145891.0,Umzinyathi,Msinga,Keate'S Drift,Fundokuhle High School,Umzinyathi,30,-,HDMI Cable,
145891.0,Umzinyathi,Msinga,Keate'S Drift,Fundokuhle High School,Umzinyathi,17,-,HDMI Cable,
145891.0,Umzinyathi,Msinga,Keate'S Drift,Fundokuhle High School,Umzinyathi,8,2023-09-13,Acer Learner Laptop,NXADDEA002210191BA3400
145891.0,Umzinyathi,Msinga,Keate'S Drift,Fundokuhle High School,Umzinyathi,8,2023-09-13,Acer Learner Laptop,NXADDEA002210190D33400
145891.0,Umzinyathi,Msinga,Keate'S Drift,Fundokuhle High School,Umzinyathi,8,2023-09-13,Acer Learner Laptop,NXADDEA002210192733400
145891.0,Umzinyathi,Msinga,Keate'S Drift,Fundokuhle High School,Umzinyathi,8,2023-09-13,Acer Learner Laptop,NXADDEA0022101955F3400
145891.0,Umzinyathi,Msinga,Keate'S Drift,Fundokuhle High School,Umzinyathi,8,2023-09-13,Acer Learner Laptop,NXADDEA002210190773400
145891.0,Umzinyathi,Msinga,Keate'S Drift,Fundokuhle High School,Umzinyathi,8,2023-09-13,Acer Learner Laptop,NXADDEA0022101A4F63400
145891.0,Umzinyathi,Msinga,Keate'S Drift,Fundokuhle High School,Umzinyathi,8,2023-09-13,Acer Learner Laptop,NXADDEA002210199693400
145891.0,Umzinyathi,Msinga,Keate'S Drift,Fundokuhle High School,Umzinyathi,8,2023-09-13,Acer Learner Laptop,NXA27EA001139074353400
145891.0,Umzinyathi,Msinga,Keate'S Drift,Fundokuhle High School,Umzinyathi,8,2023-09-13,Acer Learner Laptop,NXA27EA001139071803400
145891.0,Umzinyathi,Msinga,Keate'S Drift,Fundokuhle High School,Umzinyathi,8,2023-09-13,Acer Learner Laptop,NXA27EA001139071EC3400
145891.0,Umzinyathi,Msinga,Keate'S Drift,Fundokuhle High School,Umzinyathi,8,2023-09-13,Acer Learner Laptop,NXA27EA001139071FC3400
145891.0,Umzinyathi,Msinga,Keate'S Drift,Fundokuhle High School,Umzinyathi,8,2023-09-13,Acer Learner Laptop,NXADDEA00221019B183400
145891.0,Umzinyathi,Msinga,Keate'S Drift,Fundokuhle High School,Umzinyathi,8,2023-09-13,Acer Learner Laptop,NXADDEA00221010E03400
145891.0,Umzinyathi,Msinga,Keate'S Drift,Fundokuhle High School,Umzinyathi,8,2023-09-13,Acer Learner Laptop,NXADDEA00221019E553400
145891.0,Umzinyathi,Msinga,Keate'S Drift,Fundokuhle High School,Umzinyathi,8,2023-09-13,Acer Learner Laptop,NXADDEA00221019D173400
145891.0,Umzinyathi,Msinga,Keate'S Drift,Fundokuhle High School,Umzinyathi,8,2023-09-13,Acer Learner Laptop,NXADDEA00221019G323400
145891.0,Umzinyathi,Msinga,Keate'S Drift,Fundokuhle High School,Umzinyathi,8,2023-09-13,Acer Learner Laptop,NXADDEA00221019D123400
145891.0,Umzinyathi,Msinga,Keate'S Drift,Fundokuhle High School,Umzinyathi,8,2023-09-13,Acer Learner Laptop,NXADDEA00221010A023400
145891.0,Umzinyathi,Msinga,Keate'S Drift,Fundokuhle High School,Umzinyathi,8,2023-09-13,Acer Learner Laptop,NXADDEA00221019A4E3400
145891.0,Umzinyathi,Msinga,Keate'S Drift,Fundokuhle High School,Umzinyathi,8,2023-09-13,Acer Learner Laptop,NXADDEA00221019O493400
145891.0,Umzinyathi,Msinga,Keate'S Drift,Fundokuhle High School,Umzinyathi,8,2023-09-13,Acer Learner Laptop,NXADDEA00221010A3E3400
145891.0,Umzinyathi,Msinga,Keate'S Drift,Fundokuhle High School,Umzinyathi,8,2023-09-13,Acer Learner Laptop,NXADDEA00221019T743400
145891.0,Umzinyathi,Msinga,Keate'S Drift,Fundokuhle High School,Umzinyathi,8,2023-09-13,Acer Learner Laptop,NXADDEA00221019D573400
145891.0,Umzinyathi,Msinga,Keate'S Drift,Fundokuhle High School,Umzinyathi,8,2023-09-13,Acer Learner Laptop,NXADDEA00221019OF63400
145891.0,Umzinyathi,Msinga,Keate'S Drift,Fundokuhle High School,Umzinyathi,8,2023-09-13,Acer Learner Laptop,NXADDEA00221019OAF3400
145891.0,Umzinyathi,Msinga,Keate'S Drift,Fundokuhle High School,Umzinyathi,8,2023-09-13,Acer Learner Laptop,NXADDEA00221019C5F3400
145891.0,Umzinyathi,Msinga,Keate'S Drift,Fundokuhle High School,Umzinyathi,8,2023-09-13,Acer Learner Laptop,NXADDEA00221019SF73400
145891.0,Umzinyathi,Msinga,Keate'S Drift,Fundokuhle High School,Umzinyathi,8,2023-09-13,Acer Learner Laptop,NXA27EA001139073873400
145891.0,Umzinyathi,Msinga,Keate'S Drift,Fundokuhle High School,Umzinyathi,8,2023-09-13,Acer Learner Laptop,NXA27EA001139073AE3400
145891.0,Umzinyathi,Msinga,Keate'S Drift,Fundokuhle High School,Umzinyathi,8,2023-09-13,Acer Learner Laptop,NXA27EA001139072073400
145891.0,Umzinyathi,Msinga,Keate'S Drift,Fundokuhle High School,Umzinyathi,8,2023-09-13,Acer Learner Laptop,NXA27EA001139071F83400
145891.0,Umzinyathi,Msinga,Keate'S Drift,Fundokuhle High School,Umzinyathi,8,2023-09-13,Acer Learner Laptop,NXADDEA00221019C253400
145891.0,Umzinyathi,Msinga,Keate'S Drift,Fundokuhle High School,Umzinyathi,8,2023-09-13,Acer Learner Laptop,NXADDEA00221019C463400
145891.0,Umzinyathi,Msinga,Keate'S Drift,Fundokuhle High School,Umzinyathi,8,2023-09-13,Acer Learner Laptop,NXADDEA00221010A2AE3400
145891.0,Umzinyathi,Msinga,Keate'S Drift,Fundokuhle High School,Umzinyathi,8,2023-09-13,Acer Learner Laptop,NXADDEA00221019DF53400
145891.0,Umzinyathi,Msinga,Keate'S Drift,Fundokuhle High School,Umzinyathi,8,2023-09-13,Acer Learner Laptop,NXADDEA00221019DCE3400
145891.0,Umzinyathi,Msinga,Keate'S Drift,Fundokuhle High School,Umzinyathi,8,2023-09-13,Acer Learner Laptop,NXADDEA00221019PF13400
145891.0,Umzinyathi,Msinga,Keate'S Drift,Fundokuhle High School,Umzinyathi,8,2023-09-13,Acer Learner Laptop,NXADDEA00221010A4663400
145891.0,Umzinyathi,Msinga,Keate'S Drift,Fundokuhle High School,Umzinyathi,8,2023-09-13,Acer Learner Laptop,NXADDEA00221019CC73400
145891.0,Umzinyathi,Msinga,Keate'S Drift,Fundokuhle High School,Umzinyathi,10,2022-07-13,Projector Brackets,
145891.0,Umzinyathi,Msinga,Keate'S Drift,Fundokuhle High School,Umzinyathi,5,2022-09-13,Epson Ultra Short Throw Projector,X8VX1402094
145891.0,Umzinyathi,Msinga,Keate'S Drift,Fundokuhle High School,Umzinyathi,5,2022-09-13,Epson Setting Plate,V12HA06A06
145891.0,Umzinyathi,Msinga,Keate'S Drift,Fundokuhle High School,Umzinyathi,8,2022-09-13,WiFi Management Laptop,NXADDEA002210190773400
145891.0,Umzinyathi,Msinga,Keate'S Drift,Fundokuhle High School,Umzinyathi,-,2024-09-27,Acer Teacher Laptop,NXA27EA0011390724E3400
145891.0,Umzinyathi,Msinga,Keate'S Drift,Fundokuhle High School,Umzinyathi,-,2024-09-27,Acer Teacher Laptop,NXA27EA001139073CA3400
145891.0,Umzinyathi,Msinga,Keate'S Drift,Fundokuhle High School,Umzinyathi,-,2024-09-27,Acer Teacher Laptop,NXA27EA001139071A53400
145891.0,Umzinyathi,Msinga,Keate'S Drift,Fundokuhle High School,Umzinyathi,-,2024-09-27,Acer Teacher Laptop,NXA27EA001139073A3400
145891.0,Umzinyathi,Msinga,Keate'S Drift,Fundokuhle High School,Umzinyathi,-,2024-09-27,Acer Teacher Laptop,NXA27EA001139071OC3400
145891.0,Umzinyathi,Msinga,Keate'S Drift,Fundokuhle High School,Umzinyathi,-,2024-09-27,Acer Teacher Laptop,NXA27EA001139071023400
145891.0,Umzinyathi,Msinga,Keate'S Drift,Fundokuhle High School,Umzinyathi,-,2024-09-27,Acer Teacher Laptop,NXA27EA001139072283400
145891.0,Umzinyathi,Msinga,Keate'S Drift,Fundokuhle High School,Umzinyathi,-,2024-09-27,Acer Teacher Laptop,NXA27EA001139071CD3400
145891.0,Umzinyathi,Msinga,Keate'S Drift,Fundokuhle High School,Umzinyathi,-,2024-09-27,Acer Teacher Laptop,NXA27EA001139073FD3400
145891.0,Umzinyathi,Msinga,Keate'S Drift,Fundokuhle High School,Umzinyathi,-,2024-09-27,Acer Teacher Laptop,NXA27EA001139073E23400
145891.0,Umzinyathi,Msinga,Keate'S Drift,Fundokuhle High School,Umzinyathi,-,2024-09-27,Acer Teacher Laptop,NXA27EA001139072523400
145891.0,Umzinyathi,Msinga,Keate'S Drift,Fundokuhle High School,Umzinyathi,-,2024-09-27,Acer Teacher Laptop,NXA27EA001139071013400
145891.0,Umzinyathi,Msinga,Keate'S Drift,Fundokuhle High School,Umzinyathi,-,2024-09-27,Acer Teacher Laptop,NXA27EA0011390708C3400
145891.0,Umzinyathi,Msinga,Keate'S Drift,Fundokuhle High School,Umzinyathi,-,2024-09-27,Acer Teacher Laptop,NXADDEA0022101919A3400
145891.0,Umzinyathi,Msinga,Keate'S Drift,Fundokuhle High School,Umzinyathi,-,2024-09-27,Acer Teacher Laptop,NXADDEA002210190FC3400
145891.0,Umzinyathi,Msinga,Keate'S Drift,Fundokuhle High School,Umzinyathi,-,2024-09-27,Acer Teacher Laptop,NXADDEA0022101ASDE3400
145891.0,Umzinyathi,Msinga,Keate'S Drift,Fundokuhle High School,Umzinyathi,-,2024-09-27,Acer Teacher Laptop,NXADDEA002210191543400
145891.0,Umzinyathi,Msinga,Keate'S Drift,Fundokuhle High School,Umzinyathi,-,2024-09-27,Acer Teacher Laptop,NXADDEA002210194933400
145891.0,Umzinyathi,Msinga,Keate'S Drift,Fundokuhle High School,Umzinyathi,-,2024-09-27,Acer Teacher Laptop,NXADDEA002210195183400
145891.0,Umzinyathi,Msinga,Keate'S Drift,Fundokuhle High School,Umzinyathi,-,2024-09-27,Acer Teacher Laptop,NXADDEA002210191903400
145891.0,Umzinyathi,Msinga,Keate'S Drift,Fundokuhle High School,Umzinyathi,-,2024-09-27,Acer Teacher Laptop,NXA27EA001139071383400
145891.0,Umzinyathi,Msinga,Keate'S Drift,Fundokuhle High School,Umzinyathi,-,2024-09-27,Acer Teacher Laptop,NXADDEA00221019C573400
148333.0,Umgungundlovu,Umsunduzi,Edendale,Georgetown Secondary School,Umgungundlovu,-,2024-09-27,Whiteboard Markers,
148333.0,Umgungundlovu,Umsunduzi,Edendale,Georgetown Secondary School,Umgungundlovu,-,2022-08-04,Parrot Projector Bracket,
148333.0,Umgungundlovu,Umsunduzi,Edendale,Georgetown Secondary School,Umgungundlovu,-,2022-01-18,Charging Trolley,
148333.0,Umgungundlovu,Umsunduzi,Edendale,Georgetown Secondary School,Umgungundlovu,12,2022-05-11,HDMI Cables,
148333.0,Umgungundlovu,Umsunduzi,Edendale,Georgetown Secondary School,Umgungundlovu,-,2022-09-04,Access Point,95XD1000088H04629588
148333.0,Umgungundlovu,Umsunduzi,Edendale,Georgetown Secondary School,Umgungundlovu,-,2024-09-27,Epson Projector,X8972201525
148333.0,Umgungundlovu,Umsunduzi,Edendale,Georgetown Secondary School,Umgungundlovu,-,2024-09-27,Epson Projector,X8972201420
148333.0,Umgungundlovu,Umsunduzi,Edendale,Georgetown Secondary School,Umgungundlovu,-,2024-09-27,Epson Projector,X8972501627
148333.0,Umgungundlovu,Umsunduzi,Edendale,Georgetown Secondary School,Umgungundlovu,-,2024-09-27,Epson Projector,X8802500123
148333.0,Umgungundlovu,Umsunduzi,Edendale,Georgetown Secondary School,Umgungundlovu,-,2024-09-27,Epson Projector,X8972501477
148333.0,Umgungundlovu,Umsunduzi,Edendale,Georgetown Secondary School,Umgungundlovu,7,2022-08-04,Epson Projector,X88U2500020
148333.0,Umgungundlovu,Umsunduzi,Edendale,Georgetown Secondary School,Umgungundlovu,7,2022-08-04,Epson Projector,X88U2500119
148333.0,Umgungundlovu,Umsunduzi,Edendale,Georgetown Secondary School,Umgungundlovu,7,2022-08-04,Epson Projector,X88U2500055
148333.0,Umgungundlovu,Umsunduzi,Edendale,Georgetown Secondary School,Umgungundlovu,7,2022-08-04,Epson Projector,X88T2501583
148333.0,Umgungundlovu,Umsunduzi,Edendale,Georgetown Secondary School,Umgungundlovu,7,2022-08-04,Epson Projector,X88U2500111
148333.0,Umgungundlovu,Umsunduzi,Edendale,Georgetown Secondary School,Umgungundlovu,7,2022-08-04,Epson Projector,X88U2500082
148333.0,Umgungundlovu,Umsunduzi,Edendale,Georgetown Secondary School,Umgungundlovu,7,2022-08-04,Epson Projector,X88U2500136
148333.0,Umgungundlovu,Umsunduzi,Edendale,Georgetown Secondary School,Umgungundlovu,7,2022-08-04,Epson Projector,X88U2500126
148333.0,Umgungundlovu,Umsunduzi,Edendale,Georgetown Secondary School,Umgungundlovu,7,2022-08-04,Epson Projector,X88U2500135
148333.0,Umgungundlovu,Umsunduzi,Edendale,Georgetown Secondary School,Umgungundlovu,7,2022-08-04,Epson Projector,X88U2500113
148333.0,Umgungundlovu,Umsunduzi,Edendale,Georgetown Secondary School,Umgungundlovu,7,2022-08-04,Epson Projector,X88T2501478
148333.0,Umgungundlovu,Umsunduzi,Edendale,Georgetown Secondary School,Umgungundlovu,7,2022-08-04,Epson Projector,X88T2501423
148333.0,Umgungundlovu,Umsunduzi,Edendale,Georgetown Secondary School,Umgungundlovu,7,2022-08-04,Epson Projector,X88U2500121
148333.0,Umgungundlovu,Umsunduzi,Edendale,Georgetown Secondary School,Umgungundlovu,7,2022-08-04,Epson Projector,X88U2500131
148333.0,Umgungundlovu,Umsunduzi,Edendale,Georgetown Secondary School,Umgungundlovu,7,2022-08-04,Epson Projector,X88T2501355
148333.0,Umgungundlovu,Umsunduzi,Edendale,Georgetown Secondary School,Umgungundlovu,7,2022-08-04,Epson Projector,X88U2500004
148333.0,Umgungundlovu,Umsunduzi,Edendale,Georgetown Secondary School,Umgungundlovu,7,2022-08-04,Epson Projector,X88T2501360
148333.0,Umgungundlovu,Umsunduzi,Edendale,Georgetown Secondary School,Umgungundlovu,7,2022-08-04,Epson Projector,X88U2500127
148333.0,Umgungundlovu,Umsunduzi,Edendale,Georgetown Secondary School,Umgungundlovu,7,2022-08-04,Epson Projector,X88T2501586
148333.0,Umgungundlovu,Umsunduzi,Edendale,Georgetown Secondary School,Umgungundlovu,7,2022-08-04,Epson Projector,X88T2501580
148333.0,Umgungundlovu,Umsunduzi,Edendale,Georgetown Secondary School,Umgungundlovu,7,2022-08-04,Epson Projector,X88U2500103
148333.0,Umgungundlovu,Umsunduzi,Edendale,Georgetown Secondary School,Umgungundlovu,7,2022-08-04,Epson Projector,X88U2500108
148333.0,Umgungundlovu,Umsunduzi,Edendale,Georgetown Secondary School,Umgungundlovu,7,2022-08-04,Epson Projector,X88U2500081
148333.0,Umgungundlovu,Umsunduzi,Edendale,Georgetown Secondary School,Umgungundlovu,7,2022-08-04,Epson Projector,X88U2500125
148333.0,Umgungundlovu,Umsunduzi,Edendale,Georgetown Secondary School,Umgungundlovu,7,2022-08-04,Epson Projector,X88T2501358
148333.0,Umgungundlovu,Umsunduzi,Edendale,Georgetown Secondary School,Umgungundlovu,7,2022-08-04,Epson Projector,X88U2500124
148333.0,Umgungundlovu,Umsunduzi,Edendale,Georgetown Secondary School,Umgungundlovu,7,2022-08-04,Epson Projector,X88U2500078
148333.0,Umgungundlovu,Umsunduzi,Edendale,Georgetown Secondary School,Umgungundlovu,7,2022-08-04,Epson Projector,X88U2500107
148333.0,Umgungundlovu,Umsunduzi,Edendale,Georgetown Secondary School,Umgungundlovu,-,2024-09-27,Flat Panel Screen,
148333.0,Umgungundlovu,Umsunduzi,Edendale,Georgetown Secondary School,Umgungundlovu,10,2022-06-04,HDMI Cable,
148333.0,Umgungundlovu,Umsunduzi,Edendale,Georgetown Secondary School,Umgungundlovu,5,2022-08-04,Lenovo Learner Laptop,SPF3E86WR
148333.0,Umgungundlovu,Umsunduzi,Edendale,Georgetown Secondary School,Umgungundlovu,5,2022-08-04,Lenovo Learner Laptop,SPF3E7XWA
148333.0,Umgungundlovu,Umsunduzi,Edendale,Georgetown Secondary School,Umgungundlovu,5,2022-08-04,Lenovo Learner Laptop,SPF3E7VLF
148333.0,Umgungundlovu,Umsunduzi,Edendale,Georgetown Secondary School,Umgungundlovu,5,2022-08-04,Lenovo Learner Laptop,SPF3G8FG3
148333.0,Umgungundlovu,Umsunduzi,Edendale,Georgetown Secondary School,Umgungundlovu,5,2022-08-04,Lenovo Learner Laptop,SPF3HM35V
148333.0,Umgungundlovu,Umsunduzi,Edendale,Georgetown Secondary School,Umgungundlovu,5,2022-08-04,Lenovo Learner Laptop,SPF3EKTDE
148333.0,Umgungundlovu,Umsunduzi,Edendale,Georgetown Secondary School,Umgungundlovu,5,2022-08-04,Lenovo Learner Laptop,SPF3E7XSH
148333.0,Umgungundlovu,Umsunduzi,Edendale,Georgetown Secondary School,Umgungundlovu,5,2022-08-04,Lenovo Learner Laptop,SPF3G8KYQ
148333.0,Umgungundlovu,Umsunduzi,Edendale,Georgetown Secondary School,Umgungundlovu,5,2022-08-04,Lenovo Learner Laptop,SPF3E86TC
148333.0,Umgungundlovu,Umsunduzi,Edendale,Georgetown Secondary School,Umgungundlovu,5,2022-08-04,Lenovo Learner Laptop,SPF3E7MQ8
148333.0,Umgungundlovu,Umsunduzi,Edendale,Georgetown Secondary School,Umgungundlovu,5,2022-08-04,Lenovo Learner Laptop,SPF3HM36Y
148333.0,Umgungundlovu,Umsunduzi,Edendale,Georgetown Secondary School,Umgungundlovu,5,2022-08-04,Lenovo Learner Laptop,SPF3HM2PV
148333.0,Umgungundlovu,Umsunduzi,Edendale,Georgetown Secondary School,Umgungundlovu,5,2022-08-04,Lenovo Learner Laptop,SPF3HM37Z
148333.0,Umgungundlovu,Umsunduzi,Edendale,Georgetown Secondary School,Umgungundlovu,5,2022-08-04,Lenovo Learner Laptop,SPF3HM31R
148333.0,Umgungundlovu,Umsunduzi,Edendale,Georgetown Secondary School,Umgungundlovu,5,2022-08-04,Lenovo Learner Laptop,SPF3E7VGP
148333.0,Umgungundlovu,Umsunduzi,Edendale,Georgetown Secondary School,Umgungundlovu,5,2022-08-04,Lenovo Learner Laptop,SPF3E7EZF
148333.0,Umgungundlovu,Umsunduzi,Edendale,Georgetown Secondary School,Umgungundlovu,5,2022-08-04,Lenovo Learner Laptop,SPF3E8952
148333.0,Umgungundlovu,Umsunduzi,Edendale,Georgetown Secondary School,Umgungundlovu,5,2022-08-04,Lenovo Learner Laptop,SPF3E82CZ
148333.0,Umgungundlovu,Umsunduzi,Edendale,Georgetown Secondary School,Umgungundlovu,5,2022-08-04,Lenovo Learner Laptop,SPF3HM21O
148333.0,Umgungundlovu,Umsunduzi,Edendale,Georgetown Secondary School,Umgungundlovu,5,2022-08-04,Lenovo Learner Laptop,SPF3HM33B
148333.0,Umgungundlovu,Umsunduzi,Edendale,Georgetown Secondary School,Umgungundlovu,5,2022-08-04,Lenovo Learner Laptop,SPF3EK71P
148333.0,Umgungundlovu,Umsunduzi,Edendale,Georgetown Secondary School,Umgungundlovu,5,2022-08-04,Lenovo Learner Laptop,SPF3HM39L
148333.0,Umgungundlovu,Umsunduzi,Edendale,Georgetown Secondary School,Umgungundlovu,5,2022-08-04,Lenovo Learner Laptop,SPF3HM2XD
148333.0,Umgungundlovu,Umsunduzi,Edendale,Georgetown Secondary School,Umgungundlovu,5,2022-08-04,Lenovo Learner Laptop,SPF3E895Y
148333.0,Umgungundlovu,Umsunduzi,Edendale,Georgetown Secondary School,Umgungundlovu,5,2022-08-04,Lenovo Learner Laptop,SPF3E894F
148333.0,Umgungundlovu,Umsunduzi,Edendale,Georgetown Secondary School,Umgungundlovu,5,2022-08-04,Lenovo Learner Laptop,SPF3E829E
148333.0,Umgungundlovu,Umsunduzi,Edendale,Georgetown Secondary School,Umgungundlovu,5,2022-08-04,Lenovo Learner Laptop,SPF3E86X6
148333.0,Umgungundlovu,Umsunduzi,Edendale,Georgetown Secondary School,Umgungundlovu,5,2022-08-04,Lenovo Learner Laptop,SPF3G8HPH
148333.0,Umgungundlovu,Umsunduzi,Edendale,Georgetown Secondary School,Umgungundlovu,5,2022-08-04,Lenovo Learner Laptop,SPF3HM3AK
148333.0,Umgungundlovu,Umsunduzi,Edendale,Georgetown Secondary School,Umgungundlovu,5,2022-08-04,Lenovo Learner Laptop,SPF3G8NG3
148333.0,Umgungundlovu,Umsunduzi,Edendale,Georgetown Secondary School,Umgungundlovu,5,2022-08-04,Lenovo Learner Laptop,SPF3E86V5
148333.0,Umgungundlovu,Umsunduzi,Edendale,Georgetown Secondary School,Umgungundlovu,5,2022-08-04,Lenovo Learner Laptop,SPF3G8V4Q
148333.0,Umgungundlovu,Umsunduzi,Edendale,Georgetown Secondary School,Umgungundlovu,5,2022-08-04,Lenovo Learner Laptop,SPF3G8D7B
148333.0,Umgungundlovu,Umsunduzi,Edendale,Georgetown Secondary School,Umgungundlovu,5,2022-08-04,Lenovo Learner Laptop,SPF3G98KD
148333.0,Umgungundlovu,Umsunduzi,Edendale,Georgetown Secondary School,Umgungundlovu,5,2022-08-04,Lenovo Learner Laptop,SPF3HM2KT
148333.0,Umgungundlovu,Umsunduzi,Edendale,Georgetown Secondary School,Umgungundlovu,5,2022-08-04,Lenovo Learner Laptop,SPF3HM38P
148333.0,Umgungundlovu,Umsunduzi,Edendale,Georgetown Secondary School,Umgungundlovu,5,2022-08-04,Lenovo Learner Laptop,SPF3HM2TX
148333.0,Umgungundlovu,Umsunduzi,Edendale,Georgetown Secondary School,Umgungundlovu,5,2022-08-04,Lenovo Learner Laptop,SPF3G8FG7
148333.0,Umgungundlovu,Umsunduzi,Edendale,Georgetown Secondary School,Umgungundlovu,5,2022-08-04,Lenovo Learner Laptop,SPF3K2WEK
148333.0,Umgungundlovu,Umsunduzi,Edendale,Georgetown Secondary School,Umgungundlovu,5,2022-08-04,Lenovo Learner Laptop,SPF3K2T61
148333.0,Umgungundlovu,Umsunduzi,Edendale,Georgetown Secondary School,Umgungundlovu,14,2022-09-27,Parrot Projector Bracket,
148333.0,Umgungundlovu,Umsunduzi,Edendale,Georgetown Secondary School,Umgungundlovu,-,2022-08-04,Lenovo Teacher Laptop,SPF3E3VR7
148333.0,Umgungundlovu,Umsunduzi,Edendale,Georgetown Secondary School,Umgungundlovu,-,2022-08-04,Lenovo Teacher Laptop,SPF3F2QMX
148333.0,Umgungundlovu,Umsunduzi,Edendale,Georgetown Secondary School,Umgungundlovu,-,2022-08-04,Lenovo Teacher Laptop,SPF3ENQZ6
148333.0,Umgungundlovu,Umsunduzi,Edendale,Georgetown Secondary School,Umgungundlovu,-,2022-08-04,Lenovo Teacher Laptop,SPF3ENVNE
148333.0,Umgungundlovu,Umsunduzi,Edendale,Georgetown Secondary School,Umgungundlovu,-,2022-08-04,Lenovo Teacher Laptop,SPF3F2HTV
148333.0,Umgungundlovu,Umsunduzi,Edendale,Georgetown Secondary School,Umgungundlovu,-,2022-08-04,Lenovo Teacher Laptop,SPF3F2LGW
148333.0,Umgungundlovu,Umsunduzi,Edendale,Georgetown Secondary School,Umgungundlovu,-,2022-08-04,Lenovo Teacher Laptop,SPF3F2CV9
148333.0,Umgungundlovu,Umsunduzi,Edendale,Georgetown Secondary School,Umgungundlovu,-,2022-08-04,Lenovo Teacher Laptop,SPF3E3XS7
148333.0,Umgungundlovu,Umsunduzi,Edendale,Georgetown Secondary School,Umgungundlovu,-,2022-08-04,Lenovo Teacher Laptop,SPF3DWALN
148333.0,Umgungundlovu,Umsunduzi,Edendale,Georgetown Secondary School,Umgungundlovu,-,2022-08-04,Lenovo Teacher Laptop,SPF3G05YL
148333.0,Umgungundlovu,Umsunduzi,Edendale,Georgetown Secondary School,Umgungundlovu,-,2022-08-04,Lenovo Teacher Laptop,SPF3ENVMQ
148333.0,Umgungundlovu,Umsunduzi,Edendale,Georgetown Secondary School,Umgungundlovu,-,2022-08-04,Lenovo Teacher Laptop,SPF3G0HZN
148333.0,Umgungundlovu,Umsunduzi,Edendale,Georgetown Secondary School,Umgungundlovu,-,2022-08-04,Lenovo Teacher Laptop,SPF3ENMDG
148333.0,Umgungundlovu,Umsunduzi,Edendale,Georgetown Secondary School,Umgungundlovu,-,2022-08-04,Lenovo Teacher Laptop,SPF3G07X4
148333.0,Umgungundlovu,Umsunduzi,Edendale,Georgetown Secondary School,Umgungundlovu,-,2022-08-04,Lenovo Teacher Laptop,SPF3F289P
148333.0,Umgungundlovu,Umsunduzi,Edendale,Georgetown Secondary School,Umgungundlovu,-,2022-08-04,Lenovo Teacher Laptop,SPF3EQ1MS
148333.0,Umgungundlovu,Umsunduzi,Edendale,Georgetown Secondary School,Umgungundlovu,-,2022-08-04,Lenovo Teacher Laptop,SPF3G0A9C
148333.0,Umgungundlovu,Umsunduzi,Edendale,Georgetown Secondary School,Umgungundlovu,-,2022-08-04,Lenovo Teacher Laptop,SPF3EPX45
148333.0,Umgungundlovu,Umsunduzi,Edendale,Georgetown Secondary School,Umgungundlovu,-,2022-08-04,Lenovo Teacher Laptop,SPF3KGL2C
148333.0,Umgungundlovu,Umsunduzi,Edendale,Georgetown Secondary School,Umgungundlovu,-,2022-08-04,Lenovo Teacher Laptop,SPF3FB4EG
148333.0,Umgungundlovu,Umsunduzi,Edendale,Georgetown Secondary School,Umgungundlovu,-,2022-08-04,Lenovo Teacher Laptop,SPF3ESKOM
148333.0,Umgungundlovu,Umsunduzi,Edendale,Georgetown Secondary School,Umgungundlovu,-,2022-08-04,Lenovo Teacher Laptop,SPF3E3217
148333.0,Umgungundlovu,Umsunduzi,Edendale,Georgetown Secondary School,Umgungundlovu,-,2022-08-04,Lenovo Teacher Laptop,SPF3F258F
148333.0,Umgungundlovu,Umsunduzi,Edendale,Georgetown Secondary School,Umgungundlovu,-,2022-08-04,Lenovo Teacher Laptop,SPF3DWCKW
148333.0,Umgungundlovu,Umsunduzi,Edendale,Georgetown Secondary School,Umgungundlovu,-,2022-08-04,Lenovo Teacher Laptop,SPF3F2GBQ
148333.0,Umgungundlovu,Umsunduzi,Edendale,Georgetown Secondary School,Umgungundlovu,-,2022-08-04,Lenovo Teacher Laptop,SPF3F2C5Z
148333.0,Umgungundlovu,Umsunduzi,Edendale,Georgetown Secondary School,Umgungundlovu,-,2022-08-04,Lenovo Teacher Laptop,SPF3F28CE
148333.0,Umgungundlovu,Umsunduzi,Edendale,Georgetown Secondary School,Umgungundlovu,-,2022-08-04,Lenovo Teacher Laptop,SPF3E3HXB
148333.0,Umgungundlovu,Umsunduzi,Edendale,Georgetown Secondary School,Umgungundlovu,-,2022-08-04,Lenovo Teacher Laptop,SPF3E3WKY
148333.0,Umgungundlovu,Umsunduzi,Edendale,Georgetown Secondary School,Umgungundlovu,-,2022-08-04,Lenovo Teacher Laptop,SPF3FP6MY
148333.0,Umgungundlovu,Umsunduzi,Edendale,Georgetown Secondary School,Umgungundlovu,-,2022-08-04,Lenovo Teacher Laptop,SPF3E403R
148333.0,Umgungundlovu,Umsunduzi,Edendale,Georgetown Secondary School,Umgungundlovu,-,2022-08-04,Lenovo Teacher Laptop,SPF3DWAJQ
148333.0,Umgungundlovu,Umsunduzi,Edendale,Georgetown Secondary School,Umgungundlovu,-,2022-08-04,Lenovo Teacher Laptop,SPF3FCY9W
148333.0,Umgungundlovu,Umsunduzi,Edendale,Georgetown Secondary School,Umgungundlovu,-,2022-08-04,Lenovo Teacher Laptop,SPF3E3HWP
148333.0,Umgungundlovu,Umsunduzi,Edendale,Georgetown Secondary School,Umgungundlovu,-,2022-08-04,Lenovo Teacher Laptop,SPF3ESA2E
148333.0,Umgungundlovu,Umsunduzi,Edendale,Georgetown Secondary School,Umgungundlovu,-,2022-08-04,Lenovo Teacher Laptop,SPF3FAVFL
148333.0,Umgungundlovu,Umsunduzi,Edendale,Georgetown Secondary School,Umgungundlovu,-,2022-08-04,Ultra Short Throw Bracket,X8YD1367291
148333.0,Umgungundlovu,Umsunduzi,Edendale,Georgetown Secondary School,Umgungundlovu,-,2024-09-27,Ultra Short Throw Projector,X8W81Y00931
148333.0,Umgungundlovu,Umsunduzi,Edendale,Georgetown Secondary School,Umgungundlovu,-,2024-09-27,Whiteboards,
425389.0,Harry Gwala,Umzimkhulu,Rietvlei,Ginyiqhinga Secondary School,Harry Gwala,6,2022-09-13,Charging Trolley,
425389.0,Harry Gwala,Umzimkhulu,Rietvlei,Ginyiqhinga Secondary School,Harry Gwala,-,2024-09-27,ViewSonic Data Projector,VOR221002472
425389.0,Harry Gwala,Umzimkhulu,Rietvlei,Ginyiqhinga Secondary School,Harry Gwala,-,2024-09-27,ViewSonic Data Projector,VOR221002513
425389.0,Harry Gwala,Umzimkhulu,Rietvlei,Ginyiqhinga Secondary School,Harry Gwala,-,2024-09-27,ViewSonic Data Projector,VOR221002610
425389.0,Harry Gwala,Umzimkhulu,Rietvlei,Ginyiqhinga Secondary School,Harry Gwala,-,2024-09-27,ViewSonic Data Projector,VOR221002520
425389.0,Harry Gwala,Umzimkhulu,Rietvlei,Ginyiqhinga Secondary School,Harry Gwala,-,2024-09-27,ViewSonic Data Projector,VOR221002190
425389.0,Harry Gwala,Umzimkhulu,Rietvlei,Ginyiqhinga Secondary School,Harry Gwala,-,2024-09-27,ViewSonic Data Projector,VOR221002648
425389.0,Harry Gwala,Umzimkhulu,Rietvlei,Ginyiqhinga Secondary School,Harry Gwala,-,2024-09-27,ViewSonic Data Projector,VOR221002462
425389.0,Harry Gwala,Umzimkhulu,Rietvlei,Ginyiqhinga Secondary School,Harry Gwala,-,2024-09-27,ViewSonic Data Projector,VOR221002616
425389.0,Harry Gwala,Umzimkhulu,Rietvlei,Ginyiqhinga Secondary School,Harry Gwala,-,2024-09-27,HDMI Cable,
425389.0,Harry Gwala,Umzimkhulu,Rietvlei,Ginyiqhinga Secondary School,Harry Gwala,5,2022-09-02,Pen Trays,
425389.0,Harry Gwala,Umzimkhulu,Rietvlei,Ginyiqhinga Secondary School,Harry Gwala,-,2024-09-27,Ultra Short Throw Projector,X8VX1401393
425389.0,Harry Gwala,Umzimkhulu,Rietvlei,Ginyiqhinga Secondary School,Harry Gwala,-,2024-09-27,Ultra Short Throw Setting Plate,V12HA06A06
425389.0,Harry Gwala,Umzimkhulu,Rietvlei,Ginyiqhinga Secondary School,Harry Gwala,6,2022-09-13,Whiteboard Markers,
425389.0,Harry Gwala,Umzimkhulu,Rietvlei,Ginyiqhinga Secondary School,Harry Gwala,-,2022-04-08,15 Acer Learner Laptop,NXADDEA002210198873400
425389.0,Harry Gwala,Umzimkhulu,Rietvlei,Ginyiqhinga Secondary School,Harry Gwala,-,2022-04-08,15 Acer Learner Laptop,NXADDEA0022101A1383400
425389.0,Harry Gwala,Umzimkhulu,Rietvlei,Ginyiqhinga Secondary School,Harry Gwala,-,2022-04-08,15 Acer Learner Laptop,NXADDEA002210197883400
425389.0,Harry Gwala,Umzimkhulu,Rietvlei,Ginyiqhinga Secondary School,Harry Gwala,-,2022-04-08,15 Acer Learner Laptop,NXADDEA002210193883400
425389.0,Harry Gwala,Umzimkhulu,Rietvlei,Ginyiqhinga Secondary School,Harry Gwala,-,2022-04-08,15 Acer Learner Laptop,NXADDEA002210198183400
425389.0,Harry Gwala,Umzimkhulu,Rietvlei,Ginyiqhinga Secondary School,Harry Gwala,-,2022-04-08,15 Acer Learner Laptop,NXADDEA002210193153400
425389.0,Harry Gwala,Umzimkhulu,Rietvlei,Ginyiqhinga Secondary School,Harry Gwala,-,2022-04-08,15 Acer Learner Laptop,NXADDEA0022101A0113400
425389.0,Harry Gwala,Umzimkhulu,Rietvlei,Ginyiqhinga Secondary School,Harry Gwala,-,2022-04-08,15 Acer Learner Laptop,NXADDEA0022101A4383400
425389.0,Harry Gwala,Umzimkhulu,Rietvlei,Ginyiqhinga Secondary School,Harry Gwala,-,2022-04-08,15 Acer Learner Laptop,NXADDEA0022101A0933400
425389.0,Harry Gwala,Umzimkhulu,Rietvlei,Ginyiqhinga Secondary School,Harry Gwala,-,2022-04-08,15 Acer Learner Laptop,NXADDEA002210192753400
425389.0,Harry Gwala,Umzimkhulu,Rietvlei,Ginyiqhinga Secondary School,Harry Gwala,-,2022-04-08,15 Acer Learner Laptop,NXADDEA002210193173400
425389.0,Harry Gwala,Umzimkhulu,Rietvlei,Ginyiqhinga Secondary School,Harry Gwala,-,2022-04-08,15 Acer Learner Laptop,NXADDEA002210190803400
425389.0,Harry Gwala,Umzimkhulu,Rietvlei,Ginyiqhinga Secondary School,Harry Gwala,-,2022-04-08,15 Acer Learner Laptop,NXADDEA0022101C5083400
425389.0,Harry Gwala,Umzimkhulu,Rietvlei,Ginyiqhinga Secondary School,Harry Gwala,-,2022-04-08,15 Acer Learner Laptop,NXADDEA002210194843400
425389.0,Harry Gwala,Umzimkhulu,Rietvlei,Ginyiqhinga Secondary School,Harry Gwala,-,2022-04-08,15 Acer Learner Laptop,NXADDEA0022101A2983400
425389.0,Harry Gwala,Umzimkhulu,Rietvlei,Ginyiqhinga Secondary School,Harry Gwala,-,2022-04-08,15 Acer Learner Laptop,NXADDEA002210193413400
425389.0,Harry Gwala,Umzimkhulu,Rietvlei,Ginyiqhinga Secondary School,Harry Gwala,-,2022-04-08,15 Acer Learner Laptop,NXADDEA002210198843400
425389.0,Harry Gwala,Umzimkhulu,Rietvlei,Ginyiqhinga Secondary School,Harry Gwala,-,2022-04-08,15 Acer Learner Laptop,NXADDEA0022101A2013400
425389.0,Harry Gwala,Umzimkhulu,Rietvlei,Ginyiqhinga Secondary School,Harry Gwala,-,2022-04-08,15 Acer Learner Laptop,NXADDEA002210196363400
425389.0,Harry Gwala,Umzimkhulu,Rietvlei,Ginyiqhinga Secondary School,Harry Gwala,-,2022-04-08,15 Acer Learner Laptop,NXADDEA002210191CC3400
425389.0,Harry Gwala,Umzimkhulu,Rietvlei,Ginyiqhinga Secondary School,Harry Gwala,-,2022-04-08,15 Acer Learner Laptop,NXADDEA0022101A23A3400
425389.0,Harry Gwala,Umzimkhulu,Rietvlei,Ginyiqhinga Secondary School,Harry Gwala,-,2022-04-08,15 Acer Learner Laptop,NXADDEA0022101923A3400
425389.0,Harry Gwala,Umzimkhulu,Rietvlei,Ginyiqhinga Secondary School,Harry Gwala,-,2022-04-08,15 Acer Learner Laptop,NXADDEA0022101A2773400
425389.0,Harry Gwala,Umzimkhulu,Rietvlei,Ginyiqhinga Secondary School,Harry Gwala,-,2022-04-08,15 Acer Learner Laptop,NXADDEA00221019CE23400
425389.0,Harry Gwala,Umzimkhulu,Rietvlei,Ginyiqhinga Secondary School,Harry Gwala,-,2022-04-08,15 Acer Learner Laptop,NXADDEA00221019C383400
425389.0,Harry Gwala,Umzimkhulu,Rietvlei,Ginyiqhinga Secondary School,Harry Gwala,-,2022-04-08,15 Acer Learner Laptop,NXADDEA00221019CE93400
425389.0,Harry Gwala,Umzimkhulu,Rietvlei,Ginyiqhinga Secondary School,Harry Gwala,-,2022-04-08,15 Acer Learner Laptop,NXADDEA002210196403400
425389.0,Harry Gwala,Umzimkhulu,Rietvlei,Ginyiqhinga Secondary School,Harry Gwala,-,2022-04-08,15 Acer Learner Laptop,NXADDEA002210196043400
425389.0,Harry Gwala,Umzimkhulu,Rietvlei,Ginyiqhinga Secondary School,Harry Gwala,-,2022-04-08,15 Acer Learner Laptop,NXADDEA00221019CC93400
425389.0,Harry Gwala,Umzimkhulu,Rietvlei,Ginyiqhinga Secondary School,Harry Gwala,-,2022-04-08,15 Acer Learner Laptop,NXADDEA002210195583400
425389.0,Harry Gwala,Umzimkhulu,Rietvlei,Ginyiqhinga Secondary School,Harry Gwala,-,2022-04-08,15 Acer Learner Laptop,NXADDEA002210195C13400
425389.0,Harry Gwala,Umzimkhulu,Rietvlei,Ginyiqhinga Secondary School,Harry Gwala,-,2022-04-08,15 Acer Learner Laptop,NXADDEA002210196383400
425389.0,Harry Gwala,Umzimkhulu,Rietvlei,Ginyiqhinga Secondary School,Harry Gwala,-,2022-04-08,15 Acer Learner Laptop,NXADDEA00221019C593400
425389.0,Harry Gwala,Umzimkhulu,Rietvlei,Ginyiqhinga Secondary School,Harry Gwala,-,2022-04-08,15 Acer Learner Laptop,NXADDEA0022101963A3400
425389.0,Harry Gwala,Umzimkhulu,Rietvlei,Ginyiqhinga Secondary School,Harry Gwala,-,2022-04-08,15 Acer Learner Laptop,NXADDEA002210196423400
425389.0,Harry Gwala,Umzimkhulu,Rietvlei,Ginyiqhinga Secondary School,Harry Gwala,-,2022-04-08,15 Acer Learner Laptop,NXADDEA00221019CD33400
425389.0,Harry Gwala,Umzimkhulu,Rietvlei,Ginyiqhinga Secondary School,Harry Gwala,-,2022-04-08,15 Acer Learner Laptop,NXADDEA002210196093400
425389.0,Harry Gwala,Umzimkhulu,Rietvlei,Ginyiqhinga Secondary School,Harry Gwala,-,2022-04-08,15 Acer Learner Laptop,NXADDEA002210195593400
425389.0,Harry Gwala,Umzimkhulu,Rietvlei,Ginyiqhinga Secondary School,Harry Gwala,-,2022-04-08,15 Acer Learner Laptop,NXADDEA00221019CD23400
425389.0,Harry Gwala,Umzimkhulu,Rietvlei,Ginyiqhinga Secondary School,Harry Gwala,-,2022-04-08,15 Acer Learner Laptop,NXADDEA002210195543400
425389.0,Harry Gwala,Umzimkhulu,Rietvlei,Ginyiqhinga Secondary School,Harry Gwala,-,2024-09-27,Ultra Link Projector Bracket,
425389.0,Harry Gwala,Umzimkhulu,Rietvlei,Ginyiqhinga Secondary School,Harry Gwala,-,2024-09-27,Interactive Flat Panel Screen,
425389.0,Harry Gwala,Umzimkhulu,Rietvlei,Ginyiqhinga Secondary School,Harry Gwala,-,2023-04-24,Whiteboard,
425389.0,Harry Gwala,Umzimkhulu,Rietvlei,Ginyiqhinga Secondary School,Harry Gwala,-,2024-09-27,15 Acer Teacher Laptop,NXADDEA002210190083400
425389.0,Harry Gwala,Umzimkhulu,Rietvlei,Ginyiqhinga Secondary School,Harry Gwala,-,2024-09-27,15 Acer Teacher Laptop,NXADDEA002210184923400
425389.0,Harry Gwala,Umzimkhulu,Rietvlei,Ginyiqhinga Secondary School,Harry Gwala,-,2024-09-27,15 Acer Teacher Laptop,NXADDEA002210195003400
425389.0,Harry Gwala,Umzimkhulu,Rietvlei,Ginyiqhinga Secondary School,Harry Gwala,-,2024-09-27,15 Acer Teacher Laptop,NXADDEA002210194803400
425389.0,Harry Gwala,Umzimkhulu,Rietvlei,Ginyiqhinga Secondary School,Harry Gwala,-,2024-09-27,15 Acer Teacher Laptop,NXADDEA002210193023400
425389.0,Harry Gwala,Umzimkhulu,Rietvlei,Ginyiqhinga Secondary School,Harry Gwala,-,2024-09-27,15 Acer Teacher Laptop,NXADDEA002210191403400
425389.0,Harry Gwala,Umzimkhulu,Rietvlei,Ginyiqhinga Secondary School,Harry Gwala,-,2024-09-27,15 Acer Teacher Laptop,NXADDEA002210198993400
425389.0,Harry Gwala,Umzimkhulu,Rietvlei,Ginyiqhinga Secondary School,Harry Gwala,-,2024-09-27,15 Acer Teacher Laptop,NXADDEA002210140083400
425389.0,Harry Gwala,Umzimkhulu,Rietvlei,Ginyiqhinga Secondary School,Harry Gwala,-,2024-09-27,15 Acer Teacher Laptop,NXADDEA002210197753400
425389.0,Harry Gwala,Umzimkhulu,Rietvlei,Ginyiqhinga Secondary School,Harry Gwala,-,2024-09-27,15 Acer Teacher Laptop,NXADDEA002210191043400
425389.0,Harry Gwala,Umzimkhulu,Rietvlei,Ginyiqhinga Secondary School,Harry Gwala,-,2024-09-27,15 Acer Teacher Laptop,NXADDEA002210198053400
425389.0,Harry Gwala,Umzimkhulu,Rietvlei,Ginyiqhinga Secondary School,Harry Gwala,-,2024-09-27,15 Acer Teacher Laptop,NXADDEA002210190093400
425389.0,Harry Gwala,Umzimkhulu,Rietvlei,Ginyiqhinga Secondary School,Harry Gwala,-,2024-09-27,15 Acer Teacher Laptop,NXADDEA002210148DF3400
425389.0,Harry Gwala,Umzimkhulu,Rietvlei,Ginyiqhinga Secondary School,Harry Gwala,-,2024-09-27,15 Acer Teacher Laptop,NXADDEA002210190F93400
425389.0,Harry Gwala,Umzimkhulu,Rietvlei,Ginyiqhinga Secondary School,Harry Gwala,-,2024-09-27,15 Acer Teacher Laptop,NXADDEA002210193093400
425389.0,Harry Gwala,Umzimkhulu,Rietvlei,Ginyiqhinga Secondary School,Harry Gwala,-,2024-09-27,15 Acer Teacher Laptop,NXADDEA002210198093400
425389.0,Harry Gwala,Umzimkhulu,Rietvlei,Ginyiqhinga Secondary School,Harry Gwala,-,2024-09-27,15 Acer Teacher Laptop,NXADDEA002210194083400
425389.0,Harry Gwala,Umzimkhulu,Rietvlei,Ginyiqhinga Secondary School,Harry Gwala,-,2024-09-27,15 Acer Teacher Laptop,NXADDEA002210198843400
425389.0,Harry Gwala,Umzimkhulu,Rietvlei,Ginyiqhinga Secondary School,Harry Gwala,-,2024-09-27,15 Acer Teacher Laptop,NXADDEA0022101903F3400
425389.0,Harry Gwala,Umzimkhulu,Rietvlei,Ginyiqhinga Secondary School,Harry Gwala,-,2024-09-27,15 Acer Teacher Laptop,NXADDEA002210196243400
152218.0,Ilembe,Stanger,Umhlali,Groutville High School, Ilembe,13,2022-12-06,Acer Data Projector,MRJR71100N146024155910
152218.0,Ilembe,Stanger,Umhlali,Groutville High School, Ilembe,13,2022-12-06,Projector Bracket,
152218.0,Ilembe,Stanger,Umhlali,Groutville High School, Ilembe,13,2022-12-06,20M HDMI Cable,
152218.0,Ilembe,Stanger,Umhlali,Groutville High School, Ilembe,-,2022-06-15,Epson Ultra Short Throw Projector Bracket,X8YD1365541
152218.0,Ilembe,Stanger,Umhlali,Groutville High School, Ilembe,-,2022-06-15,Epson Ultra Short Throw Projector,X8VX1401521
152218.0,Ilembe,Stanger,Umhlali,Groutville High School, Ilembe,-,2022-06-01,Matt White Boards,
152218.0,Ilembe,Stanger,Umhlali,Groutville High School, Ilembe,-,2014-06-22,Pen trays,
152218.0,Ilembe,Stanger,Umhlali,Groutville High School, Ilembe,-,-,Whiteboard liquid cleaner,
152218.0,Ilembe,Stanger,Umhlali,Groutville High School, Ilembe,-,2024-09-27,Whiteboard Eraser,
152218.0,Ilembe,Stanger,Umhlali,Groutville High School, Ilembe,-,2024-09-27,Whiteboard Markers,
152218.0,Ilembe,Stanger,Umhlali,Groutville High School, Ilembe,8,2022-06-01,LENOVO - TEACHER LAPTOP,(83 unique serials)
152218.0,Ilembe,Stanger,Umhlali,Groutville High School, Ilembe,-,2022-06-28,LENOVO - LEARNER LAPTOP,(40 unique serials)
152218.0,Ilembe,Stanger,Umhlali,Groutville High School, Ilembe,9,2025-07-22,Projector Brackets,
152218.0,Ilembe,Stanger,Umhlali,Groutville High School, Ilembe,-,2022-09-16,HDMI Cables,
152218.0,Ilembe,Stanger,Umhlali,Groutville High School, Ilembe,-,2024-09-27,Interactive Flat Smart Screen,
152218.0,Ilembe,Stanger,Umhlali,Groutville High School, Ilembe,-,2022-09-07,Epson H971B Data Projector,(38 unique serials)
152218.0,Ilembe,Stanger,Umhlali,Groutville High School, Ilembe,-,2024-09-27,20M Extension Cable,
152218.0,Ilembe,Stanger,Umhlali,Groutville High School, Ilembe,-,2024-09-27,Cattle Cord,
319828.0,King Cetshwayo,Umhlathuze,Mthunzini,Isandlwana High School,King Cetshwayo,-,-,ViewSonic Data Projector,VOR220002464
319828.0,King Cetshwayo,Umhlathuze,Mthunzini,Isandlwana High School,King Cetshwayo,-,-,ViewSonic Data Projector,VOR220002479
319828.0,King Cetshwayo,Umhlathuze,Mthunzini,Isandlwana High School,King Cetshwayo,-,-,ViewSonic Data Projector,VOR220002468
319828.0,King Cetshwayo,Umhlathuze,Mthunzini,Isandlwana High School,King Cetshwayo,-,-,ViewSonic Data Projector,VOR220002477
319828.0,King Cetshwayo,Umhlathuze,Mthunzini,Isandlwana High School,King Cetshwayo,-,-,ViewSonic Data Projector,VOR220002481
319828.0,King Cetshwayo,Umhlathuze,Mthunzini,Isandlwana High School,King Cetshwayo,-,-,ViewSonic Data Projector,VOR220002464
319828.0,King Cetshwayo,Umhlathuze,Mthunzini,Isandlwana High School,King Cetshwayo,-,-,ViewSonic Data Projector,VOR220002507
319828.0,King Cetshwayo,Umhlathuze,Mthunzini,Isandlwana High School,King Cetshwayo,-,-,ViewSonic Data Projector,VOR220002609
319828.0,King Cetshwayo,Umhlathuze,Mthunzini,Isandlwana High School,King Cetshwayo,-,-,ViewSonic Data Projector,VOR220002595
319828.0,King Cetshwayo,Umhlathuze,Mthunzini,Isandlwana High School,King Cetshwayo,-,-,ViewSonic Data Projector,VOR220002624
319828.0,King Cetshwayo,Umhlathuze,Mthunzini,Isandlwana High School,King Cetshwayo,-,-,ViewSonic Data Projector,VOR220002478
319828.0,King Cetshwayo,Umhlathuze,Mthunzini,Isandlwana High School,King Cetshwayo,-,-,ViewSonic Data Projector,VOR220002511
319828.0,King Cetshwayo,Umhlathuze,Mthunzini,Isandlwana High School,King Cetshwayo,-,-,ViewSonic Data Projector,VOR220002482
319828.0,King Cetshwayo,Umhlathuze,Mthunzini,Isandlwana High School,King Cetshwayo,-,-,ViewSonic Data Projector,VOR220002519
319828.0,King Cetshwayo,Umhlathuze,Mthunzini,Isandlwana High School,King Cetshwayo,-,-,ViewSonic Data Projector,VOR220002627
319828.0,King Cetshwayo,Umhlathuze,Mthunzini,Isandlwana High School,King Cetshwayo,-,-,ViewSonic Data Projector,VOR220002630
319828.0,King Cetshwayo,Umhlathuze,Mthunzini,Isandlwana High School,King Cetshwayo,-,-,ViewSonic Data Projector,VOR220002499
319828.0,King Cetshwayo,Umhlathuze,Mthunzini,Isandlwana High School,King Cetshwayo,-,-,ViewSonic Data Projector,VOR220002652
319828.0,King Cetshwayo,Umhlathuze,Mthunzini,Isandlwana High School,King Cetshwayo,-,-,ViewSonic Data Projector,VOR220002638
319828.0,King Cetshwayo,Umhlathuze,Mthunzini,Isandlwana High School,King Cetshwayo,-,-,ViewSonic Data Projector,VOR220002636
319828.0,King Cetshwayo,Umhlathuze,Mthunzini,Isandlwana High School,King Cetshwayo,-,-,ViewSonic Data Projector,VOR220002496
319828.0,King Cetshwayo,Umhlathuze,Mthunzini,Isandlwana High School,King Cetshwayo,-,-,ViewSonic Data Projector,VOR220002469
319828.0,King Cetshwayo,Umhlathuze,Mthunzini,Isandlwana High School,King Cetshwayo,-,-,ViewSonic Data Projector,VOR220002632
319828.0,King Cetshwayo,Umhlathuze,Mthunzini,Isandlwana High School,King Cetshwayo,-,-,ViewSonic Data Projector,VOR220002593
319828.0,King Cetshwayo,Umhlathuze,Mthunzini,Isandlwana High School,King Cetshwayo,-,-,ViewSonic Data Projector,VOR220002646
319828.0,King Cetshwayo,Umhlathuze,Mthunzini,Isandlwana High School,King Cetshwayo,-,-,ViewSonic Data Projector,VOR220002515
319828.0,King Cetshwayo,Umhlathuze,Mthunzini,Isandlwana High School,King Cetshwayo,9,2022-09-08,Interactive Flat Panel - Screen,
319828.0,King Cetshwayo,Umhlathuze,Mthunzini,Isandlwana High School,King Cetshwayo,-,2024-09-27,HDMI Cables,
319828.0,King Cetshwayo,Umhlathuze,Mthunzini,Isandlwana High School,King Cetshwayo,6,-,Ultra Link Projector Brackets,
319828.0,King Cetshwayo,Umhlathuze,Mthunzini,Isandlwana High School,King Cetshwayo,3,-,Ultra Short Throw,X8W81Y01844
319828.0,King Cetshwayo,Umhlathuze,Mthunzini,Isandlwana High School,King Cetshwayo,4,2022-10-20,Ultra Short Throw Setting Plate,V12HA06A06
319828.0,King Cetshwayo,Umhlathuze,Mthunzini,Isandlwana High School,King Cetshwayo,6,2022-09-13,Projection Whiteboards,
319828.0,King Cetshwayo,Umhlathuze,Mthunzini,Isandlwana High School,King Cetshwayo,6,2022-09-13,Pen Trays,
319828.0,King Cetshwayo,Umhlathuze,Mthunzini,Isandlwana High School,King Cetshwayo,6,2022-09-13,Whiteboard Markers,
319828.0,King Cetshwayo,Umhlathuze,Mthunzini,Isandlwana High School,King Cetshwayo,14,2022-09-27,Laptop charging Trolley,
319828.0,King Cetshwayo,Umhlathuze,Mthunzini,Isandlwana High School,King Cetshwayo,-,2021-09-22,Teacher Acer Laptop,NXADDEA002210192883400
319828.0,King Cetshwayo,Umhlathuze,Mthunzini,Isandlwana High School,King Cetshwayo,-,2021-09-22,Teacher Acer Laptop,NXADDEA002210192883400
319828.0,King Cetshwayo,Umhlathuze,Mthunzini,Isandlwana High School,King Cetshwayo,-,2021-09-22,Teacher Acer Laptop,NXADDEA002210191443400
319828.0,King Cetshwayo,Umhlathuze,Mthunzini,Isandlwana High School,King Cetshwayo,-,2021-09-22,Teacher Acer Laptop,NXADDEA002210196583400
319828.0,King Cetshwayo,Umhlathuze,Mthunzini,Isandlwana High School,King Cetshwayo,-,2021-09-22,Teacher Acer Laptop,NXADDEA002210192DF3400
319828.0,King Cetshwayo,Umhlathuze,Mthunzini,Isandlwana High School,King Cetshwayo,-,2021-09-22,Teacher Acer Laptop,NXADDEA002210199063400
319828.0,King Cetshwayo,Umhlathuze,Mthunzini,Isandlwana High School,King Cetshwayo,-,2021-09-22,Teacher Acer Laptop,NXADDEA002210198F53400
319828.0,King Cetshwayo,Umhlathuze,Mthunzini,Isandlwana High School,King Cetshwayo,-,2021-09-22,Teacher Acer Laptop,NXADDEA002210199503400
319828.0,King Cetshwayo,Umhlathuze,Mthunzini,Isandlwana High School,King Cetshwayo,-,2021-09-22,Teacher Acer Laptop,NXADDEA002210199C73400
319828.0,King Cetshwayo,Umhlathuze,Mthunzini,Isandlwana High School,King Cetshwayo,-,2021-09-22,Teacher Acer Laptop,NXADDEA002210199D03400
319828.0,King Cetshwayo,Umhlathuze,Mthunzini,Isandlwana High School,King Cetshwayo,-,2021-09-22,Teacher Acer Laptop,NXADDEA0022101964D3400
319828.0,King Cetshwayo,Umhlathuze,Mthunzini,Isandlwana High School,King Cetshwayo,-,2021-09-22,Teacher Acer Laptop,NXADDEA002210193653400
319828.0,King Cetshwayo,Umhlathuze,Mthunzini,Isandlwana High School,King Cetshwayo,-,2021-09-22,Teacher Acer Laptop,NXADDEA0022101964F3400
319828.0,King Cetshwayo,Umhlathuze,Mthunzini,Isandlwana High School,King Cetshwayo,-,2021-09-22,Teacher Acer Laptop,NXADDEA002210196533400
319828.0,King Cetshwayo,Umhlathuze,Mthunzini,Isandlwana High School,King Cetshwayo,-,2021-09-22,Teacher Acer Laptop,NXADDEA002210198EA3400
319828.0,King Cetshwayo,Umhlathuze,Mthunzini,Isandlwana High School,King Cetshwayo,-,2021-09-22,Teacher Acer Laptop,NXADDEA002210198AF3400
319828.0,King Cetshwayo,Umhlathuze,Mthunzini,Isandlwana High School,King Cetshwayo,-,2021-09-22,Teacher Acer Laptop,NXADDEA002210190B03400
319828.0,King Cetshwayo,Umhlathuze,Mthunzini,Isandlwana High School,King Cetshwayo,-,2021-09-22,Teacher Acer Laptop,NXADDEA002210196603400
319828.0,King Cetshwayo,Umhlathuze,Mthunzini,Isandlwana High School,King Cetshwayo,-,2021-09-22,Teacher Acer Laptop,NXADDEA002210192963400
319828.0,King Cetshwayo,Umhlathuze,Mthunzini,Isandlwana High School,King Cetshwayo,-,2021-09-22,Teacher Acer Laptop,NXADDEA002210192BC3400
319828.0,King Cetshwayo,Umhlathuze,Mthunzini,Isandlwana High School,King Cetshwayo,-,2021-09-22,Teacher Acer Laptop,NXADDEA002210195633400
319828.0,King Cetshwayo,Umhlathuze,Mthunzini,Isandlwana High School,King Cetshwayo,-,2021-09-22,Teacher Acer Laptop,NXADDEA002210190CB3400
319828.0,King Cetshwayo,Umhlathuze,Mthunzini,Isandlwana High School,King Cetshwayo,10,-,Learner Acer Laptop,NXADDEA002210199603400
319828.0,King Cetshwayo,Umhlathuze,Mthunzini,Isandlwana High School,King Cetshwayo,10,-,Learner Acer Laptop,NXADDEA002210195243400
319828.0,King Cetshwayo,Umhlathuze,Mthunzini,Isandlwana High School,King Cetshwayo,10,-,Learner Acer Laptop,NXADDEA002210198883400
319828.0,King Cetshwayo,Umhlathuze,Mthunzini,Isandlwana High School,King Cetshwayo,10,-,Learner Acer Laptop,NXADDEA002210141503400
319828.0,King Cetshwayo,Umhlathuze,Mthunzini,Isandlwana High School,King Cetshwayo,10,-,Learner Acer Laptop,NXADDEA002210144933400
319828.0,King Cetshwayo,Umhlathuze,Mthunzini,Isandlwana High School,King Cetshwayo,10,-,Learner Acer Laptop,NXADDEA002210196243400
319828.0,King Cetshwayo,Umhlathuze,Mthunzini,Isandlwana High School,King Cetshwayo,10,-,Learner Acer Laptop,NXADDEA002210192273400
319828.0,King Cetshwayo,Umhlathuze,Mthunzini,Isandlwana High School,King Cetshwayo,10,-,Learner Acer Laptop,NXADDEA002210196463400
319828.0,King Cetshwayo,Umhlathuze,Mthunzini,Isandlwana High School,King Cetshwayo,10,-,Learner Acer Laptop,NXADDEA002210199933400
319828.0,King Cetshwayo,Umhlathuze,Mthunzini,Isandlwana High School,King Cetshwayo,10,-,Learner Acer Laptop,NXADDEA002210196353400
319828.0,King Cetshwayo,Umhlathuze,Mthunzini,Isandlwana High School,King Cetshwayo,10,-,Learner Acer Laptop,NXADDEA002210196253400
319828.0,King Cetshwayo,Umhlathuze,Mthunzini,Isandlwana High School,King Cetshwayo,10,-,Learner Acer Laptop,NXADDEA002210197503400
319828.0,King Cetshwayo,Umhlathuze,Mthunzini,Isandlwana High School,King Cetshwayo,10,-,Learner Acer Laptop,NXADDEA002210196503400
319828.0,King Cetshwayo,Umhlathuze,Mthunzini,Isandlwana High School,King Cetshwayo,10,-,Learner Acer Laptop,NXADDEA002210195303400
319828.0,King Cetshwayo,Umhlathuze,Mthunzini,Isandlwana High School,King Cetshwayo,10,-,Learner Acer Laptop,NXADDEA002210196453400
319828.0,King Cetshwayo,Umhlathuze,Mthunzini,Isandlwana High School,King Cetshwayo,10,-,Learner Acer Laptop,NXADDEA002210195083400
319828.0,King Cetshwayo,Umhlathuze,Mthunzini,Isandlwana High School,King Cetshwayo,10,-,Learner Acer Laptop,NXADDEA002210198053400
319828.0,King Cetshwayo,Umhlathuze,Mthunzini,Isandlwana High School,King Cetshwayo,10,-,Learner Acer Laptop,NXADDEA002210195513400
319828.0,King Cetshwayo,Umhlathuze,Mthunzini,Isandlwana High School,King Cetshwayo,10,-,Learner Acer Laptop,NXADDEA002210195333400
319828.0,King Cetshwayo,Umhlathuze,Mthunzini,Isandlwana High School,King Cetshwayo,10,-,Learner Acer Laptop,NXADDEA002210194333400
319828.0,King Cetshwayo,Umhlathuze,Mthunzini,Isandlwana High School,King Cetshwayo,10,-,Learner Acer Laptop,NXADDEA002210196613400
319828.0,King Cetshwayo,Umhlathuze,Mthunzini,Isandlwana High School,King Cetshwayo,10,-,Learner Acer Laptop,NXADDEA002210190413400
319828.0,King Cetshwayo,Umhlathuze,Mthunzini,Isandlwana High School,King Cetshwayo,10,-,Learner Acer Laptop,NXADDEA002210196563400
319828.0,King Cetshwayo,Umhlathuze,Mthunzini,Isandlwana High School,King Cetshwayo,10,-,Learner Acer Laptop,NXADDEA002210196523400
319828.0,King Cetshwayo,Umhlathuze,Mthunzini,Isandlwana High School,King Cetshwayo,10,-,Learner Acer Laptop,NXADDEA002210196453400
319828.0,King Cetshwayo,Umhlathuze,Mthunzini,Isandlwana High School,King Cetshwayo,10,-,Learner Acer Laptop,NXADDEA0022101A0193400
319828.0,King Cetshwayo,Umhlathuze,Mthunzini,Isandlwana High School,King Cetshwayo,10,-,Learner Acer Laptop,NXADDEA002210196653400
319828.0,King Cetshwayo,Umhlathuze,Mthunzini,Isandlwana High School,King Cetshwayo,10,-,Learner Acer Laptop,NXADDEA0022101964C3400
319828.0,King Cetshwayo,Umhlathuze,Mthunzini,Isandlwana High School,King Cetshwayo,10,-,Learner Acer Laptop,NXADDEA00221019C923400
319828.0,King Cetshwayo,Umhlathuze,Mthunzini,Isandlwana High School,King Cetshwayo,10,-,Learner Acer Laptop,NXADDEA002210192213400
319828.0,King Cetshwayo,Umhlathuze,Mthunzini,Isandlwana High School,King Cetshwayo,10,-,Learner Acer Laptop,NXADDEA002210190F23400
319828.0,King Cetshwayo,Umhlathuze,Mthunzini,Isandlwana High School,King Cetshwayo,10,-,Learner Acer Laptop,NXADDEA00221019DF73400
319828.0,King Cetshwayo,Umhlathuze,Mthunzini,Isandlwana High School,King Cetshwayo,10,-,Learner Acer Laptop,NXADDEA00221019A173400
319828.0,King Cetshwayo,Umhlathuze,Mthunzini,Isandlwana High School,King Cetshwayo,10,-,Learner Acer Laptop,NXADDEA002210199A93400
319828.0,King Cetshwayo,Umhlathuze,Mthunzini,Isandlwana High School,King Cetshwayo,10,-,Learner Acer Laptop,NXADDEA002210198A23400
319828.0,King Cetshwayo,Umhlathuze,Mthunzini,Isandlwana High School,King Cetshwayo,10,-,Learner Acer Laptop,NXADDEA002210191003400
319828.0,King Cetshwayo,Umhlathuze,Mthunzini,Isandlwana High School,King Cetshwayo,10,-,Learner Acer Laptop,NXADDEA002210198C73400
319828.0,King Cetshwayo,Umhlathuze,Mthunzini,Isandlwana High School,King Cetshwayo,10,-,Learner Acer Laptop,NXADDEA002210190953400
319828.0,King Cetshwayo,Umhlathuze,Mthunzini,Isandlwana High School,King Cetshwayo,10,-,Learner Acer Laptop,NXADDEA002210199183400
319828.0,King Cetshwayo,Umhlathuze,Mthunzini,Isandlwana High School,King Cetshwayo,10,-,Learner Acer Laptop,NXADDEA0022101965A3400
169201.0,Umlazi,Umbumbulu,Mafa,Isolemamba High School,Umlazi,8,2022-06-28,CONTENT ACCESS POINT,
169201.0,Umlazi,Umbumbulu,Mafa,Isolemamba High School,Umlazi,-,2024-09-27,Epson Data Projector,x8912101430
169201.0,Umlazi,Umbumbulu,Mafa,Isolemamba High School,Umlazi,-,2024-09-27,Epson Data Projector,x8912501797
169201.0,Umlazi,Umbumbulu,Mafa,Isolemamba High School,Umlazi,-,2024-09-27,Epson Data Projector,x8912501482
169201.0,Umlazi,Umbumbulu,Mafa,Isolemamba High School,Umlazi,-,2024-09-27,Epson Data Projector,x8812203823
169201.0,Umlazi,Umbumbulu,Mafa,Isolemamba High School,Umlazi,-,2024-09-27,Epson Data Projector,x8912501793
169201.0,Umlazi,Umbumbulu,Mafa,Isolemamba High School,Umlazi,-,2024-09-27,Epson Data Projector,x8912501007
169201.0,Umlazi,Umbumbulu,Mafa,Isolemamba High School,Umlazi,-,2024-09-27,Epson Data Projector,x8912300719
169201.0,Umlazi,Umbumbulu,Mafa,Isolemamba High School,Umlazi,-,2024-09-27,Epson Data Projector,x8912500730
169201.0,Umlazi,Umbumbulu,Mafa,Isolemamba High School,Umlazi,-,2024-09-27,Epson Data Projector,x8912501802
169201.0,Umlazi,Umbumbulu,Mafa,Isolemamba High School,Umlazi,-,2024-09-27,Epson Data Projector,x8912301042
169201.0,Umlazi,Umbumbulu,Mafa,Isolemamba High School,Umlazi,-,2024-09-27,Epson Data Projector,x8912501419
169201.0,Umlazi,Umbumbulu,Mafa,Isolemamba High School,Umlazi,-,2024-09-27,Epson Data Projector,x8912501450
169201.0,Umlazi,Umbumbulu,Mafa,Isolemamba High School,Umlazi,-,2024-09-27,Epson Data Projector,x8912200418
169201.0,Umlazi,Umbumbulu,Mafa,Isolemamba High School,Umlazi,-,2024-09-27,Epson Data Projector,x8912501803
169201.0,Umlazi,Umbumbulu,Mafa,Isolemamba High School,Umlazi,-,2024-09-27,Epson Data Projector,x8912501785
169201.0,Umlazi,Umbumbulu,Mafa,Isolemamba High School,Umlazi,-,2024-09-27,Epson Data Projector,x8912300785
169201.0,Umlazi,Umbumbulu,Mafa,Isolemamba High School,Umlazi,-,2024-09-27,Epson Data Projector,x8912501799
169201.0,Umlazi,Umbumbulu,Mafa,Isolemamba High School,Umlazi,-,2024-09-27,Epson Data Projector,x8912501428
169201.0,Umlazi,Umbumbulu,Mafa,Isolemamba High School,Umlazi,-,2024-09-27,Epson Data Projector,x8912501730
169201.0,Umlazi,Umbumbulu,Mafa,Isolemamba High School,Umlazi,-,2024-09-27,Epson Data Projector,x8912201480
169201.0,Umlazi,Umbumbulu,Mafa,Isolemamba High School,Umlazi,-,2024-09-27,Epson Data Projector,x8912501783
169201.0,Umlazi,Umbumbulu,Mafa,Isolemamba High School,Umlazi,-,2024-09-27,Epson Data Projector,x8912501418
169201.0,Umlazi,Umbumbulu,Mafa,Isolemamba High School,Umlazi,-,2024-09-27,Epson Data Projector,x8912501433
169201.0,Umlazi,Umbumbulu,Mafa,Isolemamba High School,Umlazi,-,2024-09-27,Epson Data Projector,x8912500891
169201.0,Umlazi,Umbumbulu,Mafa,Isolemamba High School,Umlazi,-,2024-09-27,Epson Data Projector,x8912500966
169201.0,Umlazi,Umbumbulu,Mafa,Isolemamba High School,Umlazi,7,2022-06-28,LAPTOP CHARGING TROLLEY,
169201.0,Umlazi,Umbumbulu,Mafa,Isolemamba High School,Umlazi,-,-,LENOVO - LEARNERS LAPTOP,spf3enz4d
169201.0,Umlazi,Umbumbulu,Mafa,Isolemamba High School,Umlazi,-,-,LENOVO - LEARNERS LAPTOP,spf3eny4
169201.0,Umlazi,Umbumbulu,Mafa,Isolemamba High School,Umlazi,-,-,LENOVO - LEARNERS LAPTOP,spf3dsewy
169201.0,Umlazi,Umbumbulu,Mafa,Isolemamba High School,Umlazi,-,-,LENOVO - LEARNERS LAPTOP,spf3dset6
169201.0,Umlazi,Umbumbulu,Mafa,Isolemamba High School,Umlazi,-,-,LENOVO - LEARNERS LAPTOP,spf3eq3qr
169201.0,Umlazi,Umbumbulu,Mafa,Isolemamba High School,Umlazi,-,-,LENOVO - LEARNERS LAPTOP,spf3g0hrj
169201.0,Umlazi,Umbumbulu,Mafa,Isolemamba High School,Umlazi,-,-,LENOVO - LEARNERS LAPTOP,spf3e41ay
169201.0,Umlazi,Umbumbulu,Mafa,Isolemamba High School,Umlazi,-,-,LENOVO - LEARNERS LAPTOP,spf3g02ea
169201.0,Umlazi,Umbumbulu,Mafa,Isolemamba High School,Umlazi,-,-,LENOVO - LEARNERS LAPTOP,spf3g0hsj
169201.0,Umlazi,Umbumbulu,Mafa,Isolemamba High School,Umlazi,-,-,LENOVO - LEARNERS LAPTOP,spf3epjf2
169201.0,Umlazi,Umbumbulu,Mafa,Isolemamba High School,Umlazi,-,-,LENOVO - LEARNERS LAPTOP,spf3ep526
169201.0,Umlazi,Umbumbulu,Mafa,Isolemamba High School,Umlazi,-,-,LENOVO - LEARNERS LAPTOP,spf3eptw3
169201.0,Umlazi,Umbumbulu,Mafa,Isolemamba High School,Umlazi,-,-,LENOVO - LEARNERS LAPTOP,spf3dseyp
169201.0,Umlazi,Umbumbulu,Mafa,Isolemamba High School,Umlazi,-,-,LENOVO - LEARNERS LAPTOP,spf3e3yg
169201.0,Umlazi,Umbumbulu,Mafa,Isolemamba High School,Umlazi,-,-,LENOVO - LEARNERS LAPTOP,spf3dsetv
169201.0,Umlazi,Umbumbulu,Mafa,Isolemamba High School,Umlazi,-,-,LENOVO - LEARNERS LAPTOP,spf3ec8lf
169201.0,Umlazi,Umbumbulu,Mafa,Isolemamba High School,Umlazi,-,-,LENOVO - LEARNERS LAPTOP,spf3dsf0n
169201.0,Umlazi,Umbumbulu,Mafa,Isolemamba High School,Umlazi,-,-,LENOVO - LEARNERS LAPTOP,spf3e3j6p
169201.0,Umlazi,Umbumbulu,Mafa,Isolemamba High School,Umlazi,-,-,LENOVO - LEARNERS LAPTOP,spf3dwcr1
169201.0,Umlazi,Umbumbulu,Mafa,Isolemamba High School,Umlazi,-,-,LENOVO - LEARNERS LAPTOP,spf3dwf56
169201.0,Umlazi,Umbumbulu,Mafa,Isolemamba High School,Umlazi,-,-,LENOVO - LEARNERS LAPTOP,spf3eptza
169201.0,Umlazi,Umbumbulu,Mafa,Isolemamba High School,Umlazi,-,-,LENOVO - LEARNERS LAPTOP,spf3g0fra
169201.0,Umlazi,Umbumbulu,Mafa,Isolemamba High School,Umlazi,-,-,LENOVO - LEARNERS LAPTOP,spf3epqwn
169201.0,Umlazi,Umbumbulu,Mafa,Isolemamba High School,Umlazi,-,-,LENOVO - LEARNERS LAPTOP,spf3faq8a
169201.0,Umlazi,Umbumbulu,Mafa,Isolemamba High School,Umlazi,-,-,LENOVO - LEARNERS LAPTOP,spf3e3nqt
169201.0,Umlazi,Umbumbulu,Mafa,Isolemamba High School,Umlazi,-,-,LENOVO - LEARNERS LAPTOP,spf3fpe6v
169201.0,Umlazi,Umbumbulu,Mafa,Isolemamba High School,Umlazi,-,-,LENOVO - LEARNERS LAPTOP,spf3erxb
169201.0,Umlazi,Umbumbulu,Mafa,Isolemamba High School,Umlazi,-,-,LENOVO - LEARNERS LAPTOP,spf3eg3m1
169201.0,Umlazi,Umbumbulu,Mafa,Isolemamba High School,Umlazi,-,-,LENOVO - LEARNERS LAPTOP,spf3frv4r
169201.0,Umlazi,Umbumbulu,Mafa,Isolemamba High School,Umlazi,-,-,LENOVO - LEARNERS LAPTOP,spf3frwxs
169201.0,Umlazi,Umbumbulu,Mafa,Isolemamba High School,Umlazi,-,-,LENOVO - LEARNERS LAPTOP,spf3ep1dh
169201.0,Umlazi,Umbumbulu,Mafa,Isolemamba High School,Umlazi,-,-,LENOVO - LEARNERS LAPTOP,spf3enwwz
169201.0,Umlazi,Umbumbulu,Mafa,Isolemamba High School,Umlazi,-,-,LENOVO - LEARNERS LAPTOP,spf3ep3g2
169201.0,Umlazi,Umbumbulu,Mafa,Isolemamba High School,Umlazi,-,-,LENOVO - LEARNERS LAPTOP,spf3dwhj2
169201.0,Umlazi,Umbumbulu,Mafa,Isolemamba High School,Umlazi,-,-,LENOVO - LEARNERS LAPTOP,spf3dwear
169201.0,Umlazi,Umbumbulu,Mafa,Isolemamba High School,Umlazi,-,-,LENOVO - LEARNERS LAPTOP,spf3dwadz
169201.0,Umlazi,Umbumbulu,Mafa,Isolemamba High School,Umlazi,-,-,LENOVO - LEARNERS LAPTOP,spf3ep1f1
169201.0,Umlazi,Umbumbulu,Mafa,Isolemamba High School,Umlazi,-,-,LENOVO - LEARNERS LAPTOP,spf3epnhf
169201.0,Umlazi,Umbumbulu,Mafa,Isolemamba High School,Umlazi,-,-,LENOVO - LEARNERS LAPTOP,spf3es06l
169201.0,Umlazi,Umbumbulu,Mafa,Isolemamba High School,Umlazi,-,-,LENOVO - LEARNERS LAPTOP,spf3fpe92
169201.0,Umlazi,Umbumbulu,Mafa,Isolemamba High School,Umlazi,6,2022-06-28 00:00:00,LENOVO - TEACHER LAPTOP,spf3dxvlv
169201.0,Umlazi,Umbumbulu,Mafa,Isolemamba High School,Umlazi,6,2022-06-29 00:00:00,LENOVO - TEACHER LAPTOP,spf3eplad
169201.0,Umlazi,Umbumbulu,Mafa,Isolemamba High School,Umlazi,6,2022-06-30 00:00:00,LENOVO - TEACHER LAPTOP,spf3engyn
169201.0,Umlazi,Umbumbulu,Mafa,Isolemamba High School,Umlazi,6,2022-07-01 00:00:00,LENOVO - TEACHER LAPTOP,spf3ec7h2
169201.0,Umlazi,Umbumbulu,Mafa,Isolemamba High School,Umlazi,6,2022-07-02 00:00:00,LENOVO - TEACHER LAPTOP,spf3e3shy
169201.0,Umlazi,Umbumbulu,Mafa,Isolemamba High School,Umlazi,6,2022-07-03 00:00:00,LENOVO - TEACHER LAPTOP,spf3dxv60
169201.0,Umlazi,Umbumbulu,Mafa,Isolemamba High School,Umlazi,6,2022-07-04 00:00:00,LENOVO - TEACHER LAPTOP,spf3ev51v
169201.0,Umlazi,Umbumbulu,Mafa,Isolemamba High School,Umlazi,6,2022-07-05 00:00:00,LENOVO - TEACHER LAPTOP,spf3fankq
169201.0,Umlazi,Umbumbulu,Mafa,Isolemamba High School,Umlazi,6,2022-07-06 00:00:00,LENOVO - TEACHER LAPTOP,spf3ennlv
169201.0,Umlazi,Umbumbulu,Mafa,Isolemamba High School,Umlazi,6,2022-07-07 00:00:00,LENOVO - TEACHER LAPTOP,spf3emwzc
169201.0,Umlazi,Umbumbulu,Mafa,Isolemamba High School,Umlazi,6,2022-07-08 00:00:00,LENOVO - TEACHER LAPTOP,spf3enm4r
169201.0,Umlazi,Umbumbulu,Mafa,Isolemamba High School,Umlazi,6,2022-07-09 00:00:00,LENOVO - TEACHER LAPTOP,spf3fsvb3
169201.0,Umlazi,Umbumbulu,Mafa,Isolemamba High School,Umlazi,6,2022-07-10 00:00:00,LENOVO - TEACHER LAPTOP,spf3dxsyk
169201.0,Umlazi,Umbumbulu,Mafa,Isolemamba High School,Umlazi,6,2022-07-11 00:00:00,LENOVO - TEACHER LAPTOP,spf3e402c
169201.0,Umlazi,Umbumbulu,Mafa,Isolemamba High School,Umlazi,6,2022-07-12 00:00:00,LENOVO - TEACHER LAPTOP,spf3e3vks
169201.0,Umlazi,Umbumbulu,Mafa,Isolemamba High School,Umlazi,6,2022-07-13 00:00:00,LENOVO - TEACHER LAPTOP,spf3f2n7a
169201.0,Umlazi,Umbumbulu,Mafa,Isolemamba High School,Umlazi,6,2022-07-14 00:00:00,LENOVO - TEACHER LAPTOP,spf3ep9j9
169201.0,Umlazi,Umbumbulu,Mafa,Isolemamba High School,Umlazi,6,2022-07-15 00:00:00,LENOVO - TEACHER LAPTOP,spf3ev59k
169201.0,Umlazi,Umbumbulu,Mafa,Isolemamba High School,Umlazi,6,2022-07-16 00:00:00,LENOVO - TEACHER LAPTOP,spf3e3yrr
169201.0,Umlazi,Umbumbulu,Mafa,Isolemamba High School,Umlazi,6,2022-07-17 00:00:00,LENOVO - TEACHER LAPTOP,spf3e3wqk
169201.0,Umlazi,Umbumbulu,Mafa,Isolemamba High School,Umlazi,6,2022-07-18 00:00:00,LENOVO - TEACHER LAPTOP,spf3ev5b8
169201.0,Umlazi,Umbumbulu,Mafa,Isolemamba High School,Umlazi,6,2022-07-19 00:00:00,LENOVO - TEACHER LAPTOP,spf3dsewa
169201.0,Umlazi,Umbumbulu,Mafa,Isolemamba High School,Umlazi,6,2022-07-20 00:00:00,LENOVO - TEACHER LAPTOP,spf3e419y
169201.0,Umlazi,Umbumbulu,Mafa,Isolemamba High School,Umlazi,6,2022-07-21 00:00:00,LENOVO - TEACHER LAPTOP,spf3ev3nb
169201.0,Umlazi,Umbumbulu,Mafa,Isolemamba High School,Umlazi,6,2022-07-22 00:00:00,LENOVO - TEACHER LAPTOP,spf3fpskb
169201.0,Umlazi,Umbumbulu,Mafa,Isolemamba High School,Umlazi,6,2022-07-23 00:00:00,LENOVO - TEACHER LAPTOP,spf3dwatn
169201.0,Umlazi,Umbumbulu,Mafa,Isolemamba High School,Umlazi,6,2022-07-24 00:00:00,LENOVO - TEACHER LAPTOP,spf3f2qex
169201.0,Umlazi,Umbumbulu,Mafa,Isolemamba High School,Umlazi,6,2022-07-25 00:00:00,LENOVO - TEACHER LAPTOP,spf3f2cgq
169201.0,Umlazi,Umbumbulu,Mafa,Isolemamba High School,Umlazi,6,2022-07-26 00:00:00,LENOVO - TEACHER LAPTOP,spf3g0xfl
169201.0,Umlazi,Umbumbulu,Mafa,Isolemamba High School,Umlazi,6,2022-07-27 00:00:00,LENOVO - TEACHER LAPTOP,spf3envgd
169201.0,Umlazi,Umbumbulu,Mafa,Isolemamba High School,Umlazi,6,2022-07-28 00:00:00,LENOVO - TEACHER LAPTOP,spf3g0mm1
169201.0,Umlazi,Umbumbulu,Mafa,Isolemamba High School,Umlazi,6,2022-07-29 00:00:00,LENOVO - TEACHER LAPTOP,spf3epjeb
169201.0,Umlazi,Umbumbulu,Mafa,Isolemamba High School,Umlazi,6,2022-07-30 00:00:00,LENOVO - TEACHER LAPTOP,spf3f2ade
169201.0,Umlazi,Umbumbulu,Mafa,Isolemamba High School,Umlazi,6,2022-07-31 00:00:00,LENOVO - TEACHER LAPTOP,spf3eq1fa
169201.0,Umlazi,Umbumbulu,Mafa,Isolemamba High School,Umlazi,6,2022-08-01 00:00:00,LENOVO - TEACHER LAPTOP,spf3fpvkl
169201.0,Umlazi,Umbumbulu,Mafa,Isolemamba High School,Umlazi,6,2022-08-02 00:00:00,LENOVO - TEACHER LAPTOP,spf3es265
169201.0,Umlazi,Umbumbulu,Mafa,Isolemamba High School,Umlazi,6,2022-08-03 00:00:00,LENOVO - TEACHER LAPTOP,spf3es171
169201.0,Umlazi,Umbumbulu,Mafa,Isolemamba High School,Umlazi,6,2022-08-04 00:00:00,LENOVO - TEACHER LAPTOP,spf3eptvr
169201.0,Umlazi,Umbumbulu,Mafa,Isolemamba High School,Umlazi,6,2022-08-05 00:00:00,LENOVO - TEACHER LAPTOP,spf3erx12
169201.0,Umlazi,Umbumbulu,Mafa,Isolemamba High School,Umlazi,6,2022-08-06 00:00:00,LENOVO - TEACHER LAPTOP,spf3fpvkv
169201.0,Umlazi,Umbumbulu,Mafa,Isolemamba High School,Umlazi,6,2022-08-07 00:00:00,LENOVO - TEACHER LAPTOP,spf3es4p2
169201.0,Umlazi,Umbumbulu,Mafa,Isolemamba High School,Umlazi,6,2022-08-08 00:00:00,LENOVO - TEACHER LAPTOP,spf3fb060
169201.0,Umlazi,Umbumbulu,Mafa,Isolemamba High School,Umlazi,6,2022-08-09 00:00:00,LENOVO - TEACHER LAPTOP,spf3esjzw
169201.0,Umlazi,Umbumbulu,Mafa,Isolemamba High School,Umlazi,6,2022-08-10 00:00:00,LENOVO - TEACHER LAPTOP,spf3g0bm5
169201.0,Umlazi,Umbumbulu,Mafa,Isolemamba High School,Umlazi,6,2022-08-11 00:00:00,LENOVO - TEACHER LAPTOP,spf3f2vd2
169201.0,Umlazi,Umbumbulu,Mafa,Isolemamba High School,Umlazi,6,2022-08-12 00:00:00,LENOVO - TEACHER LAPTOP,spf3epjcd
169201.0,Umlazi,Umbumbulu,Mafa,Isolemamba High School,Umlazi,6,2022-08-13 00:00:00,LENOVO - TEACHER LAPTOP,spf3eg3h7
169201.0,Umlazi,Umbumbulu,Mafa,Isolemamba High School,Umlazi,6,2022-08-14 00:00:00,LENOVO - TEACHER LAPTOP,spf3enwvh
169201.0,Umlazi,Umbumbulu,Mafa,Isolemamba High School,Umlazi,6,2022-08-15 00:00:00,LENOVO - TEACHER LAPTOP,spf3ep9me
169201.0,Umlazi,Umbumbulu,Mafa,Isolemamba High School,Umlazi,6,2022-08-16 00:00:00,LENOVO - TEACHER LAPTOP,spf3f2ajk
169201.0,Umlazi,Umbumbulu,Mafa,Isolemamba High School,Umlazi,2,-,White board markers - mixed colours,
169201.0,Umlazi,Umbumbulu,Mafa,Isolemamba High School,Umlazi,4,2024-09-27 00:00:00,White board cleaning fluid,
169201.0,Umlazi,Umbumbulu,Mafa,Isolemamba High School,Umlazi,-,2024-09-27,White board Eraser,
169201.0,Umlazi,Umbumbulu,Mafa,Isolemamba High School,Umlazi,-,2024-09-27,Whiteboards,
169201.0,Umlazi,Umbumbulu,Mafa,Isolemamba High School,Umlazi,-,2024-09-27,Pan Trays,
169201.0,Umlazi,Umbumbulu,Mafa,Isolemamba High School,Umlazi,-,2024-09-27,Whiteboard Markers,
169201.0,Umlazi,Umbumbulu,Mafa,Isolemamba High School,Umlazi,-,-,Whiteboard,
169201.0,Umlazi,Umbumbulu,Mafa,Isolemamba High School,Umlazi,-,2024-09-27,Parrot Projector Bracket,
169201.0,Umlazi,Umbumbulu,Mafa,Isolemamba High School,Umlazi,14,2022-09-27,Whiteboard Markers,
169201.0,Umlazi,Umbumbulu,Mafa,Isolemamba High School,Umlazi,11,2022-08-20,Ultra Short Throw Projector,V11H997040
169201.0,Umlazi,Umbumbulu,Mafa,Isolemamba High School,Umlazi,-,2024-09-27,Flat Panel (Allin one Screen),
173530.0,Zululand,Paulpietersburg,Dumbe,Khanyanjalo Secondary School, Zululand,5,2022-09-28,Mecer Content Access Point,95XD1000091H04620725
173530.0,Zululand,Paulpietersburg,Dumbe,Khanyanjalo Secondary School, Zululand,1,2022-07-20,ViewSonic Data Projector,VOR220002095
173530.0,Zululand,Paulpietersburg,Dumbe,Khanyanjalo Secondary School, Zululand,1,2022-07-20,ViewSonic Data Projector,VOR220002473
173530.0,Zululand,Paulpietersburg,Dumbe,Khanyanjalo Secondary School, Zululand,1,2022-07-20,ViewSonic Data Projector,VOR220002505
173530.0,Zululand,Paulpietersburg,Dumbe,Khanyanjalo Secondary School, Zululand,1,2022-07-20,ViewSonic Data Projector,VOR220002408
173530.0,Zululand,Paulpietersburg,Dumbe,Khanyanjalo Secondary School, Zululand,1,2022-07-20,ViewSonic Data Projector,VOR220002620
173530.0,Zululand,Paulpietersburg,Dumbe,Khanyanjalo Secondary School, Zululand,1,2022-07-20,ViewSonic Data Projector,VOR220002079
173530.0,Zululand,Paulpietersburg,Dumbe,Khanyanjalo Secondary School, Zululand,1,2022-07-20,ViewSonic Data Projector,VOR220002086
173530.0,Zululand,Paulpietersburg,Dumbe,Khanyanjalo Secondary School, Zululand,1,2022-07-20,ViewSonic Data Projector,VOR220002053
173530.0,Zululand,Paulpietersburg,Dumbe,Khanyanjalo Secondary School, Zululand,1,2022-07-20,ViewSonic Data Projector,VOR220002656
173530.0,Zululand,Paulpietersburg,Dumbe,Khanyanjalo Secondary School, Zululand,1,2022-07-20,ViewSonic Data Projector,VOR220002060
173530.0,Zululand,Paulpietersburg,Dumbe,Khanyanjalo Secondary School, Zululand,1,2022-07-20,ViewSonic Data Projector,VOR220002013
173530.0,Zululand,Paulpietersburg,Dumbe,Khanyanjalo Secondary School, Zululand,1,2022-07-20,ViewSonic Data Projector,VOR220002474
173530.0,Zululand,Paulpietersburg,Dumbe,Khanyanjalo Secondary School, Zululand,1,2022-07-20,ViewSonic Data Projector,VOR220002466
173530.0,Zululand,Paulpietersburg,Dumbe,Khanyanjalo Secondary School, Zululand,1,2022-07-20,ViewSonic Data Projector,VOR220002500
173530.0,Zululand,Paulpietersburg,Dumbe,Khanyanjalo Secondary School, Zululand,1,2022-07-20,ViewSonic Data Projector,VOR220002070
173530.0,Zululand,Paulpietersburg,Dumbe,Khanyanjalo Secondary School, Zululand,1,2022-07-20,ViewSonic Data Projector,VOR220002817
173530.0,Zululand,Paulpietersburg,Dumbe,Khanyanjalo Secondary School, Zululand,1,2022-07-20,ViewSonic Data Projector,VOR220002842
173530.0,Zululand,Paulpietersburg,Dumbe,Khanyanjalo Secondary School, Zululand,1,2022-07-20,ViewSonic Data Projector,VOR220002460
173530.0,Zululand,Paulpietersburg,Dumbe,Khanyanjalo Secondary School, Zululand,1,2022-07-20,ViewSonic Data Projector,VOR220002083
173530.0,Zululand,Paulpietersburg,Dumbe,Khanyanjalo Secondary School, Zululand,1,2022-07-20,ViewSonic Data Projector,VOR220002011
173530.0,Zululand,Paulpietersburg,Dumbe,Khanyanjalo Secondary School, Zululand,1,2022-07-20,ViewSonic Data Projector,VOR220002519
173530.0,Zululand,Paulpietersburg,Dumbe,Khanyanjalo Secondary School, Zululand,1,2022-07-20,ViewSonic Data Projector,VOR220002503
173530.0,Zululand,Paulpietersburg,Dumbe,Khanyanjalo Secondary School, Zululand,1,2022-07-20,ViewSonic Data Projector,VOR220002510
173530.0,Zululand,Paulpietersburg,Dumbe,Khanyanjalo Secondary School, Zululand,1,2022-07-20,ViewSonic Data Projector,VOR220002526
173530.0,Zululand,Paulpietersburg,Dumbe,Khanyanjalo Secondary School, Zululand,1,2022-07-20,ViewSonic Data Projector,VOR220002467
173530.0,Zululand,Paulpietersburg,Dumbe,Khanyanjalo Secondary School, Zululand,1,2022-07-20,ViewSonic Data Projector,VOR220002882
173530.0,Zululand,Paulpietersburg,Dumbe,Khanyanjalo Secondary School, Zululand,1,2022-07-20,ViewSonic Data Projector,VOR220002812
173530.0,Zululand,Paulpietersburg,Dumbe,Khanyanjalo Secondary School, Zululand,1,2022-07-20,ViewSonic Data Projector,VOR220002150
173530.0,Zululand,Paulpietersburg,Dumbe,Khanyanjalo Secondary School, Zululand,1,2022-07-20,ViewSonic Data Projector,VOR220002611
173530.0,Zululand,Paulpietersburg,Dumbe,Khanyanjalo Secondary School, Zululand,1,2022-07-20,ViewSonic Data Projector,VOR220002497
173530.0,Zululand,Paulpietersburg,Dumbe,Khanyanjalo Secondary School, Zululand,1,2022-07-20,ViewSonic Data Projector,VOR220002653
173530.0,Zululand,Paulpietersburg,Dumbe,Khanyanjalo Secondary School, Zululand,-,2024-09-27,IS Acer Learner Laptop,(40 unique serials)
173530.0,Zululand,Paulpietersburg,Dumbe,Khanyanjalo Secondary School, Zululand,-,2024-09-27,IS Acer Teacher Laptop,(39 unique serials)
173530.0,Zululand,Paulpietersburg,Dumbe,Khanyanjalo Secondary School, Zululand,-,2024-09-27,WiFi Management Laptop,NXADDEA0022101A14E3400
173530.0,Zululand,Paulpietersburg,Dumbe,Khanyanjalo Secondary School, Zululand,7,2022-08-04,Epson Ultra Short Throw Projector,X8VX1402107
173530.0,Zululand,Paulpietersburg,Dumbe,Khanyanjalo Secondary School, Zululand,7,2022-08-04,Ultra Short Throw Setting Plate,X8VD1367271
173530.0,Zululand,Paulpietersburg,Dumbe,Khanyanjalo Secondary School, Zululand,9,2022-09-08,Interactive Flat Panel - Screen,
173530.0,Zululand,Paulpietersburg,Dumbe,Khanyanjalo Secondary School, Zululand,-,2024-09-27,Ultra Link - Projector Bracket,
173530.0,Zululand,Paulpietersburg,Dumbe,Khanyanjalo Secondary School, Zululand,-,2024-09-27,Laptop Charging Trolley,
173530.0,Zululand,Paulpietersburg,Dumbe,Khanyanjalo Secondary School, Zululand,-,2024-09-27,HDMI Cables,
173530.0,Zululand,Paulpietersburg,Dumbe,Khanyanjalo Secondary School, Zululand,-,2024-09-27,Whiteboard Markers,
173530.0,Zululand,Paulpietersburg,Dumbe,Khanyanjalo Secondary School, Zululand,21,-,Whiteboard Makers,
173530.0,Zululand,Paulpietersburg,Dumbe,Khanyanjalo Secondary School, Zululand,9,2022-09-08,Whiteboard,
173530.0,Zululand,Paulpietersburg,Dumbe,Khanyanjalo Secondary School, Zululand,9,2022-09-08,Interactive Flat Panel - Screen,
173530.0,Zululand,Paulpietersburg,Dumbe,Khanyanjalo Secondary School, Zululand,-,2024-09-27,Ultra Link - Projector Bracket,
173530.0,Zululand,Paulpietersburg,Dumbe,Khanyanjalo Secondary School, Zululand,-,2024-09-27,Laptop Charging Trolley,
173530.0,Zululand,Paulpietersburg,Dumbe,Khanyanjalo Secondary School, Zululand,-,2024-09-27,HDMI Cables,
173530.0,Zululand,Paulpietersburg,Dumbe,Khanyanjalo Secondary School, Zululand,-,2024-09-27,Whiteboard Markers,
173530.0,Zululand,Paulpietersburg,Dumbe,Khanyanjalo Secondary School, Zululand,21,-,Whiteboard Makers,
173530.0,Zululand,Paulpietersburg,Dumbe,Khanyanjalo Secondary School, Zululand,9,2022-09-08,Whiteboard,
185074.0,Umlazi,Phumelela,Mxenge,Lamontville High School, Umlazi,-,2024-09-27,Epson Data Projector,X8972201475
185074.0,Umlazi,Phumelela,Mxenge,Lamontville High School, Umlazi,-,2024-09-27,Epson Data Projector,X8972200332
185074.0,Umlazi,Phumelela,Mxenge,Lamontville High School, Umlazi,-,2024-09-27,Epson Data Projector,X8872203992
185074.0,Umlazi,Phumelela,Mxenge,Lamontville High School, Umlazi,-,2024-09-27,Epson Data Projector,X8972201418
185074.0,Umlazi,Phumelela,Mxenge,Lamontville High School, Umlazi,-,2024-09-27,Epson Data Projector,X8972201423
185074.0,Umlazi,Phumelela,Mxenge,Lamontville High School, Umlazi,-,2024-09-27,Epson Data Projector,X8972200414
185074.0,Umlazi,Phumelela,Mxenge,Lamontville High School, Umlazi,-,2024-09-27,Epson Data Projector,X8972201419
185074.0,Umlazi,Phumelela,Mxenge,Lamontville High School, Umlazi,-,2024-09-27,Epson Data Projector,X8972200416
185074.0,Umlazi,Phumelela,Mxenge,Lamontville High School, Umlazi,-,2024-09-27,Epson Data Projector,X8872203829
185074.0,Umlazi,Phumelela,Mxenge,Lamontville High School, Umlazi,-,2024-09-27,Epson Data Projector,X8972301025
185074.0,Umlazi,Phumelela,Mxenge,Lamontville High School, Umlazi,-,2024-09-27,Epson Data Projector,X8972201426
185074.0,Umlazi,Phumelela,Mxenge,Lamontville High School, Umlazi,-,2024-09-27,Epson Data Projector,X8872501590
185074.0,Umlazi,Phumelela,Mxenge,Lamontville High School, Umlazi,-,2024-09-27,Epson Data Projector,X8872501296
185074.0,Umlazi,Phumelela,Mxenge,Lamontville High School, Umlazi,-,2024-09-27,Epson Data Projector,X8872203977
185074.0,Umlazi,Phumelela,Mxenge,Lamontville High School, Umlazi,-,2024-09-27,Epson Data Projector,X8872501582
185074.0,Umlazi,Phumelela,Mxenge,Lamontville High School, Umlazi,-,2024-09-27,Epson Data Projector,X8802500129
185074.0,Umlazi,Phumelela,Mxenge,Lamontville High School, Umlazi,-,2024-09-27,Epson Data Projector,X8872501411
185074.0,Umlazi,Phumelela,Mxenge,Lamontville High School, Umlazi,-,2024-09-27,Epson Data Projector,X8872203986
185074.0,Umlazi,Phumelela,Mxenge,Lamontville High School, Umlazi,-,2024-09-27,Epson Data Projector,X8972500969
185074.0,Umlazi,Phumelela,Mxenge,Lamontville High School, Umlazi,-,2024-09-27,Epson Data Projector,X8802500101
185074.0,Umlazi,Phumelela,Mxenge,Lamontville High School, Umlazi,-,2024-09-27,Epson Data Projector,X8802500079
185074.0,Umlazi,Phumelela,Mxenge,Lamontville High School, Umlazi,-,2024-09-27,Epson Data Projector,X8972501710
185074.0,Umlazi,Phumelela,Mxenge,Lamontville High School, Umlazi,-,2024-09-27,Epson Data Projector,X8872501334
185074.0,Umlazi,Phumelela,Mxenge,Lamontville High School, Umlazi,-,2024-09-27,Epson Data Projector,X8972201425
185074.0,Umlazi,Phumelela,Mxenge,Lamontville High School, Umlazi,-,2024-09-27,Epson Data Projector,X8972201509
185074.0,Umlazi,Phumelela,Mxenge,Lamontville High School, Umlazi,-,2024-09-27,Epson Data Projector,X8812501475
185074.0,Umlazi,Phumelela,Mxenge,Lamontville High School, Umlazi,-,2024-09-27,Epson Data Projector,X8802500059
185074.0,Umlazi,Phumelela,Mxenge,Lamontville High School, Umlazi,-,2024-09-27,Epson Data Projector,X8912201253
185074.0,Umlazi,Phumelela,Mxenge,Lamontville High School, Umlazi,-,2024-09-27,Epson Data Projector,X8872203826
185074.0,Umlazi,Phumelela,Mxenge,Lamontville High School, Umlazi,-,2024-09-27,Epson Data Projector,X8872203994
185074.0,Umlazi,Phumelela,Mxenge,Lamontville High School, Umlazi,-,2024-09-27,Epson Data Projector,X8872203990
185074.0,Umlazi,Phumelela,Mxenge,Lamontville High School, Umlazi,-,2024-09-27,Epson Data Projector,X8872501269
185074.0,Umlazi,Phumelela,Mxenge,Lamontville High School, Umlazi,-,2024-09-27,Epson Data Projector,X8872501341
185074.0,Umlazi,Phumelela,Mxenge,Lamontville High School, Umlazi,-,2024-09-27,Epson Data Projector,X8802500132
185074.0,Umlazi,Phumelela,Mxenge,Lamontville High School, Umlazi,-,2024-09-27,Epson Data Projector,X8972501741
185074.0,Umlazi,Phumelela,Mxenge,Lamontville High School, Umlazi,-,2024-09-27,Epson Data Projector,X8972501484
185074.0,Umlazi,Phumelela,Mxenge,Lamontville High School, Umlazi,-,2024-09-27,Epson Data Projector,X8972501745
185074.0,Umlazi,Phumelela,Mxenge,Lamontville High School, Umlazi,-,2024-09-27,Epson Data Projector,X8972501005
185074.0,Umlazi,Phumelela,Mxenge,Lamontville High School, Umlazi,-,2024-09-27,Epson Data Projector,X8972501002
185074.0,Umlazi,Phumelela,Mxenge,Lamontville High School, Umlazi,-,2024-09-27,Epson Data Projector,X8972501742
185074.0,Umlazi,Phumelela,Mxenge,Lamontville High School, Umlazi,-,2024-09-27,LENOVO - LEARNER LAPTOP,(40 unique serials)
185074.0,Umlazi,Phumelela,Mxenge,Lamontville High School, Umlazi,-,2024-09-27,LENOVO - TEACHER LAPTOP,(42 unique serials)
185074.0,Umlazi,Phumelela,Mxenge,Lamontville High School, Umlazi,50,2022-05-01,Management Laptop,
185074.0,Umlazi,Phumelela,Mxenge,Lamontville High School, Umlazi,-,2022-11-07,Ultra Short Throw,X8VX1401195
185074.0,Umlazi,Phumelela,Mxenge,Lamontville High School, Umlazi,6,2022-09-13,Flat Panel (All in one Screen),
185074.0,Umlazi,Phumelela,Mxenge,Lamontville High School, Umlazi,-,2024-09-27,CONTENT ACCESS POINT,
185074.0,Umlazi,Phumelela,Mxenge,Lamontville High School, Umlazi,-,2024-09-27,Parrot projector bracket,
185074.0,Umlazi,Phumelela,Mxenge,Lamontville High School, Umlazi,-,2024-09-27,Parrot Projector bracket,
185074.0,Umlazi,Phumelela,Mxenge,Lamontville High School, Umlazi,1,2022-07-20,Whiteboards,
185074.0,Umlazi,Phumelela,Mxenge,Lamontville High School, Umlazi,-,2022-04-05,Pen trays,
185074.0,Umlazi,Phumelela,Mxenge,Lamontville High School, Umlazi,13,2023-11-01,HDMI Cables,
185074.0,Umlazi,Phumelela,Mxenge,Lamontville High School, Umlazi,-,-,LAPTOP CHARGING TROLLEY,
193214.0,Zululand,Mahlabathini,Mashona, Mahlabathini Secondary School,,1,2022-11-30 00:00:00,Learner Laptop Charging Trolley,
193214.0,Zululand,Mahlabathini,Mashona, Mahlabathini Secondary School,,2,2022-10-02 00:00:00,Acer Data Projector,
193214.0,Zululand,Mahlabathini,Mashona, Mahlabathini Secondary School,,3,2022-10-02 00:00:00,Acer Data Projector,
193214.0,Zululand,Mahlabathini,Mashona, Mahlabathini Secondary School,,4,2022-10-02 00:00:00,Acer Data Projector,
193214.0,Zululand,Mahlabathini,Mashona, Mahlabathini Secondary School,,5,2022-10-02 00:00:00,Acer Data Projector,
193214.0,Zululand,Mahlabathini,Mashona, Mahlabathini Secondary School,,6,2022-10-02 00:00:00,Acer Data Projector,
193214.0,Zululand,Mahlabathini,Mashona, Mahlabathini Secondary School,,7,2022-10-02 00:00:00,Acer Data Projector,
193214.0,Zululand,Mahlabathini,Mashona, Mahlabathini Secondary School,,8,2022-10-02 00:00:00,Acer Data Projector,
193214.0,Zululand,Mahlabathini,Mashona, Mahlabathini Secondary School,,9,2022-10-02 00:00:00,Acer Data Projector,
193214.0,Zululand,Mahlabathini,Mashona, Mahlabathini Secondary School,,10,2022-10-02 00:00:00,Acer Data Projector,
193214.0,Zululand,Mahlabathini,Mashona, Mahlabathini Secondary School,,11,2022-10-02 00:00:00,Acer Data Projector,
193214.0,Zululand,Mahlabathini,Mashona, Mahlabathini Secondary School,,12,2022-10-02 00:00:00,Acer Data Projector,
193214.0,Zululand,Mahlabathini,Mashona, Mahlabathini Secondary School,,13,2022-10-02 00:00:00,Acer Data Projector,
193214.0,Zululand,Mahlabathini,Mashona, Mahlabathini Secondary School,,14,2022-10-02 00:00:00,Acer Data Projector,
193214.0,Zululand,Mahlabathini,Mashona, Mahlabathini Secondary School,,15,2022-10-02 00:00:00,Acer Data Projector,
193214.0,Zululand,Mahlabathini,Mashona, Mahlabathini Secondary School,,16,2022-10-02 00:00:00,Acer Data Projector,
193214.0,Zululand,Mahlabathini,Mashona, Mahlabathini Secondary School,,17,2022-10-02 00:00:00,Acer Data Projector,
193214.0,Zululand,Mahlabathini,Mashona, Mahlabathini Secondary School,,18,2022-10-02 00:00:00,Acer Data Projector,
193214.0,Zululand,Mahlabathini,Mashona, Mahlabathini Secondary School,,19,2022-10-02 00:00:00,Acer Data Projector,
193214.0,Zululand,Mahlabathini,Mashona, Mahlabathini Secondary School,,20,2022-10-02 00:00:00,Acer Data Projector,
193214.0,Zululand,Mahlabathini,Mashona, Mahlabathini Secondary School,,21,2022-10-02 00:00:00,Acer Data Projector,
193214.0,Zululand,Mahlabathini,Mashona, Mahlabathini Secondary School,,22,2022-10-02 00:00:00,Optoma Data Projector,
193214.0,Zululand,Mahlabathini,Mashona, Mahlabathini Secondary School,,23,2022-10-02 00:00:00,Optoma Data Projector,
193214.0,Zululand,Mahlabathini,Mashona, Mahlabathini Secondary School,,24,2022-10-02 00:00:00,Optoma Data Projector,
193214.0,Zululand,Mahlabathini,Mashona, Mahlabathini Secondary School,,25,2022-10-02 00:00:00,Optoma Data Projector,
193214.0,Zululand,Mahlabathini,Mashona, Mahlabathini Secondary School,,26,2022-10-02 00:00:00,Optoma Data Projector,
193214.0,Zululand,Mahlabathini,Mashona, Mahlabathini Secondary School,,27,2022-10-02 00:00:00,Optoma Data Projector,
193214.0,Zululand,Mahlabathini,Mashona, Mahlabathini Secondary School,,28,2022-10-02 00:00:00,Optoma Data Projector,
193214.0,Zululand,Mahlabathini,Mashona, Mahlabathini Secondary School,,29,2022-10-02 00:00:00,Optoma Data Projector,
193214.0,Zululand,Mahlabathini,Mashona, Mahlabathini Secondary School,,30,2022-10-18 00:00:00,Epson Data Projector,
193214.0,Zululand,Mahlabathini,Mashona, Mahlabathini Secondary School,,31,2022-10-18 00:00:00,Epson Data Projector,
193214.0,Zululand,Mahlabathini,Mashona, Mahlabathini Secondary School,,32,2022-10-18 00:00:00,Epson Data Projector,
193214.0,Zululand,Mahlabathini,Mashona, Mahlabathini Secondary School,,33,2022-10-02 00:00:00,Epson Ultra Short Throw Projector,
193214.0,Zululand,Mahlabathini,Mashona, Mahlabathini Secondary School,,34,2022-10-02 00:00:00,Ultra Short Throw Setting Plate,
193214.0,Zululand,Mahlabathini,Mashona, Mahlabathini Secondary School,,35,2022-10-02 00:00:00,Mecer Content Access Point,
193214.0,Zululand,Mahlabathini,Mashona, Mahlabathini Secondary School,,36,2022-10-02 00:00:00,15 Asus Learner Laptop,
193214.0,Zululand,Mahlabathini,Mashona, Mahlabathini Secondary School,,37,2022-10-02 00:00:00,15 Asus Learner Laptop,
193214.0,Zululand,Mahlabathini,Mashona, Mahlabathini Secondary School,,38,2022-10-02 00:00:00,15 Asus Learner Laptop,
193214.0,Zululand,Mahlabathini,Mashona, Mahlabathini Secondary School,,39,2022-10-02 00:00:00,15 Asus Learner Laptop,
193214.0,Zululand,Mahlabathini,Mashona, Mahlabathini Secondary School,,40,2022-10-02 00:00:00,15 Asus Learner Laptop,
193214.0,Zululand,Mahlabathini,Mashona, Mahlabathini Secondary School,,41,2022-10-02 00:00:00,15 Asus Learner Laptop,
193214.0,Zululand,Mahlabathini,Mashona, Mahlabathini Secondary School,,42,2022-10-02 00:00:00,15 Asus Learner Laptop,
193214.0,Zululand,Mahlabathini,Mashona, Mahlabathini Secondary School,,43,2022-10-02 00:00:00,15 Asus Learner Laptop,
193214.0,Zululand,Mahlabathini,Mashona, Mahlabathini Secondary School,,44,2022-10-02 00:00:00,15 Asus Learner Laptop,
193214.0,Zululand,Mahlabathini,Mashona, Mahlabathini Secondary School,,45,2022-10-02 00:00:00,15 Asus Learner Laptop,
193214.0,Zululand,Mahlabathini,Mashona, Mahlabathini Secondary School,,46,2022-10-02 00:00:00,15 Asus Learner Laptop,
193214.0,Zululand,Mahlabathini,Mashona, Mahlabathini Secondary School,,47,2022-10-02 00:00:00,15 Asus Learner Laptop,
193214.0,Zululand,Mahlabathini,Mashona, Mahlabathini Secondary School,,48,2022-10-02 00:00:00,15 Asus Learner Laptop,
193214.0,Zululand,Mahlabathini,Mashona, Mahlabathini Secondary School,,49,2022-10-02 00:00:00,15 Asus Learner Laptop,
193214.0,Zululand,Mahlabathini,Mashona, Mahlabathini Secondary School,,50,2022-10-02 00:00:00,15 Asus Learner Laptop,
193214.0,Zululand,Mahlabathini,Mashona, Mahlabathini Secondary School,,51,2022-10-02 00:00:00,15 Asus Learner Laptop,
193214.0,Zululand,Mahlabathini,Mashona, Mahlabathini Secondary School,,52,2022-10-02 00:00:00,15 Asus Learner Laptop,
193214.0,Zululand,Mahlabathini,Mashona, Mahlabathini Secondary School,,53,2022-10-02 00:00:00,15 Asus Learner Laptop,
193214.0,Zululand,Mahlabathini,Mashona, Mahlabathini Secondary School,,54,2022-10-02 00:00:00,15 Asus Learner Laptop,
193214.0,Zululand,Mahlabathini,Mashona, Mahlabathini Secondary School,,55,2022-10-02 00:00:00,15 Asus Learner Laptop,
193214.0,Zululand,Mahlabathini,Mashona, Mahlabathini Secondary School,,56,2022-10-02 00:00:00,15 Asus Learner Laptop,
193214.0,Zululand,Mahlabathini,Mashona, Mahlabathini Secondary School,,57,2022-10-02 00:00:00,15 Asus Learner Laptop,
193214.0,Zululand,Mahlabathini,Mashona, Mahlabathini Secondary School,,58,2022-10-02 00:00:00,15 Asus Learner Laptop,
193214.0,Zululand,Mahlabathini,Mashona, Mahlabathini Secondary School,,59,2022-10-02 00:00:00,15 Asus Learner Laptop,
193214.0,Zululand,Mahlabathini,Mashona, Mahlabathini Secondary School,,60,2022-10-02 00:00:00,15 Asus Learner Laptop,
193214.0,Zululand,Mahlabathini,Mashona, Mahlabathini Secondary School,,61,2022-10-02 00:00:00,15 Asus Learner Laptop,
193214.0,Zululand,Mahlabathini,Mashona, Mahlabathini Secondary School,,62,2022-10-02 00:00:00,15 Asus Learner Laptop,
193214.0,Zululand,Mahlabathini,Mashona, Mahlabathini Secondary School,,63,2022-10-02 00:00:00,15 Asus Learner Laptop,
193214.0,Zululand,Mahlabathini,Mashona, Mahlabathini Secondary School,,64,2022-10-02 00:00:00,15 Asus Learner Laptop,
193214.0,Zululand,Mahlabathini,Mashona, Mahlabathini Secondary School,,65,2022-10-02 00:00:00,15 Asus Learner Laptop,
193214.0,Zululand,Mahlabathini,Mashona, Mahlabathini Secondary School,,66,2022-10-02 00:00:00,15 Asus Learner Laptop,
193214.0,Zululand,Mahlabathini,Mashona, Mahlabathini Secondary School,,67,2022-10-02 00:00:00,15 Asus Learner Laptop,
193214.0,Zululand,Mahlabathini,Mashona, Mahlabathini Secondary School,,68,2022-10-02 00:00:00,15 Asus Learner Laptop,
193214.0,Zululand,Mahlabathini,Mashona, Mahlabathini Secondary School,,69,2022-10-02 00:00:00,JS Asus Learner Laptop,
193214.0,Zululand,Mahlabathini,Mashona, Mahlabathini Secondary School,,70,2022-10-02 00:00:00,JS Asus Learner Laptop,
193214.0,Zululand,Mahlabathini,Mashona, Mahlabathini Secondary School,,71,2022-10-02 00:00:00,JS Asus Learner Laptop,
193214.0,Zululand,Mahlabathini,Mashona, Mahlabathini Secondary School,,72,2022-10-02 00:00:00,JS Asus Learner Laptop,
193214.0,Zululand,Mahlabathini,Mashona, Mahlabathini Secondary School,,73,2022-10-02 00:00:00,JS Asus Learner Laptop,
193214.0,Zululand,Mahlabathini,Mashona, Mahlabathini Secondary School,,74,2022-10-02 00:00:00,JS Asus Learner Laptop,
193214.0,Zululand,Mahlabathini,Mashona, Mahlabathini Secondary School,,75,2022-10-02 00:00:00,JS Asus Learner Laptop,
193214.0,Zululand,Mahlabathini,Mashona, Mahlabathini Secondary School,,76,2022-10-02 00:00:00,IS Asus Teacher Laptop,
193214.0,Zululand,Mahlabathini,Mashona, Mahlabathini Secondary School,,77,2022-10-02 00:00:00,IS Asus Teacher Laptop,
193214.0,Zululand,Mahlabathini,Mashona, Mahlabathini Secondary School,,78,2022-10-02 00:00:00,IS Asus Teacher Laptop,
193214.0,Zululand,Mahlabathini,Mashona, Mahlabathini Secondary School,,79,2022-10-02 00:00:00,IS Asus Teacher Laptop,
193214.0,Zululand,Mahlabathini,Mashona, Mahlabathini Secondary School,,80,2022-10-02 00:00:00,IS Asus Teacher Laptop,
193214.0,Zululand,Mahlabathini,Mashona, Mahlabathini Secondary School,,81,2022-10-02 00:00:00,IS Asus Teacher Laptop,
193214.0,Zululand,Mahlabathini,Mashona, Mahlabathini Secondary School,,82,2022-10-02 00:00:00,IS Asus Teacher Laptop,
193214.0,Zululand,Mahlabathini,Mashona, Mahlabathini Secondary School,,83,2022-10-02 00:00:00,IS Asus Teacher Laptop,
193214.0,Zululand,Mahlabathini,Mashona, Mahlabathini Secondary School,,84,2022-10-02 00:00:00,IS Asus Teacher Laptop,
193214.0,Zululand,Mahlabathini,Mashona, Mahlabathini Secondary School,,85,2022-10-02 00:00:00,IS Asus Teacher Laptop,
193214.0,Zululand,Mahlabathini,Mashona, Mahlabathini Secondary School,,86,2022-10-02 00:00:00,IS Asus Teacher Laptop,
193214.0,Zululand,Mahlabathini,Mashona, Mahlabathini Secondary School,,87,2022-10-02 00:00:00,IS Asus Teacher Laptop,
193214.0,Zululand,Mahlabathini,Mashona, Mahlabathini Secondary School,,88,2022-10-02 00:00:00,IS Asus Teacher Laptop,
193214.0,Zululand,Mahlabathini,Mashona, Mahlabathini Secondary School,,89,2022-10-02 00:00:00,IS Asus Teacher Laptop,
193214.0,Zululand,Mahlabathini,Mashona, Mahlabathini Secondary School,,90,2022-10-02 00:00:00,IS Asus Teacher Laptop,
193214.0,Zululand,Mahlabathini,Mashona, Mahlabathini Secondary School,,91,2022-10-02 00:00:00,IS Asus Teacher Laptop,
193214.0,Zululand,Mahlabathini,Mashona, Mahlabathini Secondary School,,92,2022-10-02 00:00:00,IS Asus Teacher Laptop,
193214.0,Zululand,Mahlabathini,Mashona, Mahlabathini Secondary School,,93,2022-10-02 00:00:00,IS Asus Teacher Laptop,
193214.0,Zululand,Mahlabathini,Mashona, Mahlabathini Secondary School,,94,2022-10-02 00:00:00,IS Asus Teacher Laptop,
193214.0,Zululand,Mahlabathini,Mashona, Mahlabathini Secondary School,,95,2022-10-02 00:00:00,IS Asus Teacher Laptop,
193214.0,Zululand,Mahlabathini,Mashona, Mahlabathini Secondary School,,96,2022-10-02 00:00:00,IS Asus Teacher Laptop,
193214.0,Zululand,Mahlabathini,Mashona, Mahlabathini Secondary School,,97,2022-10-02 00:00:00,IS Asus Teacher Laptop,
193214.0,Zululand,Mahlabathini,Mashona, Mahlabathini Secondary School,,98,2022-10-02 00:00:00,IS Asus Teacher Laptop,
193214.0,Zululand,Mahlabathini,Mashona, Mahlabathini Secondary School,,99,2022-10-02 00:00:00,IS Asus Teacher Laptop,
193214.0,Zululand,Mahlabathini,Mashona, Mahlabathini Secondary School,,100,2022-10-02 00:00:00,IS Asus Teacher Laptop,
193214.0,Zululand,Mahlabathini,Mashona, Mahlabathini Secondary School,,101,2022-10-02 00:00:00,IS Asus Teacher Laptop,
193214.0,Zululand,Mahlabathini,Mashona, Mahlabathini Secondary School,,102,2022-10-02 00:00:00,IS Asus Teacher Laptop,
193214.0,Zululand,Mahlabathini,Mashona, Mahlabathini Secondary School,,103,2022-10-02 00:00:00,IS Asus Teacher Laptop,
193214.0,Zululand,Mahlabathini,Mashona, Mahlabathini Secondary School,,104,2022-10-02 00:00:00,IS Asus Teacher Laptop,
193214.0,Zululand,Mahlabathini,Mashona, Mahlabathini Secondary School,,105,2022-10-02 00:00:00,IS Asus Teacher Laptop,
193214.0,Zululand,Mahlabathini,Mashona, Mahlabathini Secondary School,,106,2022-10-02 00:00:00,IS Asus Teacher Laptop,
193214.0,Zululand,Mahlabathini,Mashona, Mahlabathini Secondary School,,107,2022-10-02 00:00:00,IS Asus Teacher Laptop,
193214.0,Zululand,Mahlabathini,Mashona, Mahlabathini Secondary School,,108,2022-10-02 00:00:00,IS Asus Teacher Laptop,
193214.0,Zululand,Mahlabathini,Mashona, Mahlabathini Secondary School,,109,2022-10-02 00:00:00,15 Asus Teacher Laptop,
193214.0,Zululand,Mahlabathini,Mashona, Mahlabathini Secondary School,,110,2022-10-02 00:00:00,15 Asus Teacher Laptop,
193214.0,Zululand,Mahlabathini,Mashona, Mahlabathini Secondary School,,111,2022-10-02 00:00:00,WIFI Management Laptop,
193214.0,Zululand,Mahlabathini,Mashona, Mahlabathini Secondary School,,112,-,Management Laptop Acer,
193214.0,Zululand,Mahlabathini,Mashona, Mahlabathini Secondary School,,113,2022-10-02 00:00:00,Projector Brackets,
193214.0,Zululand,Mahlabathini,Mashona, Mahlabathini Secondary School,,114,2022-10-18 00:00:00,Volkano Data projector Brackets,
193214.0,Zululand,Mahlabathini,Mashona, Mahlabathini Secondary School,,115,2022-10-06 00:00:00,Whiteboard,
193214.0,Zululand,Mahlabathini,Mashona, Mahlabathini Secondary School,,116,2022-10-06 00:00:00,White Board Pen Trays,
193214.0,Zululand,Mahlabathini,Mashona, Mahlabathini Secondary School,,117,2022-10-13 00:00:00,Whiteboard Markers,
193214.0,Zululand,Mahlabathini,Mashona, Mahlabathini Secondary School,,118,-,Whiteboard Markers,
193214.0,Zululand,Mahlabathini,Mashona, Mahlabathini Secondary School,,119,2022-10-06 00:00:00,Interactive Smart Screen,
193214.0,Zululand,Mahlabathini,Mashona, Mahlabathini Secondary School,,120,2022-11-17 00:00:00,HDMI Cables,
429866.0,Ugu,Sayidi,Margate,Margate Middle School,,1,2022-07-20,Access Point,
429866.0,Ugu,Sayidi,Margate,Margate Middle School,,2,-,Epson Data Projector,
429866.0,Ugu,Sayidi,Margate,Margate Middle School,,3,-,Epson Data Projector,
429866.0,Ugu,Sayidi,Margate,Margate Middle School,,4,2022-09-22,Epson Data Projector,
429866.0,Ugu,Sayidi,Margate,Margate Middle School,,5,2022-09-28,Epson Data Projector,
429866.0,Ugu,Sayidi,Margate,Margate Middle School,,6,2022-09-13,Epson Data Projector,
429866.0,Ugu,Sayidi,Margate,Margate Middle School,,7,2022-08-04,Epson Data Projector,
429866.0,Ugu,Sayidi,Margate,Margate Middle School,,8,2023-09-13,Epson Data Projector,
429866.0,Ugu,Sayidi,Margate,Margate Middle School,,9,2022-09-08,Epson Data Projector,
429866.0,Ugu,Sayidi,Margate,Margate Middle School,,10,2022-07-13,Epson Data Projector,
429866.0,Ugu,Sayidi,Margate,Margate Middle School,,11,2022-09-28,Epson Data Projector,
429866.0,Ugu,Sayidi,Margate,Margate Middle School,,12,2023-03-06,Epson Data Projector,
429866.0,Ugu,Sayidi,Margate,Margate Middle School,,13,2022-12-06,Epson Data Projector,
429866.0,Ugu,Sayidi,Margate,Margate Middle School,,14,2022-09-27,Epson Data Projector,
429866.0,Ugu,Sayidi,Margate,Margate Middle School,,15,-,Epson Data Projector,
429866.0,Ugu,Sayidi,Margate,Margate Middle School,,16,-,Epson Data Projector,
429866.0,Ugu,Sayidi,Margate,Margate Middle School,,17,-,Epson Data Projector,
429866.0,Ugu,Sayidi,Margate,Margate Middle School,,18,-,Epson Data Projector,
429866.0,Ugu,Sayidi,Margate,Margate Middle School,,19,-,Epson Data Projector,
429866.0,Ugu,Sayidi,Margate,Margate Middle School,,20,-,Epson Data Projector,
429866.0,Ugu,Sayidi,Margate,Margate Middle School,,21,-,Epson Data Projector,
429866.0,Ugu,Sayidi,Margate,Margate Middle School,,22,-,Epson Data Projector,
429866.0,Ugu,Sayidi,Margate,Margate Middle School,,23,-,Epson Data Projector,
429866.0,Ugu,Sayidi,Margate,Margate Middle School,,24,-,Epson Data Projector,
429866.0,Ugu,Sayidi,Margate,Margate Middle School,,25,-,Epson Data Projector,
429866.0,Ugu,Sayidi,Margate,Margate Middle School,,26,-,Epson Data Projector,
429866.0,Ugu,Sayidi,Margate,Margate Middle School,,27,-,Epson Data Projector,
429866.0,Ugu,Sayidi,Margate,Margate Middle School,,28,-,Epson Data Projector,
429866.0,Ugu,Sayidi,Margate,Margate Middle School,,29,-,Epson Data Projector,
429866.0,Ugu,Sayidi,Margate,Margate Middle School,,30,-,Epson Data Projector,
429866.0,Ugu,Sayidi,Margate,Margate Middle School,,31,-,Epson Data Projector,
429866.0,Ugu,Sayidi,Margate,Margate Middle School,,32,-,Epson Data Projector,
429866.0,Ugu,Sayidi,Margate,Margate Middle School,,33,-,Epson Data Projector,
429866.0,Ugu,Sayidi,Margate,Margate Middle School,,34,-,HDMI Cables,
429866.0,Ugu,Sayidi,Margate,Margate Middle School,,35,-,Laptop Charging Trolley,
429866.0,Ugu,Sayidi,Margate,Margate Middle School,,36,-,Management Lenovo Laptop,
429866.0,Ugu,Sayidi,Margate,Margate Middle School,,37,2022-08-18 00:00:00,Lenovo Teacher Laptop,
429866.0,Ugu,Sayidi,Margate,Margate Middle School,,38,2022-08-18 00:00:00,Lenovo Teacher Laptop,
429866.0,Ugu,Sayidi,Margate,Margate Middle School,,39,2022-08-18 00:00:00,Lenovo Teacher Laptop,
429866.0,Ugu,Sayidi,Margate,Margate Middle School,,40,2022-08-18 00:00:00,Lenovo Teacher Laptop,
429866.0,Ugu,Sayidi,Margate,Margate Middle School,,41,2022-08-18 00:00:00,Lenovo Teacher Laptop,
429866.0,Ugu,Sayidi,Margate,Margate Middle School,,42,2022-08-18 00:00:00,Lenovo Teacher Laptop,
429866.0,Ugu,Sayidi,Margate,Margate Middle School,,43,2022-08-18 00:00:00,Lenovo Teacher Laptop,
429866.0,Ugu,Sayidi,Margate,Margate Middle School,,44,2022-08-18 00:00:00,Lenovo Teacher Laptop,
429866.0,Ugu,Sayidi,Margate,Margate Middle School,,45,2022-08-18 00:00:00,Lenovo Teacher Laptop,
429866.0,Ugu,Sayidi,Margate,Margate Middle School,,46,2022-08-18 00:00:00,Lenovo Teacher Laptop,
429866.0,Ugu,Sayidi,Margate,Margate Middle School,,47,2022-08-18 00:00:00,Lenovo Teacher Laptop,
429866.0,Ugu,Sayidi,Margate,Margate Middle School,,48,2022-08-18 00:00:00,Lenovo Teacher Laptop,
429866.0,Ugu,Sayidi,Margate,Margate Middle School,,49,2022-08-18 00:00:00,Lenovo Teacher Laptop,
429866.0,Ugu,Sayidi,Margate,Margate Middle School,,50,2022-08-18 00:00:00,Lenovo Teacher Laptop,
429866.0,Ugu,Sayidi,Margate,Margate Middle School,,51,2022-08-18 00:00:00,Lenovo Teacher Laptop,
429866.0,Ugu,Sayidi,Margate,Margate Middle School,,52,2022-08-18 00:00:00,Lenovo Teacher Laptop,
429866.0,Ugu,Sayidi,Margate,Margate Middle School,,53,2022-08-18 00:00:00,Lenovo Teacher Laptop,
429866.0,Ugu,Sayidi,Margate,Margate Middle School,,54,2022-08-18 00:00:00,Lenovo Teacher Laptop,
429866.0,Ugu,Sayidi,Margate,Margate Middle School,,55,2022-08-18 00:00:00,Lenovo Teacher Laptop,
429866.0,Ugu,Sayidi,Margate,Margate Middle School,,56,2022-08-18 00:00:00,Lenovo Teacher Laptop,
429866.0,Ugu,Sayidi,Margate,Margate Middle School,,57,2022-08-18 00:00:00,Lenovo Teacher Laptop,
429866.0,Ugu,Sayidi,Margate,Margate Middle School,,58,2022-08-18 00:00:00,Lenovo Teacher Laptop,
429866.0,Ugu,Sayidi,Margate,Margate Middle School,,59,2022-08-18 00:00:00,Lenovo Teacher Laptop,
429866.0,Ugu,Sayidi,Margate,Margate Middle School,,60,2022-08-18 00:00:00,Lenovo Teacher Laptop,
429866.0,Ugu,Sayidi,Margate,Margate Middle School,,61,2022-08-18 00:00:00,Lenovo Teacher Laptop,
429866.0,Ugu,Sayidi,Margate,Margate Middle School,,62,2022-08-18 00:00:00,Lenovo Teacher Laptop,
429866.0,Ugu,Sayidi,Margate,Margate Middle School,,63,-,Ultra short throw Bracket,
429866.0,Ugu,Sayidi,Margate,Margate Middle School,,64,-,White board,
429866.0,Ugu,Sayidi,Margate,Margate Middle School,,65,2022-08-19 00:00:00,Interactive Screen,
429866.0,Ugu,Sayidi,Margate,Margate Middle School,,66,2022-08-18 00:00:00,Lenovo Learner Laptop,
429866.0,Ugu,Sayidi,Margate,Margate Middle School,,67,2022-08-18 00:00:00,Lenovo Learner Laptop,
429866.0,Ugu,Sayidi,Margate,Margate Middle School,,68,2022-08-18 00:00:00,Lenovo Learner Laptop,
429866.0,Ugu,Sayidi,Margate,Margate Middle School,,69,2022-08-18 00:00:00,Lenovo Learner Laptop,
429866.0,Ugu,Sayidi,Margate,Margate Middle School,,70,2022-08-18 00:00:00,Lenovo Learner Laptop,
429866.0,Ugu,Sayidi,Margate,Margate Middle School,,71,2022-08-18 00:00:00,Lenovo Learner Laptop,
429866.0,Ugu,Sayidi,Margate,Margate Middle School,,72,2022-08-18 00:00:00,Lenovo Learner Laptop,
429866.0,Ugu,Sayidi,Margate,Margate Middle School,,73,2022-08-18 00:00:00,Lenovo Learner Laptop,
429866.0,Ugu,Sayidi,Margate,Margate Middle School,,74,2022-08-18 00:00:00,Lenovo Learner Laptop,
429866.0,Ugu,Sayidi,Margate,Margate Middle School,,75,2022-08-18 00:00:00,Lenovo Learner Laptop,
429866.0,Ugu,Sayidi,Margate,Margate Middle School,,76,2022-08-18 00:00:00,Lenovo Learner Laptop,
429866.0,Ugu,Sayidi,Margate,Margate Middle School,,77,2022-08-18 00:00:00,Lenovo Learner Laptop,
429866.0,Ugu,Sayidi,Margate,Margate Middle School,,78,2022-08-18 00:00:00,Lenovo Learner Laptop,
429866.0,Ugu,Sayidi,Margate,Margate Middle School,,79,2022-08-18 00:00:00,Lenovo Learner Laptop,
429866.0,Ugu,Sayidi,Margate,Margate Middle School,,80,2022-08-18 00:00:00,Lenovo Learner Laptop,
429866.0,Ugu,Sayidi,Margate,Margate Middle School,,81,2022-08-18 00:00:00,Lenovo Learner Laptop,
429866.0,Ugu,Sayidi,Margate,Margate Middle School,,82,2022-08-18 00:00:00,Lenovo Learner Laptop,
429866.0,Ugu,Sayidi,Margate,Margate Middle School,,83,2022-08-18 00:00:00,Lenovo Learner Laptop,
429866.0,Ugu,Sayidi,Margate,Margate Middle School,,84,2022-08-18 00:00:00,Lenovo Learner Laptop,
429866.0,Ugu,Sayidi,Margate,Margate Middle School,,85,2022-08-18 00:00:00,Lenovo Learner Laptop,
429866.0,Ugu,Sayidi,Margate,Margate Middle School,,86,2022-08-18 00:00:00,Lenovo Learner Laptop,
429866.0,Ugu,Sayidi,Margate,Margate Middle School,,87,2022-08-18 00:00:00,Lenovo Learner Laptop,
429866.0,Ugu,Sayidi,Margate,Margate Middle School,,88,2022-08-18 00:00:00,Lenovo Learner Laptop,
429866.0,Ugu,Sayidi,Margate,Margate Middle School,,89,2022-08-18 00:00:00,Lenovo Learner Laptop,
429866.0,Ugu,Sayidi,Margate,Margate Middle School,,90,2022-08-18 00:00:00,Lenovo Learner Laptop,
429866.0,Ugu,Sayidi,Margate,Margate Middle School,,91,2022-08-18 00:00:00,Lenovo Learner Laptop,
429866.0,Ugu,Sayidi,Margate,Margate Middle School,,92,2022-08-18 00:00:00,Lenovo Learner Laptop,
429866.0,Ugu,Sayidi,Margate,Margate Middle School,,93,2022-08-18 00:00:00,Lenovo Learner Laptop,
429866.0,Ugu,Sayidi,Margate,Margate Middle School,,94,2022-08-18 00:00:00,Lenovo Learner Laptop,
429866.0,Ugu,Sayidi,Margate,Margate Middle School,,95,2022-08-18 00:00:00,Lenovo Learner Laptop,
429866.0,Ugu,Sayidi,Margate,Margate Middle School,,96,2022-08-18 00:00:00,Lenovo Learner Laptop,
429866.0,Ugu,Sayidi,Margate,Margate Middle School,,97,2022-08-18 00:00:00,Lenovo Learner Laptop,
429866.0,Ugu,Sayidi,Margate,Margate Middle School,,98,2022-08-18 00:00:00,Lenovo Learner Laptop,
429866.0,Ugu,Sayidi,Margate,Margate Middle School,,99,2022-08-18 00:00:00,Lenovo Learner Laptop,
429866.0,Ugu,Sayidi,Margate,Margate Middle School,,100,2022-08-18 00:00:00,Lenovo Learner Laptop,
429866.0,Ugu,Sayidi,Margate,Margate Middle School,,101,2022-08-18 00:00:00,Lenovo Learner Laptop,
429866.0,Ugu,Sayidi,Margate,Margate Middle School,,102,2022-08-18 00:00:00,Lenovo Learner Laptop,
429866.0,Ugu,Sayidi,Margate,Margate Middle School,,103,2022-08-18 00:00:00,Lenovo Learner Laptop,
429866.0,Ugu,Sayidi,Margate,Margate Middle School,,104,2022-08-18 00:00:00,Lenovo Learner Laptop,
429866.0,Ugu,Sayidi,Margate,Margate Middle School,,105,2022-08-18 00:00:00,Lenovo Learner Laptop,
429866.0,Ugu,Sayidi,Margate,Margate Middle School,,106,-,Lenovo Teacher Laptop (Replacement),
429866.0,Ugu,Sayidi,Margate,Margate Middle School,,107,-,Lenovo Teacher Laptop (Replacement),
429866.0,Ugu,Sayidi,Margate,Margate Middle School,,108,-,Ultra Short Throw Projector,
429866.0,Ugu,Sayidi,Margate,Margate Middle School,,109,-,Volkano Projector Bracket,
429866.0,Ugu,Sayidi,Margate,Margate Middle School,,110,-,Whiteboard Markers,
200503.0,Ilembe,Ndwedwe,Ozwathini,Mashiyamahle High School,,1,-,Content access point,
200503.0,Ilembe,Ndwedwe,Ozwathini,Mashiyamahle High School,,2,2022-09-08 00:00:00,EPSON PROJECTOR,
200503.0,Ilembe,Ndwedwe,Ozwathini,Mashiyamahle High School,,3,2022-09-08 00:00:00,EPSON PROJECTOR,
200503.0,Ilembe,Ndwedwe,Ozwathini,Mashiyamahle High School,,4,2022-09-08 00:00:00,EPSON PROJECTOR,
200503.0,Ilembe,Ndwedwe,Ozwathini,Mashiyamahle High School,,5,2022-09-08 00:00:00,EPSON PROJECTOR,
200503.0,Ilembe,Ndwedwe,Ozwathini,Mashiyamahle High School,,6,2022-09-08 00:00:00,EPSON PROJECTOR,
200503.0,Ilembe,Ndwedwe,Ozwathini,Mashiyamahle High School,,7,2022-09-08 00:00:00,EPSON PROJECTOR,
200503.0,Ilembe,Ndwedwe,Ozwathini,Mashiyamahle High School,,8,2022-09-08 00:00:00,EPSON PROJECTOR,
200503.0,Ilembe,Ndwedwe,Ozwathini,Mashiyamahle High School,,9,2022-09-08 00:00:00,EPSON PROJECTOR,
200503.0,Ilembe,Ndwedwe,Ozwathini,Mashiyamahle High School,,10,2022-09-08 00:00:00,EPSON PROJECTOR,
200503.0,Ilembe,Ndwedwe,Ozwathini,Mashiyamahle High School,,11,2022-09-08 00:00:00,EPSON PROJECTOR,
200503.0,Ilembe,Ndwedwe,Ozwathini,Mashiyamahle High School,,12,2022-09-08 00:00:00,EPSON PROJECTOR,
200503.0,Ilembe,Ndwedwe,Ozwathini,Mashiyamahle High School,,13,2022-09-08 00:00:00,EPSON PROJECTOR,
200503.0,Ilembe,Ndwedwe,Ozwathini,Mashiyamahle High School,,14,2022-09-08 00:00:00,EPSON PROJECTOR,
200503.0,Ilembe,Ndwedwe,Ozwathini,Mashiyamahle High School,,15,2022-09-08 00:00:00,EPSON PROJECTOR,
200503.0,Ilembe,Ndwedwe,Ozwathini,Mashiyamahle High School,,16,2022-09-08 00:00:00,EPSON PROJECTOR,
200503.0,Ilembe,Ndwedwe,Ozwathini,Mashiyamahle High School,,17,2022-09-08 00:00:00,EPSON PROJECTOR,
200503.0,Ilembe,Ndwedwe,Ozwathini,Mashiyamahle High School,,18,2022-09-08 00:00:00,EPSON PROJECTOR,
200503.0,Ilembe,Ndwedwe,Ozwathini,Mashiyamahle High School,,19,2022-09-08 00:00:00,EPSON PROJECTOR,
200503.0,Ilembe,Ndwedwe,Ozwathini,Mashiyamahle High School,,20,2022-09-08 00:00:00,EPSON PROJECTOR,
200503.0,Ilembe,Ndwedwe,Ozwathini,Mashiyamahle High School,,21,2022-09-08 00:00:00,EPSON PROJECTOR,
200503.0,Ilembe,Ndwedwe,Ozwathini,Mashiyamahle High School,,22,2022-09-08 00:00:00,EPSON PROJECTOR,
200503.0,Ilembe,Ndwedwe,Ozwathini,Mashiyamahle High School,,23,2022-09-08 00:00:00,EPSON PROJECTOR,
200503.0,Ilembe,Ndwedwe,Ozwathini,Mashiyamahle High School,,24,2022-09-08 00:00:00,EPSON PROJECTOR,
200503.0,Ilembe,Ndwedwe,Ozwathini,Mashiyamahle High School,,25,2022-09-08 00:00:00,EPSON PROJECTOR,
200503.0,Ilembe,Ndwedwe,Ozwathini,Mashiyamahle High School,,26,-,Charging Trolley,
200503.0,Ilembe,Ndwedwe,Ozwathini,Mashiyamahle High School,,27,-,Whiteboard,
200503.0,Ilembe,Ndwedwe,Ozwathini,Mashiyamahle High School,,28,2022-09-18 00:00:00,Whiteboard Markers,
200503.0,Ilembe,Ndwedwe,Ozwathini,Mashiyamahle High School,,29,2022-11-08 00:00:00,LENOVO LEARNER LAPTOP,
200503.0,Ilembe,Ndwedwe,Ozwathini,Mashiyamahle High School,,30,2022-11-08 00:00:00,LENOVO LEARNER LAPTOP,
200503.0,Ilembe,Ndwedwe,Ozwathini,Mashiyamahle High School,,31,2022-11-08 00:00:00,LENOVO LEARNER LAPTOP,
200503.0,Ilembe,Ndwedwe,Ozwathini,Mashiyamahle High School,,32,2022-11-08 00:00:00,LENOVO LEARNER LAPTOP,
200503.0,Ilembe,Ndwedwe,Ozwathini,Mashiyamahle High School,,33,2022-11-08 00:00:00,LENOVO LEARNER LAPTOP,
200503.0,Ilembe,Ndwedwe,Ozwathini,Mashiyamahle High School,,34,2022-11-08 00:00:00,LENOVO LEARNER LAPTOP,
200503.0,Ilembe,Ndwedwe,Ozwathini,Mashiyamahle High School,,35,2022-11-08 00:00:00,LENOVO LEARNER LAPTOP,
200503.0,Ilembe,Ndwedwe,Ozwathini,Mashiyamahle High School,,36,2022-11-08 00:00:00,LENOVO LEARNER LAPTOP,
200503.0,Ilembe,Ndwedwe,Ozwathini,Mashiyamahle High School,,37,2022-11-08 00:00:00,LENOVO LEARNER LAPTOP,
200503.0,Ilembe,Ndwedwe,Ozwathini,Mashiyamahle High School,,38,2022-11-08 00:00:00,LENOVO LEARNER LAPTOP,
200503.0,Ilembe,Ndwedwe,Ozwathini,Mashiyamahle High School,,39,2022-11-08 00:00:00,LENOVO LEARNER LAPTOP,
200503.0,Ilembe,Ndwedwe,Ozwathini,Mashiyamahle High School,,40,2022-11-08 00:00:00,LENOVO LEARNER LAPTOP,
200503.0,Ilembe,Ndwedwe,Ozwathini,Mashiyamahle High School,,41,2022-11-08 00:00:00,LENOVO LEARNER LAPTOP,
200503.0,Ilembe,Ndwedwe,Ozwathini,Mashiyamahle High School,,42,2022-11-08 00:00:00,LENOVO LEARNER LAPTOP,
200503.0,Ilembe,Ndwedwe,Ozwathini,Mashiyamahle High School,,43,2022-11-08 00:00:00,LENOVO LEARNER LAPTOP,
200503.0,Ilembe,Ndwedwe,Ozwathini,Mashiyamahle High School,,44,2022-11-08 00:00:00,LENOVO LEARNER LAPTOP,
200503.0,Ilembe,Ndwedwe,Ozwathini,Mashiyamahle High School,,45,2022-11-08 00:00:00,LENOVO LEARNER LAPTOP,
200503.0,Ilembe,Ndwedwe,Ozwathini,Mashiyamahle High School,,46,2022-11-08 00:00:00,LENOVO LEARNER LAPTOP,
200503.0,Ilembe,Ndwedwe,Ozwathini,Mashiyamahle High School,,47,2022-11-08 00:00:00,LENOVO LEARNER LAPTOP,
200503.0,Ilembe,Ndwedwe,Ozwathini,Mashiyamahle High School,,48,2022-11-08 00:00:00,LENOVO LEARNER LAPTOP,
200503.0,Ilembe,Ndwedwe,Ozwathini,Mashiyamahle High School,,49,2022-11-08 00:00:00,LENOVO LEARNER LAPTOP,
200503.0,Ilembe,Ndwedwe,Ozwathini,Mashiyamahle High School,,50,2022-11-08 00:00:00,LENOVO LEARNER LAPTOP,
200503.0,Ilembe,Ndwedwe,Ozwathini,Mashiyamahle High School,,51,2022-11-08 00:00:00,LENOVO LEARNER LAPTOP,
200503.0,Ilembe,Ndwedwe,Ozwathini,Mashiyamahle High School,,52,2022-11-08 00:00:00,LENOVO LEARNER LAPTOP,
200503.0,Ilembe,Ndwedwe,Ozwathini,Mashiyamahle High School,,53,2022-11-08 00:00:00,LENOVO LEARNER LAPTOP,
200503.0,Ilembe,Ndwedwe,Ozwathini,Mashiyamahle High School,,54,2022-11-08 00:00:00,LENOVO LEARNER LAPTOP,
200503.0,Ilembe,Ndwedwe,Ozwathini,Mashiyamahle High School,,55,2022-11-08 00:00:00,LENOVO LEARNER LAPTOP,
200503.0,Ilembe,Ndwedwe,Ozwathini,Mashiyamahle High School,,56,2022-11-08 00:00:00,LENOVO LEARNER LAPTOP,
200503.0,Ilembe,Ndwedwe,Ozwathini,Mashiyamahle High School,,57,2022-11-08 00:00:00,LENOVO LEARNER LAPTOP,
200503.0,Ilembe,Ndwedwe,Ozwathini,Mashiyamahle High School,,58,2022-11-08 00:00:00,LENOVO LEARNER LAPTOP,
200503.0,Ilembe,Ndwedwe,Ozwathini,Mashiyamahle High School,,59,2022-11-08 00:00:00,LENOVO LEARNER LAPTOP,
200503.0,Ilembe,Ndwedwe,Ozwathini,Mashiyamahle High School,,60,2022-11-08 00:00:00,LENOVO LEARNER LAPTOP,
200503.0,Ilembe,Ndwedwe,Ozwathini,Mashiyamahle High School,,61,2022-11-08 00:00:00,LENOVO LEARNER LAPTOP,
200503.0,Ilembe,Ndwedwe,Ozwathini,Mashiyamahle High School,,62,2022-11-08 00:00:00,LENOVO LEARNER LAPTOP,
200503.0,Ilembe,Ndwedwe,Ozwathini,Mashiyamahle High School,,63,2022-11-08 00:00:00,LENOVO LEARNER LAPTOP,
200503.0,Ilembe,Ndwedwe,Ozwathini,Mashiyamahle High School,,64,2022-11-08 00:00:00,LENOVO LEARNER LAPTOP,
200503.0,Ilembe,Ndwedwe,Ozwathini,Mashiyamahle High School,,65,2022-11-08 00:00:00,LENOVO LEARNER LAPTOP,
200503.0,Ilembe,Ndwedwe,Ozwathini,Mashiyamahle High School,,66,2022-11-08 00:00:00,LENOVO LEARNER LAPTOP,
200503.0,Ilembe,Ndwedwe,Ozwathini,Mashiyamahle High School,,67,2022-11-08 00:00:00,LENOVO LEARNER LAPTOP,
200503.0,Ilembe,Ndwedwe,Ozwathini,Mashiyamahle High School,,68,2022-11-08 00:00:00,LENOVO LEARNER LAPTOP,
200503.0,Ilembe,Ndwedwe,Ozwathini,Mashiyamahle High School,,69,-,Projector Brackets,
200503.0,Ilembe,Ndwedwe,Ozwathini,Mashiyamahle High School,,70,-,Interactive Flat Smart Screen,
200503.0,Ilembe,Ndwedwe,Ozwathini,Mashiyamahle High School,,71,-,LENOVO TEACHERS LAPTOP,
200503.0,Ilembe,Ndwedwe,Ozwathini,Mashiyamahle High School,,72,-,LENOVO TEACHERS LAPTOP,
200503.0,Ilembe,Ndwedwe,Ozwathini,Mashiyamahle High School,,73,-,LENOVO TEACHERS LAPTOP,
200503.0,Ilembe,Ndwedwe,Ozwathini,Mashiyamahle High School,,74,-,LENOVO TEACHERS LAPTOP,
200503.0,Ilembe,Ndwedwe,Ozwathini,Mashiyamahle High School,,75,-,LENOVO TEACHERS LAPTOP,
200503.0,Ilembe,Ndwedwe,Ozwathini,Mashiyamahle High School,,76,-,LENOVO TEACHERS LAPTOP,
200503.0,Ilembe,Ndwedwe,Ozwathini,Mashiyamahle High School,,77,-,LENOVO TEACHERS LAPTOP,
200503.0,Ilembe,Ndwedwe,Ozwathini,Mashiyamahle High School,,78,-,LENOVO TEACHERS LAPTOP,
200503.0,Ilembe,Ndwedwe,Ozwathini,Mashiyamahle High School,,79,-,LENOVO TEACHERS LAPTOP,
200503.0,Ilembe,Ndwedwe,Ozwathini,Mashiyamahle High School,,80,-,LENOVO TEACHERS LAPTOP,
200503.0,Ilembe,Ndwedwe,Ozwathini,Mashiyamahle High School,,81,-,LENOVO TEACHERS LAPTOP,
200503.0,Ilembe,Ndwedwe,Ozwathini,Mashiyamahle High School,,82,-,LENOVO TEACHERS LAPTOP,
200503.0,Ilembe,Ndwedwe,Ozwathini,Mashiyamahle High School,,83,-,LENOVO TEACHERS LAPTOP,
200503.0,Ilembe,Ndwedwe,Ozwathini,Mashiyamahle High School,,84,-,LENOVO TEACHERS LAPTOP,
200503.0,Ilembe,Ndwedwe,Ozwathini,Mashiyamahle High School,,85,-,LENOVO TEACHERS LAPTOP,
200503.0,Ilembe,Ndwedwe,Ozwathini,Mashiyamahle High School,,86,-,LENOVO TEACHERS LAPTOP,
200503.0,Ilembe,Ndwedwe,Ozwathini,Mashiyamahle High School,,87,-,LENOVO TEACHERS LAPTOP,
200503.0,Ilembe,Ndwedwe,Ozwathini,Mashiyamahle High School,,88,-,LENOVO TEACHERS LAPTOP,
200503.0,Ilembe,Ndwedwe,Ozwathini,Mashiyamahle High School,,89,-,LENOVO TEACHERS LAPTOP,
200503.0,Ilembe,Ndwedwe,Ozwathini,Mashiyamahle High School,,90,-,LENOVO TEACHERS LAPTOP,
200503.0,Ilembe,Ndwedwe,Ozwathini,Mashiyamahle High School,,91,-,LENOVO TEACHERS LAPTOP,
200503.0,Ilembe,Ndwedwe,Ozwathini,Mashiyamahle High School,,92,-,LENOVO TEACHERS LAPTOP,
200503.0,Ilembe,Ndwedwe,Ozwathini,Mashiyamahle High School,,93,-,LENOVO TEACHERS LAPTOP,
200503.0,Ilembe,Ndwedwe,Ozwathini,Mashiyamahle High School,,94,-,LENOVO TEACHERS LAPTOP,
200503.0,Ilembe,Ndwedwe,Ozwathini,Mashiyamahle High School,,95,-,LENOVO TEACHERS LAPTOP,
200503.0,Ilembe,Ndwedwe,Ozwathini,Mashiyamahle High School,,96,-,LENOVO TEACHERS LAPTOP,
200503.0,Ilembe,Ndwedwe,Ozwathini,Mashiyamahle High School,,97,-,LENOVO TEACHERS LAPTOP,
200503.0,Ilembe,Ndwedwe,Ozwathini,Mashiyamahle High School,,98,-,LENOVO TEACHERS LAPTOP,
200503.0,Ilembe,Ndwedwe,Ozwathini,Mashiyamahle High School,,99,-,LENOVO TEACHERS LAPTOP,
200503.0,Ilembe,Ndwedwe,Ozwathini,Mashiyamahle High School,,100,-,LENOVO TEACHERS LAPTOP,
200503.0,Ilembe,Ndwedwe,Ozwathini,Mashiyamahle High School,,101,-,LENOVO TEACHERS LAPTOP,
200503.0,Ilembe,Ndwedwe,Ozwathini,Mashiyamahle High School,,102,-,LENOVO TEACHERS LAPTOP,
200503.0,Ilembe,Ndwedwe,Ozwathini,Mashiyamahle High School,,103,-,LENOVO TEACHERS LAPTOP,
200503.0,Ilembe,Ndwedwe,Ozwathini,Mashiyamahle High School,,104,-,LENOVO TEACHERS LAPTOP,
200503.0,Ilembe,Ndwedwe,Ozwathini,Mashiyamahle High School,,105,-,LENOVO TEACHERS LAPTOP,
200503.0,Ilembe,Ndwedwe,Ozwathini,Mashiyamahle High School,,106,-,LENOVO TEACHERS LAPTOP,
200503.0,Ilembe,Ndwedwe,Ozwathini,Mashiyamahle High School,,107,-,LENOVO TEACHERS LAPTOP,
200503.0,Ilembe,Ndwedwe,Ozwathini,Mashiyamahle High School,,108,-,LENOVO TEACHERS LAPTOP,
200503.0,Ilembe,Ndwedwe,Ozwathini,Mashiyamahle High School,,109,-,LENOVO TEACHERS LAPTOP,
200503.0,Ilembe,Ndwedwe,Ozwathini,Mashiyamahle High School,,110,-,LENOVO TEACHERS LAPTOP,
200503.0,Ilembe,Ndwedwe,Ozwathini,Mashiyamahle High School,,111,-,LENOVO TEACHERS LAPTOP,
200503.0,Ilembe,Ndwedwe,Ozwathini,Mashiyamahle High School,,112,-,LENOVO TEACHERS LAPTOP,
200503.0,Ilembe,Ndwedwe,Ozwathini,Mashiyamahle High School,,113,-,LENOVO TEACHERS LAPTOP,
200503.0,Ilembe,Ndwedwe,Ozwathini,Mashiyamahle High School,,114,-,LENOVO TEACHERS LAPTOP,
200503.0,Ilembe,Ndwedwe,Ozwathini,Mashiyamahle High School,,115,-,LENOVO TEACHERS LAPTOP,
200503.0,Ilembe,Ndwedwe,Ozwathini,Mashiyamahle High School,,116,-,LENOVO TEACHERS LAPTOP,
200503.0,Ilembe,Ndwedwe,Ozwathini,Mashiyamahle High School,,117,-,LENOVO TEACHERS LAPTOP,
200503.0,Ilembe,Ndwedwe,Ozwathini,Mashiyamahle High School,,118,-,LENOVO TEACHERS LAPTOP,
200503.0,Ilembe,Ndwedwe,Ozwathini,Mashiyamahle High School,,119,-,LENOVO TEACHERS LAPTOP,
200503.0,Ilembe,Ndwedwe,Ozwathini,Mashiyamahle High School,,120,-,LENOVO TEACHERS LAPTOP,
200503.0,Ilembe,Ndwedwe,Ozwathini,Mashiyamahle High School,,121,-,LENOVO TEACHERS LAPTOP,
200503.0,Ilembe,Ndwedwe,Ozwathini,Mashiyamahle High School,,122,-,LENOVO TEACHERS LAPTOP,
200503.0,Ilembe,Ndwedwe,Ozwathini,Mashiyamahle High School,,123,-,LENOVO TEACHERS LAPTOP,
200503.0,Ilembe,Ndwedwe,Ozwathini,Mashiyamahle High School,,124,-,LENOVO TEACHERS LAPTOP,
200503.0,Ilembe,Ndwedwe,Ozwathini,Mashiyamahle High School,,125,-,LENOVO TEACHERS LAPTOP,
200503.0,Ilembe,Ndwedwe,Ozwathini,Mashiyamahle High School,,126,-,LENOVO TEACHERS LAPTOP,
200503.0,Ilembe,Ndwedwe,Ozwathini,Mashiyamahle High School,,127,-,LENOVO TEACHERS LAPTOP,
200503.0,Ilembe,Ndwedwe,Ozwathini,Mashiyamahle High School,,128,-,LENOVO TEACHERS LAPTOP,
200503.0,Ilembe,Ndwedwe,Ozwathini,Mashiyamahle High School,,129,-,LENOVO TEACHERS LAPTOP,
200503.0,Ilembe,Ndwedwe,Ozwathini,Mashiyamahle High School,,130,-,LENOVO TEACHERS LAPTOP,
200503.0,Ilembe,Ndwedwe,Ozwathini,Mashiyamahle High School,,131,-,LENOVO TEACHERS LAPTOP,
200503.0,Ilembe,Ndwedwe,Ozwathini,Mashiyamahle High School,,132,-,LENOVO TEACHERS LAPTOP,
200503.0,Ilembe,Ndwedwe,Ozwathini,Mashiyamahle High School,,133,-,LENOVO TEACHERS LAPTOP,
200503.0,Ilembe,Ndwedwe,Ozwathini,Mashiyamahle High School,,134,-,Ultra short throw Bracket,
200503.0,Ilembe,Ndwedwe,Ozwathini,Mashiyamahle High School,,135,2022-12-08 00:00:00,Ultra short throw projector,
200503.0,Ilembe,Ndwedwe,Ozwathini,Mashiyamahle High School,,136,-,Wi-Fi Management laptops,
200799.0,Umkhanyakude,Hlabisa,Hluhluwe,Masibonisane High School,,1,2022-09-19 00:00:00,Mecer Content Access Point,
200799.0,Umkhanyakude,Hlabisa,Hluhluwe,Masibonisane High School,,2,2022-09-28 00:00:00,HDMI,
200799.0,Umkhanyakude,Hlabisa,Hluhluwe,Masibonisane High School,,3,2022-09-19 00:00:00,Charging Trolley,
200799.0,Umkhanyakude,Hlabisa,Hluhluwe,Masibonisane High School,,4,-,View Sonic Data Projector,
200799.0,Umkhanyakude,Hlabisa,Hluhluwe,Masibonisane High School,,5,-,View Sonic Data Projector,
200799.0,Umkhanyakude,Hlabisa,Hluhluwe,Masibonisane High School,,6,-,View Sonic Data Projector,
200799.0,Umkhanyakude,Hlabisa,Hluhluwe,Masibonisane High School,,7,-,View Sonic Data Projector,
200799.0,Umkhanyakude,Hlabisa,Hluhluwe,Masibonisane High School,,8,-,View Sonic Data Projector,
200799.0,Umkhanyakude,Hlabisa,Hluhluwe,Masibonisane High School,,9,-,View Sonic Data Projector,
200799.0,Umkhanyakude,Hlabisa,Hluhluwe,Masibonisane High School,,10,-,View Sonic Data Projector,
200799.0,Umkhanyakude,Hlabisa,Hluhluwe,Masibonisane High School,,11,-,View Sonic Data Projector,
200799.0,Umkhanyakude,Hlabisa,Hluhluwe,Masibonisane High School,,12,-,View Sonic Data Projector,
200799.0,Umkhanyakude,Hlabisa,Hluhluwe,Masibonisane High School,,13,-,View Sonic Data Projector,
200799.0,Umkhanyakude,Hlabisa,Hluhluwe,Masibonisane High School,,14,-,View Sonic Data Projector,
200799.0,Umkhanyakude,Hlabisa,Hluhluwe,Masibonisane High School,,15,-,View Sonic Data Projector,
200799.0,Umkhanyakude,Hlabisa,Hluhluwe,Masibonisane High School,,16,-,View Sonic Data Projector,
200799.0,Umkhanyakude,Hlabisa,Hluhluwe,Masibonisane High School,,17,-,View Sonic Data Projector,
200799.0,Umkhanyakude,Hlabisa,Hluhluwe,Masibonisane High School,,18,-,View Sonic Data Projector,
200799.0,Umkhanyakude,Hlabisa,Hluhluwe,Masibonisane High School,,19,-,View Sonic Data Projector,
200799.0,Umkhanyakude,Hlabisa,Hluhluwe,Masibonisane High School,,20,-,View Sonic Data Projector,
200799.0,Umkhanyakude,Hlabisa,Hluhluwe,Masibonisane High School,,21,-,View Sonic Data Projector,
200799.0,Umkhanyakude,Hlabisa,Hluhluwe,Masibonisane High School,,22,-,View Sonic Data Projector,
200799.0,Umkhanyakude,Hlabisa,Hluhluwe,Masibonisane High School,,23,-,View Sonic Data Projector,
200799.0,Umkhanyakude,Hlabisa,Hluhluwe,Masibonisane High School,,24,-,View Sonic Data Projector,
200799.0,Umkhanyakude,Hlabisa,Hluhluwe,Masibonisane High School,,25,-,View Sonic Data Projector,
200799.0,Umkhanyakude,Hlabisa,Hluhluwe,Masibonisane High School,,26,-,View Sonic Data Projector,
200799.0,Umkhanyakude,Hlabisa,Hluhluwe,Masibonisane High School,,27,-,View Sonic Data Projector,
200799.0,Umkhanyakude,Hlabisa,Hluhluwe,Masibonisane High School,,28,-,View Sonic Data Projector,
200799.0,Umkhanyakude,Hlabisa,Hluhluwe,Masibonisane High School,,29,-,Interactive Flat Panel - Screen,
200799.0,Umkhanyakude,Hlabisa,Hluhluwe,Masibonisane High School,,30,-,HDMI,
200799.0,Umkhanyakude,Hlabisa,Hluhluwe,Masibonisane High School,,31,2022-09-19 00:00:00,Acer Management Laptop,
200799.0,Umkhanyakude,Hlabisa,Hluhluwe,Masibonisane High School,,32,2022-09-18 00:00:00,Volkano - Projector Bracket,
200799.0,Umkhanyakude,Hlabisa,Hluhluwe,Masibonisane High School,,33,-,Acer Teacher Laptop,
200799.0,Umkhanyakude,Hlabisa,Hluhluwe,Masibonisane High School,,34,-,Acer Teacher Laptop,
200799.0,Umkhanyakude,Hlabisa,Hluhluwe,Masibonisane High School,,35,-,Acer Teacher Laptop,
200799.0,Umkhanyakude,Hlabisa,Hluhluwe,Masibonisane High School,,36,-,Acer Teacher Laptop,
200799.0,Umkhanyakude,Hlabisa,Hluhluwe,Masibonisane High School,,37,-,Acer Teacher Laptop,
200799.0,Umkhanyakude,Hlabisa,Hluhluwe,Masibonisane High School,,38,-,Acer Teacher Laptop,
200799.0,Umkhanyakude,Hlabisa,Hluhluwe,Masibonisane High School,,39,-,Acer Teacher Laptop,
200799.0,Umkhanyakude,Hlabisa,Hluhluwe,Masibonisane High School,,40,-,Acer Teacher Laptop,
200799.0,Umkhanyakude,Hlabisa,Hluhluwe,Masibonisane High School,,41,-,Acer Teacher Laptop,
200799.0,Umkhanyakude,Hlabisa,Hluhluwe,Masibonisane High School,,42,-,Acer Teacher Laptop,
200799.0,Umkhanyakude,Hlabisa,Hluhluwe,Masibonisane High School,,43,-,Acer Teacher Laptop,
200799.0,Umkhanyakude,Hlabisa,Hluhluwe,Masibonisane High School,,44,-,Acer Teacher Laptop,
200799.0,Umkhanyakude,Hlabisa,Hluhluwe,Masibonisane High School,,45,-,Acer Teacher Laptop,
200799.0,Umkhanyakude,Hlabisa,Hluhluwe,Masibonisane High School,,46,-,Acer Teacher Laptop,
200799.0,Umkhanyakude,Hlabisa,Hluhluwe,Masibonisane High School,,47,-,Acer Teacher Laptop,
200799.0,Umkhanyakude,Hlabisa,Hluhluwe,Masibonisane High School,,48,-,Acer Teacher Laptop,
200799.0,Umkhanyakude,Hlabisa,Hluhluwe,Masibonisane High School,,49,-,Acer Teacher Laptop,
200799.0,Umkhanyakude,Hlabisa,Hluhluwe,Masibonisane High School,,50,-,Acer Teacher Laptop,
200799.0,Umkhanyakude,Hlabisa,Hluhluwe,Masibonisane High School,,51,-,Acer Teacher Laptop,
200799.0,Umkhanyakude,Hlabisa,Hluhluwe,Masibonisane High School,,52,-,Acer Teacher Laptop,
200799.0,Umkhanyakude,Hlabisa,Hluhluwe,Masibonisane High School,,53,-,Acer Teacher Laptop,
200799.0,Umkhanyakude,Hlabisa,Hluhluwe,Masibonisane High School,,54,-,Acer Teacher Laptop,
200799.0,Umkhanyakude,Hlabisa,Hluhluwe,Masibonisane High School,,55,-,Acer Teacher Laptop,
200799.0,Umkhanyakude,Hlabisa,Hluhluwe,Masibonisane High School,,56,-,Acer Teacher Laptop,
200799.0,Umkhanyakude,Hlabisa,Hluhluwe,Masibonisane High School,,57,-,Acer Teacher Laptop,
200799.0,Umkhanyakude,Hlabisa,Hluhluwe,Masibonisane High School,,58,-,Acer Teacher Laptop,
200799.0,Umkhanyakude,Hlabisa,Hluhluwe,Masibonisane High School,,59,-,Acer Teacher Laptop,
200799.0,Umkhanyakude,Hlabisa,Hluhluwe,Masibonisane High School,,60,-,Acer Teacher Laptop,
200799.0,Umkhanyakude,Hlabisa,Hluhluwe,Masibonisane High School,,61,-,Acer Teacher Laptop,
200799.0,Umkhanyakude,Hlabisa,Hluhluwe,Masibonisane High School,,62,-,Acer Teacher Laptop,
200799.0,Umkhanyakude,Hlabisa,Hluhluwe,Masibonisane High School,,63,-,Acer Teacher Laptop,
200799.0,Umkhanyakude,Hlabisa,Hluhluwe,Masibonisane High School,,64,-,Acer Teacher Laptop,
200799.0,Umkhanyakude,Hlabisa,Hluhluwe,Masibonisane High School,,65,-,Acer Teacher Laptop,
200799.0,Umkhanyakude,Hlabisa,Hluhluwe,Masibonisane High School,,66,-,Acer Teacher Laptop,
200799.0,Umkhanyakude,Hlabisa,Hluhluwe,Masibonisane High School,,67,-,Acer Teacher Laptop,
200799.0,Umkhanyakude,Hlabisa,Hluhluwe,Masibonisane High School,,68,-,Acer Teacher Laptop,
200799.0,Umkhanyakude,Hlabisa,Hluhluwe,Masibonisane High School,,69,-,Acer Teacher Laptop,
200799.0,Umkhanyakude,Hlabisa,Hluhluwe,Masibonisane High School,,70,-,Acer Teacher Laptop,
200799.0,Umkhanyakude,Hlabisa,Hluhluwe,Masibonisane High School,,71,-,Acer Teacher Laptop,
200799.0,Umkhanyakude,Hlabisa,Hluhluwe,Masibonisane High School,,72,-,Acer Teacher Laptop,
200799.0,Umkhanyakude,Hlabisa,Hluhluwe,Masibonisane High School,,73,-,Acer Teacher Laptop,
200799.0,Umkhanyakude,Hlabisa,Hluhluwe,Masibonisane High School,,74,-,Acer Teacher Laptop,
200799.0,Umkhanyakude,Hlabisa,Hluhluwe,Masibonisane High School,,75,-,Acer Teacher Laptop,
200799.0,Umkhanyakude,Hlabisa,Hluhluwe,Masibonisane High School,,76,-,Acer Teacher Laptop,
200799.0,Umkhanyakude,Hlabisa,Hluhluwe,Masibonisane High School,,77,-,Acer Teacher Laptop,
200799.0,Umkhanyakude,Hlabisa,Hluhluwe,Masibonisane High School,,78,-,Acer Teacher Laptop,
200799.0,Umkhanyakude,Hlabisa,Hluhluwe,Masibonisane High School,,79,-,Acer Teacher Laptop,
200799.0,Umkhanyakude,Hlabisa,Hluhluwe,Masibonisane High School,,80,-,Acer Teacher Laptop,
200799.0,Umkhanyakude,Hlabisa,Hluhluwe,Masibonisane High School,,81,-,Acer Teacher Laptop,
200799.0,Umkhanyakude,Hlabisa,Hluhluwe,Masibonisane High School,,82,2022-09-18 00:00:00,Ultra Short Throw Setting Plate,
200799.0,Umkhanyakude,Hlabisa,Hluhluwe,Masibonisane High School,,83,2022-09-27 00:00:00,Whiteboard Markers,
200799.0,Umkhanyakude,Hlabisa,Hluhluwe,Masibonisane High School,,84,2022-09-24 00:00:00,Whiteboard,
200799.0,Umkhanyakude,Hlabisa,Hluhluwe,Masibonisane High School,,85,2022-09-19 00:00:00,Acer Learner Laptop,
200799.0,Umkhanyakude,Hlabisa,Hluhluwe,Masibonisane High School,,86,2022-09-19 00:00:00,Acer Learner Laptop,
200799.0,Umkhanyakude,Hlabisa,Hluhluwe,Masibonisane High School,,87,2022-09-19 00:00:00,Acer Learner Laptop,
200799.0,Umkhanyakude,Hlabisa,Hluhluwe,Masibonisane High School,,88,2022-09-19 00:00:00,Acer Learner Laptop,
200799.0,Umkhanyakude,Hlabisa,Hluhluwe,Masibonisane High School,,89,2022-09-19 00:00:00,Acer Learner Laptop,
200799.0,Umkhanyakude,Hlabisa,Hluhluwe,Masibonisane High School,,90,2022-09-19 00:00:00,Acer Learner Laptop,
200799.0,Umkhanyakude,Hlabisa,Hluhluwe,Masibonisane High School,,91,2022-09-19 00:00:00,Acer Learner Laptop,
200799.0,Umkhanyakude,Hlabisa,Hluhluwe,Masibonisane High School,,92,2022-09-19 00:00:00,Acer Learner Laptop,
200799.0,Umkhanyakude,Hlabisa,Hluhluwe,Masibonisane High School,,93,2022-09-19 00:00:00,Acer Learner Laptop,
200799.0,Umkhanyakude,Hlabisa,Hluhluwe,Masibonisane High School,,94,2022-09-19 00:00:00,Acer Learner Laptop,
200799.0,Umkhanyakude,Hlabisa,Hluhluwe,Masibonisane High School,,95,2022-09-19 00:00:00,Acer Learner Laptop,
200799.0,Umkhanyakude,Hlabisa,Hluhluwe,Masibonisane High School,,96,2022-09-19 00:00:00,Acer Learner Laptop,
200799.0,Umkhanyakude,Hlabisa,Hluhluwe,Masibonisane High School,,97,2022-09-19 00:00:00,Acer Learner Laptop,
200799.0,Umkhanyakude,Hlabisa,Hluhluwe,Masibonisane High School,,98,2022-09-19 00:00:00,Acer Learner Laptop,
200799.0,Umkhanyakude,Hlabisa,Hluhluwe,Masibonisane High School,,99,2022-09-19 00:00:00,Acer Learner Laptop,
200799.0,Umkhanyakude,Hlabisa,Hluhluwe,Masibonisane High School,,100,2022-09-19 00:00:00,Acer Learner Laptop,
200799.0,Umkhanyakude,Hlabisa,Hluhluwe,Masibonisane High School,,101,2022-09-19 00:00:00,Acer Learner Laptop,
200799.0,Umkhanyakude,Hlabisa,Hluhluwe,Masibonisane High School,,102,2022-09-19 00:00:00,Acer Learner Laptop,
200799.0,Umkhanyakude,Hlabisa,Hluhluwe,Masibonisane High School,,103,2022-09-19 00:00:00,Acer Learner Laptop,
200799.0,Umkhanyakude,Hlabisa,Hluhluwe,Masibonisane High School,,104,2022-09-19 00:00:00,Acer Learner Laptop,
200799.0,Umkhanyakude,Hlabisa,Hluhluwe,Masibonisane High School,,105,2022-09-19 00:00:00,Acer Learner Laptop,
200799.0,Umkhanyakude,Hlabisa,Hluhluwe,Masibonisane High School,,106,2022-09-19 00:00:00,Acer Learner Laptop,
200799.0,Umkhanyakude,Hlabisa,Hluhluwe,Masibonisane High School,,107,2022-09-19 00:00:00,Acer Learner Laptop,
200799.0,Umkhanyakude,Hlabisa,Hluhluwe,Masibonisane High School,,108,2022-09-19 00:00:00,Acer Learner Laptop,
200799.0,Umkhanyakude,Hlabisa,Hluhluwe,Masibonisane High School,,109,2022-09-19 00:00:00,Acer Learner Laptop,
200799.0,Umkhanyakude,Hlabisa,Hluhluwe,Masibonisane High School,,110,2022-09-19 00:00:00,Acer Learner Laptop,
200799.0,Umkhanyakude,Hlabisa,Hluhluwe,Masibonisane High School,,111,2022-09-19 00:00:00,Acer Learner Laptop,
200799.0,Umkhanyakude,Hlabisa,Hluhluwe,Masibonisane High School,,112,2022-09-19 00:00:00,Acer Learner Laptop,
200799.0,Umkhanyakude,Hlabisa,Hluhluwe,Masibonisane High School,,113,2022-09-19 00:00:00,Acer Learner Laptop,
200799.0,Umkhanyakude,Hlabisa,Hluhluwe,Masibonisane High School,,114,2022-09-19 00:00:00,Acer Learner Laptop,
200799.0,Umkhanyakude,Hlabisa,Hluhluwe,Masibonisane High School,,115,2022-09-19 00:00:00,Acer Learner Laptop,
200799.0,Umkhanyakude,Hlabisa,Hluhluwe,Masibonisane High School,,116,2022-09-19 00:00:00,Acer Learner Laptop,
200799.0,Umkhanyakude,Hlabisa,Hluhluwe,Masibonisane High School,,117,2022-09-19 00:00:00,Acer Learner Laptop,
200799.0,Umkhanyakude,Hlabisa,Hluhluwe,Masibonisane High School,,118,2022-09-19 00:00:00,Acer Learner Laptop,
200799.0,Umkhanyakude,Hlabisa,Hluhluwe,Masibonisane High School,,119,2022-09-19 00:00:00,Acer Learner Laptop,
200799.0,Umkhanyakude,Hlabisa,Hluhluwe,Masibonisane High School,,120,2022-09-19 00:00:00,Acer Learner Laptop,
200799.0,Umkhanyakude,Hlabisa,Hluhluwe,Masibonisane High School,,121,2022-09-19 00:00:00,Acer Learner Laptop,
200799.0,Umkhanyakude,Hlabisa,Hluhluwe,Masibonisane High School,,122,2022-09-19 00:00:00,Acer Learner Laptop,
200799.0,Umkhanyakude,Hlabisa,Hluhluwe,Masibonisane High School,,123,2022-09-19 00:00:00,Acer Learner Laptop,
200799.0,Umkhanyakude,Hlabisa,Hluhluwe,Masibonisane High School,,124,2022-09-19 00:00:00,Acer Learner Laptop,
200799.0,Umkhanyakude,Hlabisa,Hluhluwe,Masibonisane High School,,125,2022-09-27 00:00:00,Pen Trays,
200799.0,Umkhanyakude,Hlabisa,Hluhluwe,Masibonisane High School,,126,2022-09-18 00:00:00,Ultra Short Throw,
217153.0,Umgungundlovu,Umngeni,Wartburg,Mpolweni Secondary School,,1,2022-07-15 00:00:00,Meer Content Access Point,
217153.0,Umgungundlovu,Umngeni,Wartburg,Mpolweni Secondary School,,2,2022-07-13 00:00:00,Charging Trolley,
217153.0,Umgungundlovu,Umngeni,Wartburg,Mpolweni Secondary School,,3,-,HDMI CABLE,
217153.0,Umgungundlovu,Umngeni,Wartburg,Mpolweni Secondary School,,4,2022-08-03 00:00:00,Flat Panel (All in one Screen),
217153.0,Umgungundlovu,Umngeni,Wartburg,Mpolweni Secondary School,,5,2022-08-01 00:00:00,EPSON PROJECTOR,
217153.0,Umgungundlovu,Umngeni,Wartburg,Mpolweni Secondary School,,6,2022-08-01 00:00:00,EPSON PROJECTOR,
217153.0,Umgungundlovu,Umngeni,Wartburg,Mpolweni Secondary School,,7,2022-08-01 00:00:00,EPSON PROJECTOR,
217153.0,Umgungundlovu,Umngeni,Wartburg,Mpolweni Secondary School,,8,2022-08-01 00:00:00,EPSON PROJECTOR,
217153.0,Umgungundlovu,Umngeni,Wartburg,Mpolweni Secondary School,,9,2022-08-01 00:00:00,EPSON PROJECTOR,
217153.0,Umgungundlovu,Umngeni,Wartburg,Mpolweni Secondary School,,10,2022-08-01 00:00:00,EPSON PROJECTOR,
217153.0,Umgungundlovu,Umngeni,Wartburg,Mpolweni Secondary School,,11,2022-08-01 00:00:00,EPSON PROJECTOR,
217153.0,Umgungundlovu,Umngeni,Wartburg,Mpolweni Secondary School,,12,2022-08-01 00:00:00,EPSON PROJECTOR,
217153.0,Umgungundlovu,Umngeni,Wartburg,Mpolweni Secondary School,,13,2022-08-01 00:00:00,EPSON PROJECTOR,
217153.0,Umgungundlovu,Umngeni,Wartburg,Mpolweni Secondary School,,14,2022-08-01 00:00:00,EPSON PROJECTOR,
217153.0,Umgungundlovu,Umngeni,Wartburg,Mpolweni Secondary School,,15,2022-08-01 00:00:00,EPSON PROJECTOR,
217153.0,Umgungundlovu,Umngeni,Wartburg,Mpolweni Secondary School,,16,2022-08-01 00:00:00,EPSON PROJECTOR,
217153.0,Umgungundlovu,Umngeni,Wartburg,Mpolweni Secondary School,,17,2022-08-01 00:00:00,EPSON PROJECTOR,
217153.0,Umgungundlovu,Umngeni,Wartburg,Mpolweni Secondary School,,18,2022-08-01 00:00:00,EPSON PROJECTOR,
217153.0,Umgungundlovu,Umngeni,Wartburg,Mpolweni Secondary School,,19,2022-08-01 00:00:00,EPSON PROJECTOR,
217153.0,Umgungundlovu,Umngeni,Wartburg,Mpolweni Secondary School,,20,2022-08-01 00:00:00,EPSON PROJECTOR,
217153.0,Umgungundlovu,Umngeni,Wartburg,Mpolweni Secondary School,,21,2022-08-01 00:00:00,EPSON PROJECTOR,
217153.0,Umgungundlovu,Umngeni,Wartburg,Mpolweni Secondary School,,22,2022-08-01 00:00:00,EPSON PROJECTOR,
217153.0,Umgungundlovu,Umngeni,Wartburg,Mpolweni Secondary School,,23,2022-08-01 00:00:00,EPSON PROJECTOR,
217153.0,Umgungundlovu,Umngeni,Wartburg,Mpolweni Secondary School,,24,2022-08-01 00:00:00,EPSON PROJECTOR,
217153.0,Umgungundlovu,Umngeni,Wartburg,Mpolweni Secondary School,,25,2022-08-01 00:00:00,EPSON PROJECTOR,
217153.0,Umgungundlovu,Umngeni,Wartburg,Mpolweni Secondary School,,26,2022-08-01 00:00:00,EPSON PROJECTOR,
217153.0,Umgungundlovu,Umngeni,Wartburg,Mpolweni Secondary School,,27,2022-08-01 00:00:00,EPSON PROJECTOR,
217153.0,Umgungundlovu,Umngeni,Wartburg,Mpolweni Secondary School,,28,2022-08-01 00:00:00,EPSON PROJECTOR,
217153.0,Umgungundlovu,Umngeni,Wartburg,Mpolweni Secondary School,,29,2022-08-01 00:00:00,EPSON PROJECTOR,
217153.0,Umgungundlovu,Umngeni,Wartburg,Mpolweni Secondary School,,30,2022-08-04 00:00:00,Ultra short throw Bracket,
217153.0,Umgungundlovu,Umngeni,Wartburg,Mpolweni Secondary School,,31,2022-08-01 00:00:00,Ultra short throw Projector,
217153.0,Umgungundlovu,Umngeni,Wartburg,Mpolweni Secondary School,,32,2022-08-04 00:00:00,PARROT PROJECTOR BRACKET,
217153.0,Umgungundlovu,Umngeni,Wartburg,Mpolweni Secondary School,,33,-,Whiteboard Markers,
217153.0,Umgungundlovu,Umngeni,Wartburg,Mpolweni Secondary School,,34,-,Lenovo Learner Laptop,
217153.0,Umgungundlovu,Umngeni,Wartburg,Mpolweni Secondary School,,35,-,Lenovo Learner Laptop,
217153.0,Umgungundlovu,Umngeni,Wartburg,Mpolweni Secondary School,,36,-,Lenovo Learner Laptop,
217153.0,Umgungundlovu,Umngeni,Wartburg,Mpolweni Secondary School,,37,-,Lenovo Learner Laptop,
217153.0,Umgungundlovu,Umngeni,Wartburg,Mpolweni Secondary School,,38,-,Lenovo Learner Laptop,
217153.0,Umgungundlovu,Umngeni,Wartburg,Mpolweni Secondary School,,39,-,Lenovo Learner Laptop,
217153.0,Umgungundlovu,Umngeni,Wartburg,Mpolweni Secondary School,,40,-,Lenovo Learner Laptop,
217153.0,Umgungundlovu,Umngeni,Wartburg,Mpolweni Secondary School,,41,-,Lenovo Learner Laptop,
217153.0,Umgungundlovu,Umngeni,Wartburg,Mpolweni Secondary School,,42,-,Lenovo Learner Laptop,
217153.0,Umgungundlovu,Umngeni,Wartburg,Mpolweni Secondary School,,43,-,Lenovo Learner Laptop,
217153.0,Umgungundlovu,Umngeni,Wartburg,Mpolweni Secondary School,,44,-,Lenovo Learner Laptop,
217153.0,Umgungundlovu,Umngeni,Wartburg,Mpolweni Secondary School,,45,-,Lenovo Learner Laptop,
217153.0,Umgungundlovu,Umngeni,Wartburg,Mpolweni Secondary School,,46,-,Lenovo Learner Laptop,
217153.0,Umgungundlovu,Umngeni,Wartburg,Mpolweni Secondary School,,47,-,Lenovo Learner Laptop,
217153.0,Umgungundlovu,Umngeni,Wartburg,Mpolweni Secondary School,,48,-,Lenovo Learner Laptop,
217153.0,Umgungundlovu,Umngeni,Wartburg,Mpolweni Secondary School,,49,-,Lenovo Learner Laptop,
217153.0,Umgungundlovu,Umngeni,Wartburg,Mpolweni Secondary School,,50,-,Lenovo Learner Laptop,
217153.0,Umgungundlovu,Umngeni,Wartburg,Mpolweni Secondary School,,51,-,Lenovo Learner Laptop,
217153.0,Umgungundlovu,Umngeni,Wartburg,Mpolweni Secondary School,,52,-,Lenovo Learner Laptop,
217153.0,Umgungundlovu,Umngeni,Wartburg,Mpolweni Secondary School,,53,-,Lenovo Learner Laptop,
217153.0,Umgungundlovu,Umngeni,Wartburg,Mpolweni Secondary School,,54,-,Lenovo Learner Laptop,
217153.0,Umgungundlovu,Umngeni,Wartburg,Mpolweni Secondary School,,55,-,Lenovo Learner Laptop,
217153.0,Umgungundlovu,Umngeni,Wartburg,Mpolweni Secondary School,,56,-,Lenovo Learner Laptop,
217153.0,Umgungundlovu,Umngeni,Wartburg,Mpolweni Secondary School,,57,-,Lenovo Learner Laptop,
217153.0,Umgungundlovu,Umngeni,Wartburg,Mpolweni Secondary School,,58,-,Lenovo Learner Laptop,
217153.0,Umgungundlovu,Umngeni,Wartburg,Mpolweni Secondary School,,59,-,Lenovo Learner Laptop,
217153.0,Umgungundlovu,Umngeni,Wartburg,Mpolweni Secondary School,,60,-,Lenovo Learner Laptop,
217153.0,Umgungundlovu,Umngeni,Wartburg,Mpolweni Secondary School,,61,-,Lenovo Learner Laptop,
217153.0,Umgungundlovu,Umngeni,Wartburg,Mpolweni Secondary School,,62,-,Lenovo Learner Laptop,
217153.0,Umgungundlovu,Umngeni,Wartburg,Mpolweni Secondary School,,63,-,Lenovo Learner Laptop,
217153.0,Umgungundlovu,Umngeni,Wartburg,Mpolweni Secondary School,,64,-,Lenovo Learner Laptop,
217153.0,Umgungundlovu,Umngeni,Wartburg,Mpolweni Secondary School,,65,-,Lenovo Learner Laptop,
217153.0,Umgungundlovu,Umngeni,Wartburg,Mpolweni Secondary School,,66,-,Lenovo Learner Laptop,
217153.0,Umgungundlovu,Umngeni,Wartburg,Mpolweni Secondary School,,67,-,Lenovo Learner Laptop,
217153.0,Umgungundlovu,Umngeni,Wartburg,Mpolweni Secondary School,,68,-,Lenovo Learner Laptop,
217153.0,Umgungundlovu,Umngeni,Wartburg,Mpolweni Secondary School,,69,-,Lenovo Learner Laptop,
217153.0,Umgungundlovu,Umngeni,Wartburg,Mpolweni Secondary School,,70,-,Lenovo Learner Laptop,
217153.0,Umgungundlovu,Umngeni,Wartburg,Mpolweni Secondary School,,71,-,Lenovo Learner Laptop,
217153.0,Umgungundlovu,Umngeni,Wartburg,Mpolweni Secondary School,,72,-,Lenovo Learner Laptop,
217153.0,Umgungundlovu,Umngeni,Wartburg,Mpolweni Secondary School,,73,-,Lenovo Learner Laptop,
217153.0,Umgungundlovu,Umngeni,Wartburg,Mpolweni Secondary School,,74,-,PANTRAYS,
217153.0,Umgungundlovu,Umngeni,Wartburg,Mpolweni Secondary School,,75,2022-06-20 00:00:00,MATT WHITE BOARDS,
217153.0,Umgungundlovu,Umngeni,Wartburg,Mpolweni Secondary School,,76,-,Lenovo Management Laptop,
217153.0,Umgungundlovu,Umngeni,Wartburg,Mpolweni Secondary School,,77,-,Lenovo Teacher Laptop,
217153.0,Umgungundlovu,Umngeni,Wartburg,Mpolweni Secondary School,,78,-,Lenovo Teacher Laptop,
217153.0,Umgungundlovu,Umngeni,Wartburg,Mpolweni Secondary School,,79,-,Lenovo Teacher Laptop,
217153.0,Umgungundlovu,Umngeni,Wartburg,Mpolweni Secondary School,,80,-,Lenovo Teacher Laptop,
217153.0,Umgungundlovu,Umngeni,Wartburg,Mpolweni Secondary School,,81,-,Lenovo Teacher Laptop,
217153.0,Umgungundlovu,Umngeni,Wartburg,Mpolweni Secondary School,,82,-,Lenovo Teacher Laptop,
217153.0,Umgungundlovu,Umngeni,Wartburg,Mpolweni Secondary School,,83,-,Lenovo Teacher Laptop,
217153.0,Umgungundlovu,Umngeni,Wartburg,Mpolweni Secondary School,,84,-,Lenovo Teacher Laptop,
217153.0,Umgungundlovu,Umngeni,Wartburg,Mpolweni Secondary School,,85,-,Lenovo Teacher Laptop,
217153.0,Umgungundlovu,Umngeni,Wartburg,Mpolweni Secondary School,,86,-,Lenovo Teacher Laptop,
217153.0,Umgungundlovu,Umngeni,Wartburg,Mpolweni Secondary School,,87,-,Lenovo Teacher Laptop,
217153.0,Umgungundlovu,Umngeni,Wartburg,Mpolweni Secondary School,,88,-,Lenovo Teacher Laptop,
217153.0,Umgungundlovu,Umngeni,Wartburg,Mpolweni Secondary School,,89,-,Lenovo Teacher Laptop,
217153.0,Umgungundlovu,Umngeni,Wartburg,Mpolweni Secondary School,,90,-,Lenovo Teacher Laptop,
217153.0,Umgungundlovu,Umngeni,Wartburg,Mpolweni Secondary School,,91,-,Lenovo Teacher Laptop,
217153.0,Umgungundlovu,Umngeni,Wartburg,Mpolweni Secondary School,,92,-,Lenovo Teacher Laptop,
217153.0,Umgungundlovu,Umngeni,Wartburg,Mpolweni Secondary School,,93,-,Lenovo Teacher Laptop,
217153.0,Umgungundlovu,Umngeni,Wartburg,Mpolweni Secondary School,,94,-,Lenovo Teacher Laptop,
217153.0,Umgungundlovu,Umngeni,Wartburg,Mpolweni Secondary School,,95,-,Lenovo Teacher Laptop,
217153.0,Umgungundlovu,Umngeni,Wartburg,Mpolweni Secondary School,,96,-,Lenovo Teacher Laptop,
217153.0,Umgungundlovu,Umngeni,Wartburg,Mpolweni Secondary School,,97,-,Lenovo Teacher Laptop,
217153.0,Umgungundlovu,Umngeni,Wartburg,Mpolweni Secondary School,,98,-,Lenovo Teacher Laptop,
217153.0,Umgungundlovu,Umngeni,Wartburg,Mpolweni Secondary School,,99,-,Lenovo Teacher Laptop,
217153.0,Umgungundlovu,Umngeni,Wartburg,Mpolweni Secondary School,,100,-,Lenovo Teacher Laptop,
217153.0,Umgungundlovu,Umngeni,Wartburg,Mpolweni Secondary School,,101,-,Lenovo Teacher Laptop,
217153.0,Umgungundlovu,Umngeni,Wartburg,Mpolweni Secondary School,,102,-,Lenovo Teacher Laptop,
217153.0,Umgungundlovu,Umngeni,Wartburg,Mpolweni Secondary School,,103,-,Lenovo Teacher Laptop,
217264.0,Umgungundlovu,Umngeni,Howick,Mpophomeni Secondary School,,1,2022-08-05 00:00:00,Access Point,
217264.0,Umgungundlovu,Umngeni,Howick,Mpophomeni Secondary School,,2,-,Charging Trolley,
217264.0,Umgungundlovu,Umngeni,Howick,Mpophomeni Secondary School,,3,2022-08-05 00:00:00,HDMI CABLE,
217264.0,Umgungundlovu,Umngeni,Howick,Mpophomeni Secondary School,,4,2022-08-05 00:00:00,Epson Data Projector,
217264.0,Umgungundlovu,Umngeni,Howick,Mpophomeni Secondary School,,5,2022-08-05 00:00:00,Epson Data Projector,
217264.0,Umgungundlovu,Umngeni,Howick,Mpophomeni Secondary School,,6,2022-08-05 00:00:00,Epson Data Projector,
217264.0,Umgungundlovu,Umngeni,Howick,Mpophomeni Secondary School,,7,2022-08-05 00:00:00,Epson Data Projector,
217264.0,Umgungundlovu,Umngeni,Howick,Mpophomeni Secondary School,,8,2022-08-05 00:00:00,Epson Data Projector,
217264.0,Umgungundlovu,Umngeni,Howick,Mpophomeni Secondary School,,9,2022-08-05 00:00:00,Epson Data Projector,
217264.0,Umgungundlovu,Umngeni,Howick,Mpophomeni Secondary School,,10,2022-08-05 00:00:00,Epson Data Projector,
217264.0,Umgungundlovu,Umngeni,Howick,Mpophomeni Secondary School,,11,2022-08-05 00:00:00,Epson Data Projector,
217264.0,Umgungundlovu,Umngeni,Howick,Mpophomeni Secondary School,,12,2022-08-05 00:00:00,Epson Data Projector,
217264.0,Umgungundlovu,Umngeni,Howick,Mpophomeni Secondary School,,13,2022-08-05 00:00:00,Epson Data Projector,
217264.0,Umgungundlovu,Umngeni,Howick,Mpophomeni Secondary School,,14,2022-08-05 00:00:00,Epson Data Projector,
217264.0,Umgungundlovu,Umngeni,Howick,Mpophomeni Secondary School,,15,2022-08-05 00:00:00,Epson Data Projector,
217264.0,Umgungundlovu,Umngeni,Howick,Mpophomeni Secondary School,,16,2022-08-05 00:00:00,Epson Data Projector,
217264.0,Umgungundlovu,Umngeni,Howick,Mpophomeni Secondary School,,17,2022-08-05 00:00:00,Epson Data Projector,
217264.0,Umgungundlovu,Umngeni,Howick,Mpophomeni Secondary School,,18,2022-08-05 00:00:00,Epson Data Projector,
217264.0,Umgungundlovu,Umngeni,Howick,Mpophomeni Secondary School,,19,2022-08-05 00:00:00,Epson Data Projector,
217264.0,Umgungundlovu,Umngeni,Howick,Mpophomeni Secondary School,,20,2022-08-05 00:00:00,Epson Data Projector,
217264.0,Umgungundlovu,Umngeni,Howick,Mpophomeni Secondary School,,21,2022-08-05 00:00:00,Epson Data Projector,
217264.0,Umgungundlovu,Umngeni,Howick,Mpophomeni Secondary School,,22,2022-08-05 00:00:00,Epson Data Projector,
217264.0,Umgungundlovu,Umngeni,Howick,Mpophomeni Secondary School,,23,2022-08-05 00:00:00,Lenovo Learner Laptop,
217264.0,Umgungundlovu,Umngeni,Howick,Mpophomeni Secondary School,,24,2022-08-05 00:00:00,Lenovo Learner Laptop,
217264.0,Umgungundlovu,Umngeni,Howick,Mpophomeni Secondary School,,25,2022-08-05 00:00:00,Lenovo Learner Laptop,
217264.0,Umgungundlovu,Umngeni,Howick,Mpophomeni Secondary School,,26,2022-08-05 00:00:00,Lenovo Learner Laptop,
217264.0,Umgungundlovu,Umngeni,Howick,Mpophomeni Secondary School,,27,2022-08-05 00:00:00,Lenovo Learner Laptop,
217264.0,Umgungundlovu,Umngeni,Howick,Mpophomeni Secondary School,,28,2022-08-05 00:00:00,Lenovo Learner Laptop,
217264.0,Umgungundlovu,Umngeni,Howick,Mpophomeni Secondary School,,29,2022-08-05 00:00:00,Lenovo Learner Laptop,
217264.0,Umgungundlovu,Umngeni,Howick,Mpophomeni Secondary School,,30,2022-08-05 00:00:00,Lenovo Learner Laptop,
217264.0,Umgungundlovu,Umngeni,Howick,Mpophomeni Secondary School,,31,2022-08-05 00:00:00,Lenovo Learner Laptop,
217264.0,Umgungundlovu,Umngeni,Howick,Mpophomeni Secondary School,,32,2022-08-05 00:00:00,Lenovo Learner Laptop,
217264.0,Umgungundlovu,Umngeni,Howick,Mpophomeni Secondary School,,33,2022-08-05 00:00:00,Lenovo Learner Laptop,
217264.0,Umgungundlovu,Umngeni,Howick,Mpophomeni Secondary School,,34,2022-08-05 00:00:00,Lenovo Learner Laptop,
217264.0,Umgungundlovu,Umngeni,Howick,Mpophomeni Secondary School,,35,2022-08-05 00:00:00,Lenovo Learner Laptop,
217264.0,Umgungundlovu,Umngeni,Howick,Mpophomeni Secondary School,,36,2022-08-05 00:00:00,Lenovo Learner Laptop,
217264.0,Umgungundlovu,Umngeni,Howick,Mpophomeni Secondary School,,37,2022-08-05 00:00:00,Lenovo Learner Laptop,
217264.0,Umgungundlovu,Umngeni,Howick,Mpophomeni Secondary School,,38,2022-08-05 00:00:00,Lenovo Learner Laptop,
217264.0,Umgungundlovu,Umngeni,Howick,Mpophomeni Secondary School,,39,2022-08-05 00:00:00,Lenovo Learner Laptop,
217264.0,Umgungundlovu,Umngeni,Howick,Mpophomeni Secondary School,,40,2022-08-05 00:00:00,Lenovo Learner Laptop,
217264.0,Umgungundlovu,Umngeni,Howick,Mpophomeni Secondary School,,41,2022-08-05 00:00:00,Lenovo Learner Laptop,
217264.0,Umgungundlovu,Umngeni,Howick,Mpophomeni Secondary School,,42,2022-08-05 00:00:00,Lenovo Learner Laptop,
217264.0,Umgungundlovu,Umngeni,Howick,Mpophomeni Secondary School,,43,2022-08-05 00:00:00,Lenovo Learner Laptop,
217264.0,Umgungundlovu,Umngeni,Howick,Mpophomeni Secondary School,,44,2022-08-05 00:00:00,Lenovo Learner Laptop,
217264.0,Umgungundlovu,Umngeni,Howick,Mpophomeni Secondary School,,45,2022-08-05 00:00:00,Lenovo Learner Laptop,
217264.0,Umgungundlovu,Umngeni,Howick,Mpophomeni Secondary School,,46,2022-08-05 00:00:00,Lenovo Learner Laptop,
217264.0,Umgungundlovu,Umngeni,Howick,Mpophomeni Secondary School,,47,2022-08-05 00:00:00,Lenovo Learner Laptop,
217264.0,Umgungundlovu,Umngeni,Howick,Mpophomeni Secondary School,,48,2022-08-05 00:00:00,Lenovo Learner Laptop,
217264.0,Umgungundlovu,Umngeni,Howick,Mpophomeni Secondary School,,49,2022-08-05 00:00:00,Lenovo Learner Laptop,
217264.0,Umgungundlovu,Umngeni,Howick,Mpophomeni Secondary School,,50,2022-08-05 00:00:00,Lenovo Learner Laptop,
217264.0,Umgungundlovu,Umngeni,Howick,Mpophomeni Secondary School,,51,2022-08-05 00:00:00,Lenovo Learner Laptop,
217264.0,Umgungundlovu,Umngeni,Howick,Mpophomeni Secondary School,,52,2022-08-05 00:00:00,Lenovo Learner Laptop,
217264.0,Umgungundlovu,Umngeni,Howick,Mpophomeni Secondary School,,53,2022-08-05 00:00:00,Lenovo Learner Laptop,
217264.0,Umgungundlovu,Umngeni,Howick,Mpophomeni Secondary School,,54,2022-08-05 00:00:00,Lenovo Learner Laptop,
217264.0,Umgungundlovu,Umngeni,Howick,Mpophomeni Secondary School,,55,2022-08-05 00:00:00,Lenovo Learner Laptop,
217264.0,Umgungundlovu,Umngeni,Howick,Mpophomeni Secondary School,,56,2022-08-05 00:00:00,Lenovo Learner Laptop,
217264.0,Umgungundlovu,Umngeni,Howick,Mpophomeni Secondary School,,57,2022-08-05 00:00:00,Lenovo Learner Laptop,
217264.0,Umgungundlovu,Umngeni,Howick,Mpophomeni Secondary School,,58,2022-08-05 00:00:00,Lenovo Learner Laptop,
217264.0,Umgungundlovu,Umngeni,Howick,Mpophomeni Secondary School,,59,2022-08-05 00:00:00,Lenovo Learner Laptop,
217264.0,Umgungundlovu,Umngeni,Howick,Mpophomeni Secondary School,,60,2022-08-05 00:00:00,Lenovo Learner Laptop,
217264.0,Umgungundlovu,Umngeni,Howick,Mpophomeni Secondary School,,61,2022-08-05 00:00:00,Lenovo Learner Laptop,
217264.0,Umgungundlovu,Umngeni,Howick,Mpophomeni Secondary School,,62,2022-08-05 00:00:00,Lenovo Learner Laptop,
217264.0,Umgungundlovu,Umngeni,Howick,Mpophomeni Secondary School,,63,2022-08-05 00:00:00,Lenovo Teacher Laptop,
217264.0,Umgungundlovu,Umngeni,Howick,Mpophomeni Secondary School,,64,2022-08-05 00:00:00,Lenovo Teacher Laptop,
217264.0,Umgungundlovu,Umngeni,Howick,Mpophomeni Secondary School,,65,2022-08-05 00:00:00,Lenovo Teacher Laptop,
217264.0,Umgungundlovu,Umngeni,Howick,Mpophomeni Secondary School,,66,2022-08-05 00:00:00,Lenovo Teacher Laptop,
217264.0,Umgungundlovu,Umngeni,Howick,Mpophomeni Secondary School,,67,2022-08-05 00:00:00,Lenovo Teacher Laptop,
217264.0,Umgungundlovu,Umngeni,Howick,Mpophomeni Secondary School,,68,2022-08-05 00:00:00,Lenovo Teacher Laptop,
217264.0,Umgungundlovu,Umngeni,Howick,Mpophomeni Secondary School,,69,2022-08-05 00:00:00,Lenovo Teacher Laptop,
217264.0,Umgungundlovu,Umngeni,Howick,Mpophomeni Secondary School,,70,2022-08-05 00:00:00,Lenovo Teacher Laptop,
217264.0,Umgungundlovu,Umngeni,Howick,Mpophomeni Secondary School,,71,2022-08-05 00:00:00,Lenovo Teacher Laptop,
217264.0,Umgungundlovu,Umngeni,Howick,Mpophomeni Secondary School,,72,2022-08-05 00:00:00,Lenovo Teacher Laptop,
217264.0,Umgungundlovu,Umngeni,Howick,Mpophomeni Secondary School,,73,2022-08-05 00:00:00,Lenovo Teacher Laptop,
217264.0,Umgungundlovu,Umngeni,Howick,Mpophomeni Secondary School,,74,2022-08-05 00:00:00,Lenovo Teacher Laptop,
217264.0,Umgungundlovu,Umngeni,Howick,Mpophomeni Secondary School,,75,2022-08-05 00:00:00,Lenovo Teacher Laptop,
217264.0,Umgungundlovu,Umngeni,Howick,Mpophomeni Secondary School,,76,2022-08-05 00:00:00,Lenovo Teacher Laptop,
217264.0,Umgungundlovu,Umngeni,Howick,Mpophomeni Secondary School,,77,2022-08-05 00:00:00,Lenovo Teacher Laptop,
217264.0,Umgungundlovu,Umngeni,Howick,Mpophomeni Secondary School,,78,2022-08-05 00:00:00,Lenovo Teacher Laptop,
217264.0,Umgungundlovu,Umngeni,Howick,Mpophomeni Secondary School,,79,2022-08-05 00:00:00,Lenovo Teacher Laptop,
217264.0,Umgungundlovu,Umngeni,Howick,Mpophomeni Secondary School,,80,2022-08-05 00:00:00,Lenovo Teacher Laptop,
217264.0,Umgungundlovu,Umngeni,Howick,Mpophomeni Secondary School,,81,2022-08-05 00:00:00,Lenovo Teacher Laptop,
217264.0,Umgungundlovu,Umngeni,Howick,Mpophomeni Secondary School,,82,2022-08-05 00:00:00,Lenovo Teacher Laptop,
217264.0,Umgungundlovu,Umngeni,Howick,Mpophomeni Secondary School,,83,2022-08-05 00:00:00,Lenovo Teacher Laptop,
217264.0,Umgungundlovu,Umngeni,Howick,Mpophomeni Secondary School,,84,2022-08-05 00:00:00,Lenovo Teacher Laptop,
217264.0,Umgungundlovu,Umngeni,Howick,Mpophomeni Secondary School,,85,2022-08-05 00:00:00,Lenovo Teacher Laptop,
217264.0,Umgungundlovu,Umngeni,Howick,Mpophomeni Secondary School,,86,2022-08-05 00:00:00,Lenovo Teacher Laptop,
217264.0,Umgungundlovu,Umngeni,Howick,Mpophomeni Secondary School,,87,2022-08-05 00:00:00,Lenovo Teacher Laptop,
217264.0,Umgungundlovu,Umngeni,Howick,Mpophomeni Secondary School,,88,2022-08-05 00:00:00,Lenovo Teacher Laptop,
217264.0,Umgungundlovu,Umngeni,Howick,Mpophomeni Secondary School,,89,2022-08-05 00:00:00,Lenovo Teacher Laptop,
217264.0,Umgungundlovu,Umngeni,Howick,Mpophomeni Secondary School,,90,2022-08-05 00:00:00,Lenovo Teacher Laptop,
217264.0,Umgungundlovu,Umngeni,Howick,Mpophomeni Secondary School,,91,2022-08-05 00:00:00,Lenovo Teacher Laptop,
217264.0,Umgungundlovu,Umngeni,Howick,Mpophomeni Secondary School,,92,2022-08-05 00:00:00,Lenovo Teacher Laptop,
217264.0,Umgungundlovu,Umngeni,Howick,Mpophomeni Secondary School,,93,-,Wifi Management Laptop Lenovo,
217264.0,Umgungundlovu,Umngeni,Howick,Mpophomeni Secondary School,,94,-,Interactive Flat Smart Screen,
217264.0,Umgungundlovu,Umngeni,Howick,Mpophomeni Secondary School,,95,2022-08-05 00:00:00,Ultra short throw Projector,
217264.0,Umgungundlovu,Umngeni,Howick,Mpophomeni Secondary School,,96,-,Whiteboard,
217264.0,Umgungundlovu,Umngeni,Howick,Mpophomeni Secondary School,,97,2022-08-05 00:00:00,Ultra short throw Bracket,
217264.0,Umgungundlovu,Umngeni,Howick,Mpophomeni Secondary School,,98,2022-08-05 00:00:00,Parrot Projector bracket,
217856.0,Ugu,Emzumbe,Highflats,Mqhakama High School,,1,-,Interactive Flat Panel - Screen,
217856.0,Ugu,Emzumbe,Highflats,Mqhakama High School,,2,-,Projector Brackets,
217856.0,Ugu,Emzumbe,Highflats,Mqhakama High School,,3,09/09/2022,Ultra short throw Bracket,
217856.0,Ugu,Emzumbe,Highflats,Mqhakama High School,,4,-,Ultra short throw projector,
217856.0,Ugu,Emzumbe,Highflats,Mqhakama High School,,5,-,WHITEBOARD MARKER,
217856.0,Ugu,Emzumbe,Highflats,Mqhakama High School,,6,-,Laptop Charging Trolley,
217856.0,Ugu,Emzumbe,Highflats,Mqhakama High School,,7,-,15 Lenovo Learner Laptop,
217856.0,Ugu,Emzumbe,Highflats,Mqhakama High School,,8,-,15 Lenovo Learner Laptop,
217856.0,Ugu,Emzumbe,Highflats,Mqhakama High School,,9,-,15 Lenovo Learner Laptop,
217856.0,Ugu,Emzumbe,Highflats,Mqhakama High School,,10,-,15 Lenovo Learner Laptop,
217856.0,Ugu,Emzumbe,Highflats,Mqhakama High School,,11,-,15 Lenovo Learner Laptop,
217856.0,Ugu,Emzumbe,Highflats,Mqhakama High School,,12,-,15 Lenovo Learner Laptop,
217856.0,Ugu,Emzumbe,Highflats,Mqhakama High School,,13,-,15 Lenovo Learner Laptop,
217856.0,Ugu,Emzumbe,Highflats,Mqhakama High School,,14,-,15 Lenovo Learner Laptop,
217856.0,Ugu,Emzumbe,Highflats,Mqhakama High School,,15,-,15 Lenovo Learner Laptop,
217856.0,Ugu,Emzumbe,Highflats,Mqhakama High School,,16,-,15 Lenovo Learner Laptop,
217856.0,Ugu,Emzumbe,Highflats,Mqhakama High School,,17,-,15 Lenovo Learner Laptop,
217856.0,Ugu,Emzumbe,Highflats,Mqhakama High School,,18,-,15 Lenovo Learner Laptop,
217856.0,Ugu,Emzumbe,Highflats,Mqhakama High School,,19,-,15 Lenovo Learner Laptop,
217856.0,Ugu,Emzumbe,Highflats,Mqhakama High School,,20,-,15 Lenovo Learner Laptop,
217856.0,Ugu,Emzumbe,Highflats,Mqhakama High School,,21,-,15 Lenovo Learner Laptop,
217856.0,Ugu,Emzumbe,Highflats,Mqhakama High School,,22,-,15 Lenovo Learner Laptop,
217856.0,Ugu,Emzumbe,Highflats,Mqhakama High School,,23,-,15 Lenovo Learner Laptop,
217856.0,Ugu,Emzumbe,Highflats,Mqhakama High School,,24,-,15 Lenovo Learner Laptop,
217856.0,Ugu,Emzumbe,Highflats,Mqhakama High School,,25,-,15 Lenovo Learner Laptop,
217856.0,Ugu,Emzumbe,Highflats,Mqhakama High School,,26,-,15 Lenovo Learner Laptop,
217856.0,Ugu,Emzumbe,Highflats,Mqhakama High School,,27,-,15 Lenovo Learner Laptop,
217856.0,Ugu,Emzumbe,Highflats,Mqhakama High School,,28,-,15 Lenovo Learner Laptop,
217856.0,Ugu,Emzumbe,Highflats,Mqhakama High School,,29,-,15 Lenovo Learner Laptop,
217856.0,Ugu,Emzumbe,Highflats,Mqhakama High School,,30,-,15 Lenovo Learner Laptop,
217856.0,Ugu,Emzumbe,Highflats,Mqhakama High School,,31,-,15 Lenovo Learner Laptop,
217856.0,Ugu,Emzumbe,Highflats,Mqhakama High School,,32,-,15 Lenovo Learner Laptop,
217856.0,Ugu,Emzumbe,Highflats,Mqhakama High School,,33,-,15 Lenovo Learner Laptop,
217856.0,Ugu,Emzumbe,Highflats,Mqhakama High School,,34,-,15 Lenovo Learner Laptop,
217856.0,Ugu,Emzumbe,Highflats,Mqhakama High School,,35,-,15 Lenovo Learner Laptop,
217856.0,Ugu,Emzumbe,Highflats,Mqhakama High School,,36,-,15 Lenovo Learner Laptop,
217856.0,Ugu,Emzumbe,Highflats,Mqhakama High School,,37,-,15 Lenovo Learner Laptop,
217856.0,Ugu,Emzumbe,Highflats,Mqhakama High School,,38,-,15 Lenovo Learner Laptop,
217856.0,Ugu,Emzumbe,Highflats,Mqhakama High School,,39,-,15 Lenovo Learner Laptop,
217856.0,Ugu,Emzumbe,Highflats,Mqhakama High School,,40,-,15 Lenovo Learner Laptop,
217856.0,Ugu,Emzumbe,Highflats,Mqhakama High School,,41,-,15 Lenovo Learner Laptop,
217856.0,Ugu,Emzumbe,Highflats,Mqhakama High School,,42,-,15 Lenovo Learner Laptop,
217856.0,Ugu,Emzumbe,Highflats,Mqhakama High School,,43,-,15 Lenovo Learner Laptop,
217856.0,Ugu,Emzumbe,Highflats,Mqhakama High School,,44,-,15 Lenovo Learner Laptop,
217856.0,Ugu,Emzumbe,Highflats,Mqhakama High School,,45,-,15 Lenovo Learner Laptop,
217856.0,Ugu,Emzumbe,Highflats,Mqhakama High School,,46,-,15 Lenovo Learner Laptop,
217856.0,Ugu,Emzumbe,Highflats,Mqhakama High School,,47,-,HDMI Cable,
217856.0,Ugu,Emzumbe,Highflats,Mqhakama High School,,48,-,EPSON PROJECTOR,
217856.0,Ugu,Emzumbe,Highflats,Mqhakama High School,,49,-,EPSON PROJECTOR,
217856.0,Ugu,Emzumbe,Highflats,Mqhakama High School,,50,-,EPSON PROJECTOR,
217856.0,Ugu,Emzumbe,Highflats,Mqhakama High School,,51,-,EPSON PROJECTOR,
217856.0,Ugu,Emzumbe,Highflats,Mqhakama High School,,52,-,EPSON PROJECTOR,
217856.0,Ugu,Emzumbe,Highflats,Mqhakama High School,,53,-,EPSON PROJECTOR,
217856.0,Ugu,Emzumbe,Highflats,Mqhakama High School,,54,-,EPSON PROJECTOR,
217856.0,Ugu,Emzumbe,Highflats,Mqhakama High School,,55,-,EPSON PROJECTOR,
217856.0,Ugu,Emzumbe,Highflats,Mqhakama High School,,56,-,EPSON PROJECTOR,
217856.0,Ugu,Emzumbe,Highflats,Mqhakama High School,,57,-,EPSON PROJECTOR,
217856.0,Ugu,Emzumbe,Highflats,Mqhakama High School,,58,-,EPSON PROJECTOR,
217856.0,Ugu,Emzumbe,Highflats,Mqhakama High School,,59,-,White Board,
217856.0,Ugu,Emzumbe,Highflats,Mqhakama High School,,60,-,IS Lenovo Teacher Laptop,
217856.0,Ugu,Emzumbe,Highflats,Mqhakama High School,,61,-,IS Lenovo Teacher Laptop,
217856.0,Ugu,Emzumbe,Highflats,Mqhakama High School,,62,-,IS Lenovo Teacher Laptop,
217856.0,Ugu,Emzumbe,Highflats,Mqhakama High School,,63,-,IS Lenovo Teacher Laptop,
217856.0,Ugu,Emzumbe,Highflats,Mqhakama High School,,64,-,IS Lenovo Teacher Laptop,
217856.0,Ugu,Emzumbe,Highflats,Mqhakama High School,,65,-,IS Lenovo Teacher Laptop,
217856.0,Ugu,Emzumbe,Highflats,Mqhakama High School,,66,-,IS Lenovo Teacher Laptop,
217856.0,Ugu,Emzumbe,Highflats,Mqhakama High School,,67,-,IS Lenovo Teacher Laptop,
217856.0,Ugu,Emzumbe,Highflats,Mqhakama High School,,68,-,IS Lenovo Teacher Laptop,
217856.0,Ugu,Emzumbe,Highflats,Mqhakama High School,,69,-,IS Lenovo Teacher Laptop,
217856.0,Ugu,Emzumbe,Highflats,Mqhakama High School,,70,-,IS Lenovo Teacher Laptop,
217856.0,Ugu,Emzumbe,Highflats,Mqhakama High School,,71,-,IS Lenovo Teacher Laptop,
217856.0,Ugu,Emzumbe,Highflats,Mqhakama High School,,72,-,IS Lenovo Teacher Laptop,
217856.0,Ugu,Emzumbe,Highflats,Mqhakama High School,,73,-,IS Lenovo Teacher Laptop,
217856.0,Ugu,Emzumbe,Highflats,Mqhakama High School,,74,-,IS Lenovo Teacher Laptop,
217856.0,Ugu,Emzumbe,Highflats,Mqhakama High School,,75,-,IS Lenovo Teacher Laptop,
217856.0,Ugu,Emzumbe,Highflats,Mqhakama High School,,76,-,IS Lenovo Teacher Laptop,
217856.0,Ugu,Emzumbe,Highflats,Mqhakama High School,,77,-,IS Lenovo Teacher Laptop,
443556.0,Umkhanyakude,Hlabisa,Mtubatuba,Mtubatuba High School,,1,-,Data Projector Brackets,
443556.0,Umkhanyakude,Hlabisa,Mtubatuba,Mtubatuba High School,,2,-,Volkano - Projector Bracket,
443556.0,Umkhanyakude,Hlabisa,Mtubatuba,Mtubatuba High School,,3,-,Epson Data Projector,
443556.0,Umkhanyakude,Hlabisa,Mtubatuba,Mtubatuba High School,,4,-,Epson Data Projector,
443556.0,Umkhanyakude,Hlabisa,Mtubatuba,Mtubatuba High School,,5,-,View Sonic Data Projector,
443556.0,Umkhanyakude,Hlabisa,Mtubatuba,Mtubatuba High School,,6,-,View Sonic Data Projector,
443556.0,Umkhanyakude,Hlabisa,Mtubatuba,Mtubatuba High School,,7,-,View Sonic Data Projector,
443556.0,Umkhanyakude,Hlabisa,Mtubatuba,Mtubatuba High School,,8,-,View Sonic Data Projector,
443556.0,Umkhanyakude,Hlabisa,Mtubatuba,Mtubatuba High School,,9,-,View Sonic Data Projector,
443556.0,Umkhanyakude,Hlabisa,Mtubatuba,Mtubatuba High School,,10,-,View Sonic Data Projector,
443556.0,Umkhanyakude,Hlabisa,Mtubatuba,Mtubatuba High School,,11,-,View Sonic Data Projector,
443556.0,Umkhanyakude,Hlabisa,Mtubatuba,Mtubatuba High School,,12,-,View Sonic Data Projector,
443556.0,Umkhanyakude,Hlabisa,Mtubatuba,Mtubatuba High School,,13,-,View Sonic Data Projector,
443556.0,Umkhanyakude,Hlabisa,Mtubatuba,Mtubatuba High School,,14,-,View Sonic Data Projector,
443556.0,Umkhanyakude,Hlabisa,Mtubatuba,Mtubatuba High School,,15,-,View Sonic Data Projector,
443556.0,Umkhanyakude,Hlabisa,Mtubatuba,Mtubatuba High School,,16,-,View Sonic Data Projector,
443556.0,Umkhanyakude,Hlabisa,Mtubatuba,Mtubatuba High School,,17,-,View Sonic Data Projector,
443556.0,Umkhanyakude,Hlabisa,Mtubatuba,Mtubatuba High School,,18,-,View Sonic Data Projector,
443556.0,Umkhanyakude,Hlabisa,Mtubatuba,Mtubatuba High School,,19,-,View Sonic Data Projector,
443556.0,Umkhanyakude,Hlabisa,Mtubatuba,Mtubatuba High School,,20,-,View Sonic Data Projector,
443556.0,Umkhanyakude,Hlabisa,Mtubatuba,Mtubatuba High School,,21,-,View Sonic Data Projector,
443556.0,Umkhanyakude,Hlabisa,Mtubatuba,Mtubatuba High School,,22,-,View Sonic Data Projector,
443556.0,Umkhanyakude,Hlabisa,Mtubatuba,Mtubatuba High School,,23,-,View Sonic Data Projector,
443556.0,Umkhanyakude,Hlabisa,Mtubatuba,Mtubatuba High School,,24,-,View Sonic Data Projector,
443556.0,Umkhanyakude,Hlabisa,Mtubatuba,Mtubatuba High School,,25,-,View Sonic Data Projector,
443556.0,Umkhanyakude,Hlabisa,Mtubatuba,Mtubatuba High School,,26,-,View Sonic Data Projector,
443556.0,Umkhanyakude,Hlabisa,Mtubatuba,Mtubatuba High School,,27,-,View Sonic Data Projector,
443556.0,Umkhanyakude,Hlabisa,Mtubatuba,Mtubatuba High School,,28,-,15 Acer Teacher Laptop,
443556.0,Umkhanyakude,Hlabisa,Mtubatuba,Mtubatuba High School,,29,-,15 Acer Teacher Laptop,
443556.0,Umkhanyakude,Hlabisa,Mtubatuba,Mtubatuba High School,,30,-,15 Acer Teacher Laptop,
443556.0,Umkhanyakude,Hlabisa,Mtubatuba,Mtubatuba High School,,31,-,15 Acer Teacher Laptop,
443556.0,Umkhanyakude,Hlabisa,Mtubatuba,Mtubatuba High School,,32,-,15 Acer Teacher Laptop,
443556.0,Umkhanyakude,Hlabisa,Mtubatuba,Mtubatuba High School,,33,-,15 Acer Teacher Laptop,
443556.0,Umkhanyakude,Hlabisa,Mtubatuba,Mtubatuba High School,,34,-,15 Acer Teacher Laptop,
443556.0,Umkhanyakude,Hlabisa,Mtubatuba,Mtubatuba High School,,35,-,15 Acer Teacher Laptop,
443556.0,Umkhanyakude,Hlabisa,Mtubatuba,Mtubatuba High School,,36,-,15 Acer Teacher Laptop,
443556.0,Umkhanyakude,Hlabisa,Mtubatuba,Mtubatuba High School,,37,-,15 Acer Teacher Laptop,
443556.0,Umkhanyakude,Hlabisa,Mtubatuba,Mtubatuba High School,,38,-,15 Acer Teacher Laptop,
443556.0,Umkhanyakude,Hlabisa,Mtubatuba,Mtubatuba High School,,39,-,15 Acer Teacher Laptop,
443556.0,Umkhanyakude,Hlabisa,Mtubatuba,Mtubatuba High School,,40,-,15 Acer Teacher Laptop,
443556.0,Umkhanyakude,Hlabisa,Mtubatuba,Mtubatuba High School,,41,-,15 Acer Teacher Laptop,
443556.0,Umkhanyakude,Hlabisa,Mtubatuba,Mtubatuba High School,,42,-,Epson Ultra Short Throw Projector,
443556.0,Umkhanyakude,Hlabisa,Mtubatuba,Mtubatuba High School,,43,-,Ultra Short Throw Setting Plate,
443556.0,Umkhanyakude,Hlabisa,Mtubatuba,Mtubatuba High School,,44,-,Whiteboard,
443556.0,Umkhanyakude,Hlabisa,Mtubatuba,Mtubatuba High School,,45,-,Whiteboard,
443556.0,Umkhanyakude,Hlabisa,Mtubatuba,Mtubatuba High School,,46,2022-11-02 00:00:00,Whiteboard,
443556.0,Umkhanyakude,Hlabisa,Mtubatuba,Mtubatuba High School,,47,-,Wifi Management Laptop,
443556.0,Umkhanyakude,Hlabisa,Mtubatuba,Mtubatuba High School,,48,-,Charging Trolly,
443556.0,Umkhanyakude,Hlabisa,Mtubatuba,Mtubatuba High School,,49,-,Mecer Content Access Point,
443556.0,Umkhanyakude,Hlabisa,Mtubatuba,Mtubatuba High School,,50,-,HDMI Cables,
443556.0,Umkhanyakude,Hlabisa,Mtubatuba,Mtubatuba High School,,51,-,HDMI,
443556.0,Umkhanyakude,Hlabisa,Mtubatuba,Mtubatuba High School,,52,-,Interactive Flat Smart Screen,
443556.0,Umkhanyakude,Hlabisa,Mtubatuba,Mtubatuba High School,,53,-,JS Acer Learner Laptop,
443556.0,Umkhanyakude,Hlabisa,Mtubatuba,Mtubatuba High School,,54,-,JS Acer Learner Laptop,
443556.0,Umkhanyakude,Hlabisa,Mtubatuba,Mtubatuba High School,,55,-,JS Acer Learner Laptop,
443556.0,Umkhanyakude,Hlabisa,Mtubatuba,Mtubatuba High School,,56,-,JS Acer Learner Laptop,
443556.0,Umkhanyakude,Hlabisa,Mtubatuba,Mtubatuba High School,,57,-,JS Acer Learner Laptop,
443556.0,Umkhanyakude,Hlabisa,Mtubatuba,Mtubatuba High School,,58,-,JS Acer Learner Laptop,
443556.0,Umkhanyakude,Hlabisa,Mtubatuba,Mtubatuba High School,,59,-,JS Acer Learner Laptop,
443556.0,Umkhanyakude,Hlabisa,Mtubatuba,Mtubatuba High School,,60,-,JS Acer Learner Laptop,
443556.0,Umkhanyakude,Hlabisa,Mtubatuba,Mtubatuba High School,,61,-,JS Acer Learner Laptop,
443556.0,Umkhanyakude,Hlabisa,Mtubatuba,Mtubatuba High School,,62,-,JS Acer Learner Laptop,
443556.0,Umkhanyakude,Hlabisa,Mtubatuba,Mtubatuba High School,,63,-,JS Acer Learner Laptop,
443556.0,Umkhanyakude,Hlabisa,Mtubatuba,Mtubatuba High School,,64,-,JS Acer Learner Laptop,
443556.0,Umkhanyakude,Hlabisa,Mtubatuba,Mtubatuba High School,,65,-,JS Acer Learner Laptop,
443556.0,Umkhanyakude,Hlabisa,Mtubatuba,Mtubatuba High School,,66,-,JS Acer Learner Laptop,
443556.0,Umkhanyakude,Hlabisa,Mtubatuba,Mtubatuba High School,,67,-,JS Acer Learner Laptop,
443556.0,Umkhanyakude,Hlabisa,Mtubatuba,Mtubatuba High School,,68,-,JS Acer Learner Laptop,
443556.0,Umkhanyakude,Hlabisa,Mtubatuba,Mtubatuba High School,,69,-,JS Acer Learner Laptop,
443556.0,Umkhanyakude,Hlabisa,Mtubatuba,Mtubatuba High School,,70,-,JS Acer Learner Laptop,
443556.0,Umkhanyakude,Hlabisa,Mtubatuba,Mtubatuba High School,,71,-,JS Acer Learner Laptop,
443556.0,Umkhanyakude,Hlabisa,Mtubatuba,Mtubatuba High School,,72,-,JS Acer Learner Laptop,
443556.0,Umkhanyakude,Hlabisa,Mtubatuba,Mtubatuba High School,,73,-,JS Acer Learner Laptop,
443556.0,Umkhanyakude,Hlabisa,Mtubatuba,Mtubatuba High School,,74,-,JS Acer Learner Laptop,
443556.0,Umkhanyakude,Hlabisa,Mtubatuba,Mtubatuba High School,,75,-,JS Acer Learner Laptop,
443556.0,Umkhanyakude,Hlabisa,Mtubatuba,Mtubatuba High School,,76,-,JS Acer Learner Laptop,
443556.0,Umkhanyakude,Hlabisa,Mtubatuba,Mtubatuba High School,,77,-,JS Acer Learner Laptop,
443556.0,Umkhanyakude,Hlabisa,Mtubatuba,Mtubatuba High School,,78,-,JS Acer Learner Laptop,
443556.0,Umkhanyakude,Hlabisa,Mtubatuba,Mtubatuba High School,,79,-,JS Acer Learner Laptop,
443556.0,Umkhanyakude,Hlabisa,Mtubatuba,Mtubatuba High School,,80,-,JS Acer Learner Laptop,
443556.0,Umkhanyakude,Hlabisa,Mtubatuba,Mtubatuba High School,,81,-,JS Acer Learner Laptop,
443556.0,Umkhanyakude,Hlabisa,Mtubatuba,Mtubatuba High School,,82,-,JS Acer Learner Laptop,
443556.0,Umkhanyakude,Hlabisa,Mtubatuba,Mtubatuba High School,,83,-,JS Acer Learner Laptop,
443556.0,Umkhanyakude,Hlabisa,Mtubatuba,Mtubatuba High School,,84,-,JS Acer Learner Laptop,
443556.0,Umkhanyakude,Hlabisa,Mtubatuba,Mtubatuba High School,,85,-,JS Acer Learner Laptop,
443556.0,Umkhanyakude,Hlabisa,Mtubatuba,Mtubatuba High School,,86,-,JS Acer Learner Laptop,
443556.0,Umkhanyakude,Hlabisa,Mtubatuba,Mtubatuba High School,,87,-,JS Acer Learner Laptop,
443556.0,Umkhanyakude,Hlabisa,Mtubatuba,Mtubatuba High School,,88,-,JS Acer Learner Laptop,
443556.0,Umkhanyakude,Hlabisa,Mtubatuba,Mtubatuba High School,,89,-,JS Acer Learner Laptop,
443556.0,Umkhanyakude,Hlabisa,Mtubatuba,Mtubatuba High School,,90,-,JS Acer Learner Laptop,
443556.0,Umkhanyakude,Hlabisa,Mtubatuba,Mtubatuba High School,,91,-,JS Acer Learner Laptop,
443556.0,Umkhanyakude,Hlabisa,Mtubatuba,Mtubatuba High School,,92,-,JS Acer Learner Laptop,
220113.0,Ugu,Emzumbe,Umzumbe,Mtumaseli High School,,1,2011-08-22 00:00:00,Ultra short throw Projector,
220113.0,Ugu,Emzumbe,Umzumbe,Mtumaseli High School,,2,18/07/2022,White board,
220113.0,Ugu,Emzumbe,Umzumbe,Mtumaseli High School,,3,2018-02-22 00:00:00,Parrot Projector Bracket,
220113.0,Ugu,Emzumbe,Umzumbe,Mtumaseli High School,,4,-,Asus Laptop,
220113.0,Ugu,Emzumbe,Umzumbe,Mtumaseli High School,,5,-,Asus Laptop,
220113.0,Ugu,Emzumbe,Umzumbe,Mtumaseli High School,,6,-,Asus Laptop,
220113.0,Ugu,Emzumbe,Umzumbe,Mtumaseli High School,,7,-,Asus Laptop,
220113.0,Ugu,Emzumbe,Umzumbe,Mtumaseli High School,,8,-,Asus Laptop,
220113.0,Ugu,Emzumbe,Umzumbe,Mtumaseli High School,,9,-,Asus Laptop,
220113.0,Ugu,Emzumbe,Umzumbe,Mtumaseli High School,,10,-,Asus Laptop,
220113.0,Ugu,Emzumbe,Umzumbe,Mtumaseli High School,,11,-,Asus Laptop,
220113.0,Ugu,Emzumbe,Umzumbe,Mtumaseli High School,,12,-,Asus Laptop,
220113.0,Ugu,Emzumbe,Umzumbe,Mtumaseli High School,,13,-,Asus Laptop,
220113.0,Ugu,Emzumbe,Umzumbe,Mtumaseli High School,,14,-,Asus Laptop,
220113.0,Ugu,Emzumbe,Umzumbe,Mtumaseli High School,,15,-,Asus Laptop,
220113.0,Ugu,Emzumbe,Umzumbe,Mtumaseli High School,,16,-,Asus Laptop,
220113.0,Ugu,Emzumbe,Umzumbe,Mtumaseli High School,,17,-,Asus Laptop,
220113.0,Ugu,Emzumbe,Umzumbe,Mtumaseli High School,,18,-,Asus Laptop,
220113.0,Ugu,Emzumbe,Umzumbe,Mtumaseli High School,,19,-,Asus Laptop,
220113.0,Ugu,Emzumbe,Umzumbe,Mtumaseli High School,,20,-,Asus Laptop,
220113.0,Ugu,Emzumbe,Umzumbe,Mtumaseli High School,,21,-,Asus Laptop,
220113.0,Ugu,Emzumbe,Umzumbe,Mtumaseli High School,,22,-,Asus Laptop,
220113.0,Ugu,Emzumbe,Umzumbe,Mtumaseli High School,,23,-,Asus Laptop,
220113.0,Ugu,Emzumbe,Umzumbe,Mtumaseli High School,,24,-,Asus Laptop,
220113.0,Ugu,Emzumbe,Umzumbe,Mtumaseli High School,,25,-,Asus Laptop,
220113.0,Ugu,Emzumbe,Umzumbe,Mtumaseli High School,,26,-,Asus Laptop,
220113.0,Ugu,Emzumbe,Umzumbe,Mtumaseli High School,,27,-,Asus Laptop,
220113.0,Ugu,Emzumbe,Umzumbe,Mtumaseli High School,,28,-,Asus Laptop,
220113.0,Ugu,Emzumbe,Umzumbe,Mtumaseli High School,,29,-,Asus Laptop,
220113.0,Ugu,Emzumbe,Umzumbe,Mtumaseli High School,,30,-,Asus Laptop,
220113.0,Ugu,Emzumbe,Umzumbe,Mtumaseli High School,,31,-,Asus Laptop,
220113.0,Ugu,Emzumbe,Umzumbe,Mtumaseli High School,,32,-,Asus Laptop,
220113.0,Ugu,Emzumbe,Umzumbe,Mtumaseli High School,,33,-,Asus Laptop,
220113.0,Ugu,Emzumbe,Umzumbe,Mtumaseli High School,,34,-,Asus Laptop,
220113.0,Ugu,Emzumbe,Umzumbe,Mtumaseli High School,,35,-,Asus Laptop,
220113.0,Ugu,Emzumbe,Umzumbe,Mtumaseli High School,,36,-,Asus Laptop,
220113.0,Ugu,Emzumbe,Umzumbe,Mtumaseli High School,,37,-,Asus Laptop,
220113.0,Ugu,Emzumbe,Umzumbe,Mtumaseli High School,,38,-,Asus Laptop,
220113.0,Ugu,Emzumbe,Umzumbe,Mtumaseli High School,,39,-,Asus Laptop,
220113.0,Ugu,Emzumbe,Umzumbe,Mtumaseli High School,,40,-,Asus Laptop,
220113.0,Ugu,Emzumbe,Umzumbe,Mtumaseli High School,,41,-,Asus Laptop,
220113.0,Ugu,Emzumbe,Umzumbe,Mtumaseli High School,,42,-,Asus Laptop,
220113.0,Ugu,Emzumbe,Umzumbe,Mtumaseli High School,,43,-,Asus Laptop,
220113.0,Ugu,Emzumbe,Umzumbe,Mtumaseli High School,,44,2021-08-22 00:00:00,Lenovo Learner Laptop (Returned),
220113.0,Ugu,Emzumbe,Umzumbe,Mtumaseli High School,,45,2021-08-23 00:00:00,Lenovo Learner Laptop (Returned),
220113.0,Ugu,Emzumbe,Umzumbe,Mtumaseli High School,,46,2021-08-24 00:00:00,Lenovo Learner Laptop (Returned),
220113.0,Ugu,Emzumbe,Umzumbe,Mtumaseli High School,,47,2021-08-25 00:00:00,Lenovo Learner Laptop (Returned),
220113.0,Ugu,Emzumbe,Umzumbe,Mtumaseli High School,,48,2021-08-26 00:00:00,Lenovo Learner Laptop (Returned),
220113.0,Ugu,Emzumbe,Umzumbe,Mtumaseli High School,,49,2021-08-27 00:00:00,Lenovo Learner Laptop (Returned),
220113.0,Ugu,Emzumbe,Umzumbe,Mtumaseli High School,,50,2021-08-28 00:00:00,Lenovo Learner Laptop (Returned),
220113.0,Ugu,Emzumbe,Umzumbe,Mtumaseli High School,,51,2021-08-29 00:00:00,Lenovo Learner Laptop (Returned),
220113.0,Ugu,Emzumbe,Umzumbe,Mtumaseli High School,,52,2021-08-30 00:00:00,Lenovo Learner Laptop (Returned),
220113.0,Ugu,Emzumbe,Umzumbe,Mtumaseli High School,,53,2021-08-31 00:00:00,Lenovo Learner Laptop (Returned),
220113.0,Ugu,Emzumbe,Umzumbe,Mtumaseli High School,,54,2021-09-01 00:00:00,Lenovo Learner Laptop (Returned),
220113.0,Ugu,Emzumbe,Umzumbe,Mtumaseli High School,,55,2021-09-02 00:00:00,Lenovo Learner Laptop (Returned),
220113.0,Ugu,Emzumbe,Umzumbe,Mtumaseli High School,,56,2021-09-03 00:00:00,Lenovo Learner Laptop (Returned),
220113.0,Ugu,Emzumbe,Umzumbe,Mtumaseli High School,,57,2021-09-04 00:00:00,Lenovo Learner Laptop (Returned),
220113.0,Ugu,Emzumbe,Umzumbe,Mtumaseli High School,,58,2021-09-05 00:00:00,Lenovo Learner Laptop (Returned),
220113.0,Ugu,Emzumbe,Umzumbe,Mtumaseli High School,,59,2021-09-06 00:00:00,Lenovo Learner Laptop (Returned),
220113.0,Ugu,Emzumbe,Umzumbe,Mtumaseli High School,,60,2021-09-07 00:00:00,Lenovo Learner Laptop (Returned),
220113.0,Ugu,Emzumbe,Umzumbe,Mtumaseli High School,,61,2021-09-08 00:00:00,Lenovo Learner Laptop (Returned),
220113.0,Ugu,Emzumbe,Umzumbe,Mtumaseli High School,,62,2021-09-09 00:00:00,Lenovo Learner Laptop (Returned),
220113.0,Ugu,Emzumbe,Umzumbe,Mtumaseli High School,,63,2021-09-10 00:00:00,Lenovo Learner Laptop (Returned),
220113.0,Ugu,Emzumbe,Umzumbe,Mtumaseli High School,,64,2021-09-11 00:00:00,Lenovo Learner Laptop (Returned),
220113.0,Ugu,Emzumbe,Umzumbe,Mtumaseli High School,,65,2021-09-12 00:00:00,Lenovo Learner Laptop (Returned),
220113.0,Ugu,Emzumbe,Umzumbe,Mtumaseli High School,,66,2021-09-13 00:00:00,Lenovo Learner Laptop (Returned),
220113.0,Ugu,Emzumbe,Umzumbe,Mtumaseli High School,,67,2021-09-14 00:00:00,Lenovo Learner Laptop (Returned),
220113.0,Ugu,Emzumbe,Umzumbe,Mtumaseli High School,,68,2021-09-15 00:00:00,Lenovo Learner Laptop (Returned),
220113.0,Ugu,Emzumbe,Umzumbe,Mtumaseli High School,,69,2021-09-16 00:00:00,Lenovo Learner Laptop (Returned),
220113.0,Ugu,Emzumbe,Umzumbe,Mtumaseli High School,,70,2021-09-17 00:00:00,Lenovo Learner Laptop (Returned),
220113.0,Ugu,Emzumbe,Umzumbe,Mtumaseli High School,,71,2021-09-18 00:00:00,Lenovo Learner Laptop (Returned),
220113.0,Ugu,Emzumbe,Umzumbe,Mtumaseli High School,,72,2021-09-19 00:00:00,Lenovo Learner Laptop (Returned),
220113.0,Ugu,Emzumbe,Umzumbe,Mtumaseli High School,,73,2021-09-20 00:00:00,Lenovo Learner Laptop (Returned),
220113.0,Ugu,Emzumbe,Umzumbe,Mtumaseli High School,,74,2021-09-21 00:00:00,Lenovo Learner Laptop (Returned),
220113.0,Ugu,Emzumbe,Umzumbe,Mtumaseli High School,,75,2021-09-22 00:00:00,Lenovo Learner Laptop (Returned),
220113.0,Ugu,Emzumbe,Umzumbe,Mtumaseli High School,,76,2021-09-23 00:00:00,Lenovo Learner Laptop (Returned),
220113.0,Ugu,Emzumbe,Umzumbe,Mtumaseli High School,,77,2021-09-24 00:00:00,Lenovo Learner Laptop (Returned),
220113.0,Ugu,Emzumbe,Umzumbe,Mtumaseli High School,,78,2021-09-25 00:00:00,Lenovo Learner Laptop (Returned),
220113.0,Ugu,Emzumbe,Umzumbe,Mtumaseli High School,,79,2021-09-26 00:00:00,Lenovo Learner Laptop (Returned),
220113.0,Ugu,Emzumbe,Umzumbe,Mtumaseli High School,,80,2021-09-27 00:00:00,Lenovo Learner Laptop (Returned),
220113.0,Ugu,Emzumbe,Umzumbe,Mtumaseli High School,,81,2021-09-28 00:00:00,Lenovo Learner Laptop (Returned),
220113.0,Ugu,Emzumbe,Umzumbe,Mtumaseli High School,,82,2021-09-29 00:00:00,Lenovo Learner Laptop (Returned),
220113.0,Ugu,Emzumbe,Umzumbe,Mtumaseli High School,,83,2021-09-30 00:00:00,Lenovo Learner Laptop (Returned),
220113.0,Ugu,Emzumbe,Umzumbe,Mtumaseli High School,,84,2021-10-01 00:00:00,Projector Brackets,
220113.0,Ugu,Emzumbe,Umzumbe,Mtumaseli High School,,85,2021-10-02 00:00:00,Epson Projector,
220113.0,Ugu,Emzumbe,Umzumbe,Mtumaseli High School,,86,2021-10-03 00:00:00,Epson Projector,
220113.0,Ugu,Emzumbe,Umzumbe,Mtumaseli High School,,87,2021-10-04 00:00:00,Access Point,
220113.0,Ugu,Emzumbe,Umzumbe,Mtumaseli High School,,88,18/07/2022,Laptop Charging Trolley,
220113.0,Ugu,Emzumbe,Umzumbe,Mtumaseli High School,,89,18/07/2023,Epson Data Projector,
220113.0,Ugu,Emzumbe,Umzumbe,Mtumaseli High School,,90,18/07/2024,Epson Data Projector,
220113.0,Ugu,Emzumbe,Umzumbe,Mtumaseli High School,,91,18/07/2025,Epson Data Projector,
220113.0,Ugu,Emzumbe,Umzumbe,Mtumaseli High School,,92,18/07/2026,Epson Data Projector,
220113.0,Ugu,Emzumbe,Umzumbe,Mtumaseli High School,,93,18/07/2027,Epson Data Projector,
220113.0,Ugu,Emzumbe,Umzumbe,Mtumaseli High School,,94,18/07/2028,Epson Data Projector,
220113.0,Ugu,Emzumbe,Umzumbe,Mtumaseli High School,,95,18/07/2029,Epson Data Projector,
220113.0,Ugu,Emzumbe,Umzumbe,Mtumaseli High School,,96,18/07/2030,Epson Data Projector,
220113.0,Ugu,Emzumbe,Umzumbe,Mtumaseli High School,,97,18/07/2031,Epson Data Projector,
220113.0,Ugu,Emzumbe,Umzumbe,Mtumaseli High School,,98,18/07/2032,Epson Data Projector,
220113.0,Ugu,Emzumbe,Umzumbe,Mtumaseli High School,,99,18/07/2033,Epson Data Projector,
220113.0,Ugu,Emzumbe,Umzumbe,Mtumaseli High School,,100,18/07/2034,Epson Data Projector,
220113.0,Ugu,Emzumbe,Umzumbe,Mtumaseli High School,,101,18/07/2035,Epson Data Projector,
220113.0,Ugu,Emzumbe,Umzumbe,Mtumaseli High School,,102,18/07/2036,Epson Data Projector,
220113.0,Ugu,Emzumbe,Umzumbe,Mtumaseli High School,,103,18/07/2037,Epson Data Projector,
220113.0,Ugu,Emzumbe,Umzumbe,Mtumaseli High School,,104,18/07/2038,Epson Data Projector,
220113.0,Ugu,Emzumbe,Umzumbe,Mtumaseli High School,,105,18/07/2039,Epson Data Projector,
220113.0,Ugu,Emzumbe,Umzumbe,Mtumaseli High School,,106,18/07/2040,Epson Data Projector,
220113.0,Ugu,Emzumbe,Umzumbe,Mtumaseli High School,,107,18/07/2041,Epson Data Projector,
220113.0,Ugu,Emzumbe,Umzumbe,Mtumaseli High School,,108,18/07/2042,Lenovo Teacher Laptop,
220113.0,Ugu,Emzumbe,Umzumbe,Mtumaseli High School,,109,18/07/2043,Lenovo Teacher Laptop,
220113.0,Ugu,Emzumbe,Umzumbe,Mtumaseli High School,,110,18/07/2044,Lenovo Teacher Laptop,
220113.0,Ugu,Emzumbe,Umzumbe,Mtumaseli High School,,111,18/07/2045,Lenovo Teacher Laptop,
220113.0,Ugu,Emzumbe,Umzumbe,Mtumaseli High School,,112,18/07/2046,Lenovo Teacher Laptop,
220113.0,Ugu,Emzumbe,Umzumbe,Mtumaseli High School,,113,18/07/2047,Lenovo Teacher Laptop,
220113.0,Ugu,Emzumbe,Umzumbe,Mtumaseli High School,,114,18/07/2048,Lenovo Teacher Laptop,
220113.0,Ugu,Emzumbe,Umzumbe,Mtumaseli High School,,115,18/07/2049,Ultra short throw Bracket,
220113.0,Ugu,Emzumbe,Umzumbe,Mtumaseli High School,,116,19/08/2022,Interactive Screen,
220113.0,Ugu,Emzumbe,Umzumbe,Mtumaseli High School,,117,12/08/2022,HDMI Cables,
220113.0,Ugu,Emzumbe,Umzumbe,Mtumaseli High School,,118,-,HDMI,
220113.0,Ugu,Emzumbe,Umzumbe,Mtumaseli High School,,119,-,Whiteboard,
220113.0,Ugu,Emzumbe,Umzumbe,Mtumaseli High School,,120,18/10/2022,HDMI CABLE,
220113.0,Ugu,Emzumbe,Umzumbe,Mtumaseli High School,,121,2020-08-22 00:00:00,WI-FI Management Laptop,
220113.0,Ugu,Emzumbe,Umzumbe,Mtumaseli High School,,122,-,Whiteboard Markers,
232693.0,Pinetown,Mafukuzela Ghandi,Tongaat,Nkosibomvu Secondary School,,1,-,HDMI Cables,
232693.0,Pinetown,Mafukuzela Ghandi,Tongaat,Nkosibomvu Secondary School,,2,15/06/2022,20M HDMI,
232693.0,Pinetown,Mafukuzela Ghandi,Tongaat,Nkosibomvu Secondary School,,3,15/06/2022,20M Extension Cable,
232693.0,Pinetown,Mafukuzela Ghandi,Tongaat,Nkosibomvu Secondary School,,4,15/06/2022,Cattle Cord,
232693.0,Pinetown,Mafukuzela Ghandi,Tongaat,Nkosibomvu Secondary School,,5,15/06/2022,Epson Ultra Short Throw Projector Bracket,
232693.0,Pinetown,Mafukuzela Ghandi,Tongaat,Nkosibomvu Secondary School,,6,07/09/2022,Epson H971B Data Projector,
232693.0,Pinetown,Mafukuzela Ghandi,Tongaat,Nkosibomvu Secondary School,,7,07/09/2022,Epson H971B Data Projector,
232693.0,Pinetown,Mafukuzela Ghandi,Tongaat,Nkosibomvu Secondary School,,8,07/09/2022,Epson H971B Data Projector,
232693.0,Pinetown,Mafukuzela Ghandi,Tongaat,Nkosibomvu Secondary School,,9,07/09/2022,Epson H971B Data Projector,
232693.0,Pinetown,Mafukuzela Ghandi,Tongaat,Nkosibomvu Secondary School,,10,07/09/2022,Epson H971B Data Projector,
232693.0,Pinetown,Mafukuzela Ghandi,Tongaat,Nkosibomvu Secondary School,,11,07/09/2022,Epson H971B Data Projector,
232693.0,Pinetown,Mafukuzela Ghandi,Tongaat,Nkosibomvu Secondary School,,12,07/09/2022,Epson H971B Data Projector,
232693.0,Pinetown,Mafukuzela Ghandi,Tongaat,Nkosibomvu Secondary School,,13,07/09/2022,Epson H971B Data Projector,
232693.0,Pinetown,Mafukuzela Ghandi,Tongaat,Nkosibomvu Secondary School,,14,07/09/2022,Epson H971B Data Projector,
232693.0,Pinetown,Mafukuzela Ghandi,Tongaat,Nkosibomvu Secondary School,,15,07/09/2022,Epson H971B Data Projector,
232693.0,Pinetown,Mafukuzela Ghandi,Tongaat,Nkosibomvu Secondary School,,16,07/09/2022,Epson H971B Data Projector,
232693.0,Pinetown,Mafukuzela Ghandi,Tongaat,Nkosibomvu Secondary School,,17,07/09/2022,Epson H971B Data Projector,
232693.0,Pinetown,Mafukuzela Ghandi,Tongaat,Nkosibomvu Secondary School,,18,07/09/2022,Epson H971B Data Projector,
232693.0,Pinetown,Mafukuzela Ghandi,Tongaat,Nkosibomvu Secondary School,,19,07/09/2022,Epson H971B Data Projector,
232693.0,Pinetown,Mafukuzela Ghandi,Tongaat,Nkosibomvu Secondary School,,20,07/09/2022,Epson H971B Data Projector,
232693.0,Pinetown,Mafukuzela Ghandi,Tongaat,Nkosibomvu Secondary School,,21,07/09/2022,Epson H971B Data Projector,
232693.0,Pinetown,Mafukuzela Ghandi,Tongaat,Nkosibomvu Secondary School,,22,07/09/2022,Epson H971B Data Projector,
232693.0,Pinetown,Mafukuzela Ghandi,Tongaat,Nkosibomvu Secondary School,,23,07/09/2022,Epson H971B Data Projector,
232693.0,Pinetown,Mafukuzela Ghandi,Tongaat,Nkosibomvu Secondary School,,24,07/09/2022,Epson H971B Data Projector,
232693.0,Pinetown,Mafukuzela Ghandi,Tongaat,Nkosibomvu Secondary School,,25,07/09/2022,Epson H971B Data Projector,
232693.0,Pinetown,Mafukuzela Ghandi,Tongaat,Nkosibomvu Secondary School,,26,07/09/2022,Epson H971B Data Projector,
232693.0,Pinetown,Mafukuzela Ghandi,Tongaat,Nkosibomvu Secondary School,,27,07/09/2022,Epson H971B Data Projector,
232693.0,Pinetown,Mafukuzela Ghandi,Tongaat,Nkosibomvu Secondary School,,28,07/09/2022,Epson H971B Data Projector,
232693.0,Pinetown,Mafukuzela Ghandi,Tongaat,Nkosibomvu Secondary School,,29,07/09/2022,Epson H971B Data Projector,
232693.0,Pinetown,Mafukuzela Ghandi,Tongaat,Nkosibomvu Secondary School,,30,07/09/2022,Epson H971B Data Projector,
232693.0,Pinetown,Mafukuzela Ghandi,Tongaat,Nkosibomvu Secondary School,,31,07/09/2022,Epson H971B Data Projector,
232693.0,Pinetown,Mafukuzela Ghandi,Tongaat,Nkosibomvu Secondary School,,32,07/09/2022,Epson H971B Data Projector,
232693.0,Pinetown,Mafukuzela Ghandi,Tongaat,Nkosibomvu Secondary School,,33,07/09/2022,Epson H971B Data Projector,
232693.0,Pinetown,Mafukuzela Ghandi,Tongaat,Nkosibomvu Secondary School,,34,07/09/2022,Epson H971B Data Projector,
232693.0,Pinetown,Mafukuzela Ghandi,Tongaat,Nkosibomvu Secondary School,,35,07/09/2022,Epson H971B Data Projector,
232693.0,Pinetown,Mafukuzela Ghandi,Tongaat,Nkosibomvu Secondary School,,36,07/09/2022,Epson H971B Data Projector,
232693.0,Pinetown,Mafukuzela Ghandi,Tongaat,Nkosibomvu Secondary School,,37,07/09/2022,Epson H971B Data Projector,
232693.0,Pinetown,Mafukuzela Ghandi,Tongaat,Nkosibomvu Secondary School,,38,07/09/2022,Epson H971B Data Projector,
232693.0,Pinetown,Mafukuzela Ghandi,Tongaat,Nkosibomvu Secondary School,,39,07/09/2022,Epson H971B Data Projector,
232693.0,Pinetown,Mafukuzela Ghandi,Tongaat,Nkosibomvu Secondary School,,40,07/09/2022,Epson H971B Data Projector,
232693.0,Pinetown,Mafukuzela Ghandi,Tongaat,Nkosibomvu Secondary School,,41,07/09/2022,Epson H971B Data Projector,
232693.0,Pinetown,Mafukuzela Ghandi,Tongaat,Nkosibomvu Secondary School,,42,07/09/2022,Epson H971B Data Projector,
232693.0,Pinetown,Mafukuzela Ghandi,Tongaat,Nkosibomvu Secondary School,,43,07/09/2022,Epson H971B Data Projector,
232693.0,Pinetown,Mafukuzela Ghandi,Tongaat,Nkosibomvu Secondary School,,44,07/09/2022,Epson H971B Data Projector,
232693.0,Pinetown,Mafukuzela Ghandi,Tongaat,Nkosibomvu Secondary School,,45,07/09/2022,Epson H971B Data Projector,
232693.0,Pinetown,Mafukuzela Ghandi,Tongaat,Nkosibomvu Secondary School,,46,07/09/2022,Epson H971B Data Projector,
232693.0,Pinetown,Mafukuzela Ghandi,Tongaat,Nkosibomvu Secondary School,,47,07/09/2022,Epson H971B Data Projector,
232693.0,Pinetown,Mafukuzela Ghandi,Tongaat,Nkosibomvu Secondary School,,48,07/09/2022,Epson H971B Data Projector,
232693.0,Pinetown,Mafukuzela Ghandi,Tongaat,Nkosibomvu Secondary School,,49,07/09/2022,Epson H971B Data Projector,
232693.0,Pinetown,Mafukuzela Ghandi,Tongaat,Nkosibomvu Secondary School,,50,06/05/2022,Whiteboards,
232693.0,Pinetown,Mafukuzela Ghandi,Tongaat,Nkosibomvu Secondary School,,51,07/09/2022,Projector Brackets,
232693.0,Pinetown,Mafukuzela Ghandi,Tongaat,Nkosibomvu Secondary School,,52,2022-08-09 00:00:00,Charging Trolly,
232693.0,Pinetown,Mafukuzela Ghandi,Tongaat,Nkosibomvu Secondary School,,53,2022-08-10 00:00:00,Learner laptop,
232693.0,Pinetown,Mafukuzela Ghandi,Tongaat,Nkosibomvu Secondary School,,54,2022-08-11 00:00:00,Learner laptop,
232693.0,Pinetown,Mafukuzela Ghandi,Tongaat,Nkosibomvu Secondary School,,55,2022-08-12 00:00:00,Learner laptop,
232693.0,Pinetown,Mafukuzela Ghandi,Tongaat,Nkosibomvu Secondary School,,56,2022-08-13 00:00:00,Learner laptop,
232693.0,Pinetown,Mafukuzela Ghandi,Tongaat,Nkosibomvu Secondary School,,57,2022-08-14 00:00:00,Learner laptop,
232693.0,Pinetown,Mafukuzela Ghandi,Tongaat,Nkosibomvu Secondary School,,58,2022-08-15 00:00:00,Learner laptop,
232693.0,Pinetown,Mafukuzela Ghandi,Tongaat,Nkosibomvu Secondary School,,59,2022-08-16 00:00:00,Learner laptop,
232693.0,Pinetown,Mafukuzela Ghandi,Tongaat,Nkosibomvu Secondary School,,60,2022-08-17 00:00:00,Learner laptop,
232693.0,Pinetown,Mafukuzela Ghandi,Tongaat,Nkosibomvu Secondary School,,61,2022-08-18 00:00:00,Learner laptop,
232693.0,Pinetown,Mafukuzela Ghandi,Tongaat,Nkosibomvu Secondary School,,62,2022-08-19 00:00:00,Learner laptop,
232693.0,Pinetown,Mafukuzela Ghandi,Tongaat,Nkosibomvu Secondary School,,63,2022-08-20 00:00:00,Learner laptop,
232693.0,Pinetown,Mafukuzela Ghandi,Tongaat,Nkosibomvu Secondary School,,64,2022-08-21 00:00:00,Learner laptop,
232693.0,Pinetown,Mafukuzela Ghandi,Tongaat,Nkosibomvu Secondary School,,65,2022-08-22 00:00:00,Learner laptop,
232693.0,Pinetown,Mafukuzela Ghandi,Tongaat,Nkosibomvu Secondary School,,66,2022-08-23 00:00:00,Learner laptop,
232693.0,Pinetown,Mafukuzela Ghandi,Tongaat,Nkosibomvu Secondary School,,67,2022-08-24 00:00:00,Learner laptop,
232693.0,Pinetown,Mafukuzela Ghandi,Tongaat,Nkosibomvu Secondary School,,68,2022-08-25 00:00:00,Learner laptop,
232693.0,Pinetown,Mafukuzela Ghandi,Tongaat,Nkosibomvu Secondary School,,69,2022-08-26 00:00:00,Learner laptop,
232693.0,Pinetown,Mafukuzela Ghandi,Tongaat,Nkosibomvu Secondary School,,70,2022-08-27 00:00:00,Learner laptop,
232693.0,Pinetown,Mafukuzela Ghandi,Tongaat,Nkosibomvu Secondary School,,71,2022-08-28 00:00:00,Learner laptop,
232693.0,Pinetown,Mafukuzela Ghandi,Tongaat,Nkosibomvu Secondary School,,72,2022-08-29 00:00:00,Learner laptop,
232693.0,Pinetown,Mafukuzela Ghandi,Tongaat,Nkosibomvu Secondary School,,73,2022-08-30 00:00:00,Learner laptop,
232693.0,Pinetown,Mafukuzela Ghandi,Tongaat,Nkosibomvu Secondary School,,74,2022-08-31 00:00:00,Learner laptop,
232693.0,Pinetown,Mafukuzela Ghandi,Tongaat,Nkosibomvu Secondary School,,75,2022-09-01 00:00:00,Learner laptop,
232693.0,Pinetown,Mafukuzela Ghandi,Tongaat,Nkosibomvu Secondary School,,76,2022-09-02 00:00:00,Learner laptop,
232693.0,Pinetown,Mafukuzela Ghandi,Tongaat,Nkosibomvu Secondary School,,77,2022-09-03 00:00:00,Learner laptop,
232693.0,Pinetown,Mafukuzela Ghandi,Tongaat,Nkosibomvu Secondary School,,78,2022-09-04 00:00:00,Learner laptop,
232693.0,Pinetown,Mafukuzela Ghandi,Tongaat,Nkosibomvu Secondary School,,79,2022-09-05 00:00:00,Learner laptop,
232693.0,Pinetown,Mafukuzela Ghandi,Tongaat,Nkosibomvu Secondary School,,80,2022-09-06 00:00:00,Learner laptop,
232693.0,Pinetown,Mafukuzela Ghandi,Tongaat,Nkosibomvu Secondary School,,81,2022-09-07 00:00:00,Learner laptop,
232693.0,Pinetown,Mafukuzela Ghandi,Tongaat,Nkosibomvu Secondary School,,82,2022-09-08 00:00:00,Learner laptop,
232693.0,Pinetown,Mafukuzela Ghandi,Tongaat,Nkosibomvu Secondary School,,83,2022-09-09 00:00:00,Learner laptop,
232693.0,Pinetown,Mafukuzela Ghandi,Tongaat,Nkosibomvu Secondary School,,84,2022-09-10 00:00:00,Learner laptop,
232693.0,Pinetown,Mafukuzela Ghandi,Tongaat,Nkosibomvu Secondary School,,85,2022-09-11 00:00:00,Learner laptop,
232693.0,Pinetown,Mafukuzela Ghandi,Tongaat,Nkosibomvu Secondary School,,86,2022-09-12 00:00:00,Learner laptop,
232693.0,Pinetown,Mafukuzela Ghandi,Tongaat,Nkosibomvu Secondary School,,87,2022-09-13 00:00:00,Learner laptop,
232693.0,Pinetown,Mafukuzela Ghandi,Tongaat,Nkosibomvu Secondary School,,88,2022-09-14 00:00:00,Learner laptop,
232693.0,Pinetown,Mafukuzela Ghandi,Tongaat,Nkosibomvu Secondary School,,89,2022-09-15 00:00:00,Learner laptop,
232693.0,Pinetown,Mafukuzela Ghandi,Tongaat,Nkosibomvu Secondary School,,90,2022-09-16 00:00:00,Learner laptop,
232693.0,Pinetown,Mafukuzela Ghandi,Tongaat,Nkosibomvu Secondary School,,91,2022-09-17 00:00:00,Learner laptop,
232693.0,Pinetown,Mafukuzela Ghandi,Tongaat,Nkosibomvu Secondary School,,92,2022-09-18 00:00:00,Learner laptop,
232693.0,Pinetown,Mafukuzela Ghandi,Tongaat,Nkosibomvu Secondary School,,93,2022-09-19 00:00:00,Wifi Management Laptop,
232693.0,Pinetown,Mafukuzela Ghandi,Tongaat,Nkosibomvu Secondary School,,94,2022-09-20 00:00:00,Content access point,
232693.0,Pinetown,Mafukuzela Ghandi,Tongaat,Nkosibomvu Secondary School,,95,2022-09-21 00:00:00,Teachers laptop,
232693.0,Pinetown,Mafukuzela Ghandi,Tongaat,Nkosibomvu Secondary School,,96,2022-09-22 00:00:00,Teachers laptop,
232693.0,Pinetown,Mafukuzela Ghandi,Tongaat,Nkosibomvu Secondary School,,97,2022-09-23 00:00:00,Teachers laptop,
232693.0,Pinetown,Mafukuzela Ghandi,Tongaat,Nkosibomvu Secondary School,,98,2022-09-24 00:00:00,Teachers laptop,
232693.0,Pinetown,Mafukuzela Ghandi,Tongaat,Nkosibomvu Secondary School,,99,2022-09-25 00:00:00,Teachers laptop,
232693.0,Pinetown,Mafukuzela Ghandi,Tongaat,Nkosibomvu Secondary School,,100,2022-09-26 00:00:00,Teachers laptop,
232693.0,Pinetown,Mafukuzela Ghandi,Tongaat,Nkosibomvu Secondary School,,101,2022-09-27 00:00:00,Teachers laptop,
232693.0,Pinetown,Mafukuzela Ghandi,Tongaat,Nkosibomvu Secondary School,,102,2022-09-28 00:00:00,Teachers laptop,
232693.0,Pinetown,Mafukuzela Ghandi,Tongaat,Nkosibomvu Secondary School,,103,2022-09-29 00:00:00,Teachers laptop,
232693.0,Pinetown,Mafukuzela Ghandi,Tongaat,Nkosibomvu Secondary School,,104,2022-09-30 00:00:00,Teachers laptop,
232693.0,Pinetown,Mafukuzela Ghandi,Tongaat,Nkosibomvu Secondary School,,105,2022-10-01 00:00:00,Teachers laptop,
232693.0,Pinetown,Mafukuzela Ghandi,Tongaat,Nkosibomvu Secondary School,,106,2022-10-02 00:00:00,Teachers laptop,
232693.0,Pinetown,Mafukuzela Ghandi,Tongaat,Nkosibomvu Secondary School,,107,2022-10-03 00:00:00,Teachers laptop,
232693.0,Pinetown,Mafukuzela Ghandi,Tongaat,Nkosibomvu Secondary School,,108,2022-10-04 00:00:00,Teachers laptop,
232693.0,Pinetown,Mafukuzela Ghandi,Tongaat,Nkosibomvu Secondary School,,109,2022-10-05 00:00:00,Teachers laptop,
232693.0,Pinetown,Mafukuzela Ghandi,Tongaat,Nkosibomvu Secondary School,,110,2022-10-06 00:00:00,Teachers laptop,
232693.0,Pinetown,Mafukuzela Ghandi,Tongaat,Nkosibomvu Secondary School,,111,2022-10-07 00:00:00,Teachers laptop,
232693.0,Pinetown,Mafukuzela Ghandi,Tongaat,Nkosibomvu Secondary School,,112,2022-10-08 00:00:00,Teachers laptop,
232693.0,Pinetown,Mafukuzela Ghandi,Tongaat,Nkosibomvu Secondary School,,113,2022-10-09 00:00:00,Teachers laptop,
232693.0,Pinetown,Mafukuzela Ghandi,Tongaat,Nkosibomvu Secondary School,,114,2022-10-10 00:00:00,Teachers laptop,
232693.0,Pinetown,Mafukuzela Ghandi,Tongaat,Nkosibomvu Secondary School,,115,2022-10-11 00:00:00,Teachers laptop,
232693.0,Pinetown,Mafukuzela Ghandi,Tongaat,Nkosibomvu Secondary School,,116,2022-10-12 00:00:00,Teachers laptop,
232693.0,Pinetown,Mafukuzela Ghandi,Tongaat,Nkosibomvu Secondary School,,117,2022-10-13 00:00:00,Teachers laptop,
232693.0,Pinetown,Mafukuzela Ghandi,Tongaat,Nkosibomvu Secondary School,,118,2022-10-14 00:00:00,Teachers laptop,
232693.0,Pinetown,Mafukuzela Ghandi,Tongaat,Nkosibomvu Secondary School,,119,2022-10-15 00:00:00,Teachers laptop,
232693.0,Pinetown,Mafukuzela Ghandi,Tongaat,Nkosibomvu Secondary School,,120,2022-10-16 00:00:00,Teachers laptop,
232693.0,Pinetown,Mafukuzela Ghandi,Tongaat,Nkosibomvu Secondary School,,121,2022-10-17 00:00:00,Teachers laptop,
232693.0,Pinetown,Mafukuzela Ghandi,Tongaat,Nkosibomvu Secondary School,,122,2022-10-18 00:00:00,Teachers laptop,
232693.0,Pinetown,Mafukuzela Ghandi,Tongaat,Nkosibomvu Secondary School,,123,2022-10-19 00:00:00,Teachers laptop,
232693.0,Pinetown,Mafukuzela Ghandi,Tongaat,Nkosibomvu Secondary School,,124,2022-10-20 00:00:00,Teachers laptop,
232693.0,Pinetown,Mafukuzela Ghandi,Tongaat,Nkosibomvu Secondary School,,125,2022-10-21 00:00:00,Teachers laptop,
232693.0,Pinetown,Mafukuzela Ghandi,Tongaat,Nkosibomvu Secondary School,,126,2022-10-22 00:00:00,Teachers laptop,
232693.0,Pinetown,Mafukuzela Ghandi,Tongaat,Nkosibomvu Secondary School,,127,2022-10-23 00:00:00,Teachers laptop,
232693.0,Pinetown,Mafukuzela Ghandi,Tongaat,Nkosibomvu Secondary School,,128,2022-10-24 00:00:00,Teachers laptop,
232693.0,Pinetown,Mafukuzela Ghandi,Tongaat,Nkosibomvu Secondary School,,129,2022-10-25 00:00:00,Teachers laptop,
232693.0,Pinetown,Mafukuzela Ghandi,Tongaat,Nkosibomvu Secondary School,,130,2022-10-26 00:00:00,Teachers laptop,
232693.0,Pinetown,Mafukuzela Ghandi,Tongaat,Nkosibomvu Secondary School,,131,2022-10-27 00:00:00,Teachers laptop,
232693.0,Pinetown,Mafukuzela Ghandi,Tongaat,Nkosibomvu Secondary School,,132,2022-10-28 00:00:00,Teachers laptop,
232693.0,Pinetown,Mafukuzela Ghandi,Tongaat,Nkosibomvu Secondary School,,133,2022-10-29 00:00:00,Teachers laptop,
232693.0,Pinetown,Mafukuzela Ghandi,Tongaat,Nkosibomvu Secondary School,,134,2022-10-30 00:00:00,Teachers laptop,
232693.0,Pinetown,Mafukuzela Ghandi,Tongaat,Nkosibomvu Secondary School,,135,2022-10-31 00:00:00,Teachers laptop,
232693.0,Pinetown,Mafukuzela Ghandi,Tongaat,Nkosibomvu Secondary School,,136,2022-11-01 00:00:00,Teachers laptop,
232693.0,Pinetown,Mafukuzela Ghandi,Tongaat,Nkosibomvu Secondary School,,137,2022-11-02 00:00:00,Teachers laptop,
232693.0,Pinetown,Mafukuzela Ghandi,Tongaat,Nkosibomvu Secondary School,,138,2022-11-03 00:00:00,Teachers laptop,
232693.0,Pinetown,Mafukuzela Ghandi,Tongaat,Nkosibomvu Secondary School,,139,2022-11-04 00:00:00,Teachers laptop,
232693.0,Pinetown,Mafukuzela Ghandi,Tongaat,Nkosibomvu Secondary School,,140,2022-11-05 00:00:00,Teachers laptop,
232693.0,Pinetown,Mafukuzela Ghandi,Tongaat,Nkosibomvu Secondary School,,141,2022-11-06 00:00:00,Teachers laptop,
232693.0,Pinetown,Mafukuzela Ghandi,Tongaat,Nkosibomvu Secondary School,,142,2022-11-07 00:00:00,Teachers laptop,
232693.0,Pinetown,Mafukuzela Ghandi,Tongaat,Nkosibomvu Secondary School,,143,2022-11-08 00:00:00,Teachers laptop,
232693.0,Pinetown,Mafukuzela Ghandi,Tongaat,Nkosibomvu Secondary School,,144,2022-11-09 00:00:00,Teachers laptop,
232693.0,Pinetown,Mafukuzela Ghandi,Tongaat,Nkosibomvu Secondary School,,145,2022-11-10 00:00:00,Teachers laptop,
232693.0,Pinetown,Mafukuzela Ghandi,Tongaat,Nkosibomvu Secondary School,,146,2022-11-11 00:00:00,Teachers laptop,
232693.0,Pinetown,Mafukuzela Ghandi,Tongaat,Nkosibomvu Secondary School,,147,2022-11-12 00:00:00,Teachers laptop,
232693.0,Pinetown,Mafukuzela Ghandi,Tongaat,Nkosibomvu Secondary School,,148,2022-11-13 00:00:00,Teachers laptop,
232693.0,Pinetown,Mafukuzela Ghandi,Tongaat,Nkosibomvu Secondary School,,149,2022-11-14 00:00:00,Teachers laptop,
232693.0,Pinetown,Mafukuzela Ghandi,Tongaat,Nkosibomvu Secondary School,,150,2022-11-15 00:00:00,Teachers laptop,
232693.0,Pinetown,Mafukuzela Ghandi,Tongaat,Nkosibomvu Secondary School,,151,2022-11-16 00:00:00,Teachers laptop,
232693.0,Pinetown,Mafukuzela Ghandi,Tongaat,Nkosibomvu Secondary School,,152,2022-11-17 00:00:00,Teachers laptop,
232693.0,Pinetown,Mafukuzela Ghandi,Tongaat,Nkosibomvu Secondary School,,153,2022-11-18 00:00:00,Teachers laptop,
232693.0,Pinetown,Mafukuzela Ghandi,Tongaat,Nkosibomvu Secondary School,,154,2022-11-19 00:00:00,Teachers laptop,
232693.0,Pinetown,Mafukuzela Ghandi,Tongaat,Nkosibomvu Secondary School,,155,2022-11-20 00:00:00,Teachers laptop,
232693.0,Pinetown,Mafukuzela Ghandi,Tongaat,Nkosibomvu Secondary School,,156,2022-11-21 00:00:00,Teachers laptop,
232693.0,Pinetown,Mafukuzela Ghandi,Tongaat,Nkosibomvu Secondary School,,157,2022-11-22 00:00:00,Teachers laptop,
232693.0,Pinetown,Mafukuzela Ghandi,Tongaat,Nkosibomvu Secondary School,,158,2022-11-23 00:00:00,Teachers laptop,
232693.0,Pinetown,Mafukuzela Ghandi,Tongaat,Nkosibomvu Secondary School,,159,2022-11-24 00:00:00,Teachers laptop,
232693.0,Pinetown,Mafukuzela Ghandi,Tongaat,Nkosibomvu Secondary School,,160,2022-11-25 00:00:00,Teachers laptop,
232693.0,Pinetown,Mafukuzela Ghandi,Tongaat,Nkosibomvu Secondary School,,161,2022-11-26 00:00:00,Teachers laptop,
232693.0,Pinetown,Mafukuzela Ghandi,Tongaat,Nkosibomvu Secondary School,,162,2022-11-27 00:00:00,Teachers laptop,
232693.0,Pinetown,Mafukuzela Ghandi,Tongaat,Nkosibomvu Secondary School,,163,2022-11-28 00:00:00,Teachers laptop,
232693.0,Pinetown,Mafukuzela Ghandi,Tongaat,Nkosibomvu Secondary School,,164,2022-11-29 00:00:00,Teachers laptop,
232693.0,Pinetown,Mafukuzela Ghandi,Tongaat,Nkosibomvu Secondary School,,165,2022-11-30 00:00:00,Teachers laptop,
232693.0,Pinetown,Mafukuzela Ghandi,Tongaat,Nkosibomvu Secondary School,,166,2022-12-01 00:00:00,Teachers laptop,
232693.0,Pinetown,Mafukuzela Ghandi,Tongaat,Nkosibomvu Secondary School,,167,2022-12-02 00:00:00,Teachers laptop,
232693.0,Pinetown,Mafukuzela Ghandi,Tongaat,Nkosibomvu Secondary School,,168,2022-12-03 00:00:00,Teachers laptop,
232693.0,Pinetown,Mafukuzela Ghandi,Tongaat,Nkosibomvu Secondary School,,169,2022-12-04 00:00:00,Teachers laptop,
232693.0,Pinetown,Mafukuzela Ghandi,Tongaat,Nkosibomvu Secondary School,,170,2022-12-05 00:00:00,Teachers laptop,
232693.0,Pinetown,Mafukuzela Ghandi,Tongaat,Nkosibomvu Secondary School,,171,2022-12-06 00:00:00,Teachers laptop,
232693.0,Pinetown,Mafukuzela Ghandi,Tongaat,Nkosibomvu Secondary School,,172,2022-12-07 00:00:00,Teachers laptop,
232693.0,Pinetown,Mafukuzela Ghandi,Tongaat,Nkosibomvu Secondary School,,173,2022-12-08 00:00:00,Dusters,
232693.0,Pinetown,Mafukuzela Ghandi,Tongaat,Nkosibomvu Secondary School,,174,2022-12-09 00:00:00,White Baords Cleaners,
232693.0,Pinetown,Mafukuzela Ghandi,Tongaat,Nkosibomvu Secondary School,,175,2022-12-10 00:00:00,White Baord Markers,
232693.0,Pinetown,Mafukuzela Ghandi,Tongaat,Nkosibomvu Secondary School,,176,2022-12-11 00:00:00,Pen Trays,
232693.0,Pinetown,Mafukuzela Ghandi,Tongaat,Nkosibomvu Secondary School,,177,2022-12-12 00:00:00,Interactive Flat Smart Screen,
232693.0,Pinetown,Mafukuzela Ghandi,Tongaat,Nkosibomvu Secondary School,,178,2022-12-13 00:00:00,Epson Ultra Short Throw Projector,
249750.0,Zululand,Nongoma,Mona,Phumanyova High School,,1,2022-12-14 00:00:00,Teahcer Laptop - Lenovo,
249750.0,Zululand,Nongoma,Mona,Phumanyova High School,,2,2022-12-15 00:00:00,Teahcer Laptop - Lenovo,
249750.0,Zululand,Nongoma,Mona,Phumanyova High School,,3,2022-12-16 00:00:00,Teahcer Laptop - Lenovo,
249750.0,Zululand,Nongoma,Mona,Phumanyova High School,,4,2022-12-17 00:00:00,Teahcer Laptop - Lenovo,
249750.0,Zululand,Nongoma,Mona,Phumanyova High School,,5,2022-12-18 00:00:00,Teahcer Laptop - Lenovo,
249750.0,Zululand,Nongoma,Mona,Phumanyova High School,,6,2022-12-19 00:00:00,Teahcer Laptop - Lenovo,
249750.0,Zululand,Nongoma,Mona,Phumanyova High School,,7,2022-12-20 00:00:00,Teahcer Laptop - Lenovo,
249750.0,Zululand,Nongoma,Mona,Phumanyova High School,,8,2022-12-21 00:00:00,Teahcer Laptop - Lenovo,
249750.0,Zululand,Nongoma,Mona,Phumanyova High School,,9,2022-12-22 00:00:00,Teahcer Laptop - Lenovo,
249750.0,Zululand,Nongoma,Mona,Phumanyova High School,,10,2022-12-23 00:00:00,Teahcer Laptop - Lenovo,
249750.0,Zululand,Nongoma,Mona,Phumanyova High School,,11,2022-12-24 00:00:00,Teahcer Laptop - Lenovo,
249750.0,Zululand,Nongoma,Mona,Phumanyova High School,,12,2022-12-25 00:00:00,Teahcer Laptop - Lenovo,
249750.0,Zululand,Nongoma,Mona,Phumanyova High School,,13,2022-12-26 00:00:00,Teahcer Laptop - Lenovo,
249750.0,Zululand,Nongoma,Mona,Phumanyova High School,,14,2022-12-27 00:00:00,Teahcer Laptop - Lenovo,
249750.0,Zululand,Nongoma,Mona,Phumanyova High School,,15,2022-12-28 00:00:00,Teahcer Laptop - Lenovo,
249750.0,Zululand,Nongoma,Mona,Phumanyova High School,,16,2022-12-29 00:00:00,Teahcer Laptop - Lenovo,
249750.0,Zululand,Nongoma,Mona,Phumanyova High School,,17,2022-12-30 00:00:00,Teahcer Laptop - Lenovo,
249750.0,Zululand,Nongoma,Mona,Phumanyova High School,,18,2022-12-31 00:00:00,Teahcer Laptop - Lenovo,
249750.0,Zululand,Nongoma,Mona,Phumanyova High School,,19,2023-01-01 00:00:00,Teahcer Laptop - Lenovo,
249750.0,Zululand,Nongoma,Mona,Phumanyova High School,,20,2023-01-02 00:00:00,Teahcer Laptop - Lenovo,
249750.0,Zululand,Nongoma,Mona,Phumanyova High School,,21,2023-01-03 00:00:00,Teahcer Laptop - Lenovo,
249750.0,Zululand,Nongoma,Mona,Phumanyova High School,,22,2023-01-04 00:00:00,Teahcer Laptop - Lenovo,
249750.0,Zululand,Nongoma,Mona,Phumanyova High School,,23,2023-01-05 00:00:00,Teahcer Laptop - Lenovo,
249750.0,Zululand,Nongoma,Mona,Phumanyova High School,,24,2023-01-06 00:00:00,Teahcer Laptop - Lenovo,
249750.0,Zululand,Nongoma,Mona,Phumanyova High School,,25,2023-01-07 00:00:00,Teahcer Laptop - Lenovo,
249750.0,Zululand,Nongoma,Mona,Phumanyova High School,,26,2023-01-08 00:00:00,Teahcer Laptop - Lenovo,
249750.0,Zululand,Nongoma,Mona,Phumanyova High School,,27,2023-01-09 00:00:00,Teahcer Laptop - Lenovo,
249750.0,Zululand,Nongoma,Mona,Phumanyova High School,,28,2023-01-10 00:00:00,Teahcer Laptop - Lenovo,
249750.0,Zululand,Nongoma,Mona,Phumanyova High School,,29,2023-01-11 00:00:00,Teahcer Laptop - Lenovo,
249750.0,Zululand,Nongoma,Mona,Phumanyova High School,,30,2023-01-12 00:00:00,Teahcer Laptop - Lenovo,
249750.0,Zululand,Nongoma,Mona,Phumanyova High School,,31,2023-01-13 00:00:00,Teahcer Laptop - Lenovo,
249750.0,Zululand,Nongoma,Mona,Phumanyova High School,,32,2023-01-14 00:00:00,Teahcer Laptop - Lenovo,
249750.0,Zululand,Nongoma,Mona,Phumanyova High School,,33,2023-01-15 00:00:00,Teahcer Laptop - Lenovo,
249750.0,Zululand,Nongoma,Mona,Phumanyova High School,,34,2023-01-16 00:00:00,Teahcer Laptop - Lenovo,
249750.0,Zululand,Nongoma,Mona,Phumanyova High School,,35,2023-01-17 00:00:00,Teahcer Laptop - Lenovo,
249750.0,Zululand,Nongoma,Mona,Phumanyova High School,,36,2023-01-18 00:00:00,Teahcer Laptop - Lenovo,
249750.0,Zululand,Nongoma,Mona,Phumanyova High School,,37,2023-01-19 00:00:00,Teahcer Laptop - Lenovo,
249750.0,Zululand,Nongoma,Mona,Phumanyova High School,,38,2023-01-20 00:00:00,Teahcer Laptop - Lenovo,
249750.0,Zululand,Nongoma,Mona,Phumanyova High School,,39,2023-01-21 00:00:00,Teahcer Laptop - Lenovo,
249750.0,Zululand,Nongoma,Mona,Phumanyova High School,,40,2023-01-22 00:00:00,Teahcer Laptop - Lenovo,
249750.0,Zululand,Nongoma,Mona,Phumanyova High School,,41,2023-01-23 00:00:00,Teahcer Laptop - Lenovo,
249750.0,Zululand,Nongoma,Mona,Phumanyova High School,,42,2023-01-24 00:00:00,Teahcer Laptop - Lenovo,
249750.0,Zululand,Nongoma,Mona,Phumanyova High School,,43,2023-01-25 00:00:00,Teahcer Laptop - Lenovo,
249750.0,Zululand,Nongoma,Mona,Phumanyova High School,,44,2023-01-26 00:00:00,Teahcer Laptop - Lenovo,
249750.0,Zululand,Nongoma,Mona,Phumanyova High School,,45,2023-01-27 00:00:00,Teahcer Laptop - Lenovo,
249750.0,Zululand,Nongoma,Mona,Phumanyova High School,,46,2023-01-28 00:00:00,Teahcer Laptop - Lenovo,
249750.0,Zululand,Nongoma,Mona,Phumanyova High School,,47,2023-01-29 00:00:00,Teahcer Laptop - Lenovo,
249750.0,Zululand,Nongoma,Mona,Phumanyova High School,,48,2023-01-30 00:00:00,Teahcer Laptop - Lenovo,
249750.0,Zululand,Nongoma,Mona,Phumanyova High School,,49,2023-01-31 00:00:00,Teahcer Laptop - Lenovo,
249750.0,Zululand,Nongoma,Mona,Phumanyova High School,,50,2023-02-01 00:00:00,Teahcer Laptop - Lenovo,
249750.0,Zululand,Nongoma,Mona,Phumanyova High School,,51,2023-02-02 00:00:00,Ultra Link - Projector Bracket,
249750.0,Zululand,Nongoma,Mona,Phumanyova High School,,52,2023-02-03 00:00:00,Ultra Short Throw,
249750.0,Zululand,Nongoma,Mona,Phumanyova High School,,53,2023-02-04 00:00:00,Ultra Short Throw Setting Plate,
249750.0,Zululand,Nongoma,Mona,Phumanyova High School,,54,2023-02-05 00:00:00,White Board Markers,
249750.0,Zululand,Nongoma,Mona,Phumanyova High School,,55,2023-02-06 00:00:00,Whiteboard,
249750.0,Zululand,Nongoma,Mona,Phumanyova High School,,56,2023-02-07 00:00:00,Learner Laptop - Lenovo,
249750.0,Zululand,Nongoma,Mona,Phumanyova High School,,57,2023-02-08 00:00:00,Learner Laptop - Lenovo,
249750.0,Zululand,Nongoma,Mona,Phumanyova High School,,58,2023-02-09 00:00:00,Learner Laptop - Lenovo,
249750.0,Zululand,Nongoma,Mona,Phumanyova High School,,59,2023-02-10 00:00:00,Learner Laptop - Lenovo,
249750.0,Zululand,Nongoma,Mona,Phumanyova High School,,60,2023-02-11 00:00:00,Learner Laptop - Lenovo,
249750.0,Zululand,Nongoma,Mona,Phumanyova High School,,61,2023-02-12 00:00:00,Learner Laptop - Lenovo,
249750.0,Zululand,Nongoma,Mona,Phumanyova High School,,62,2023-02-13 00:00:00,Learner Laptop - Lenovo,
249750.0,Zululand,Nongoma,Mona,Phumanyova High School,,63,2023-02-14 00:00:00,Learner Laptop - Lenovo,
249750.0,Zululand,Nongoma,Mona,Phumanyova High School,,64,2023-02-15 00:00:00,Learner Laptop - Lenovo,
249750.0,Zululand,Nongoma,Mona,Phumanyova High School,,65,2023-02-16 00:00:00,Learner Laptop - Lenovo,
249750.0,Zululand,Nongoma,Mona,Phumanyova High School,,66,2023-02-17 00:00:00,Learner Laptop - Lenovo,
249750.0,Zululand,Nongoma,Mona,Phumanyova High School,,67,2023-02-18 00:00:00,Learner Laptop - Lenovo,
249750.0,Zululand,Nongoma,Mona,Phumanyova High School,,68,2023-02-19 00:00:00,Learner Laptop - Lenovo,
249750.0,Zululand,Nongoma,Mona,Phumanyova High School,,69,2023-02-20 00:00:00,Learner Laptop - Lenovo,
249750.0,Zululand,Nongoma,Mona,Phumanyova High School,,70,2023-02-21 00:00:00,Learner Laptop - Lenovo,
249750.0,Zululand,Nongoma,Mona,Phumanyova High School,,71,2023-02-22 00:00:00,Learner Laptop - Lenovo,
249750.0,Zululand,Nongoma,Mona,Phumanyova High School,,72,2023-02-23 00:00:00,Learner Laptop - Lenovo,
249750.0,Zululand,Nongoma,Mona,Phumanyova High School,,73,2023-02-24 00:00:00,Learner Laptop - Lenovo,
249750.0,Zululand,Nongoma,Mona,Phumanyova High School,,74,2023-02-25 00:00:00,Learner Laptop - Lenovo,
249750.0,Zululand,Nongoma,Mona,Phumanyova High School,,75,2023-02-26 00:00:00,Learner Laptop - Lenovo,
249750.0,Zululand,Nongoma,Mona,Phumanyova High School,,76,2023-02-27 00:00:00,Learner Laptop - Lenovo,
249750.0,Zululand,Nongoma,Mona,Phumanyova High School,,77,2023-02-28 00:00:00,Learner Laptop - Lenovo,
249750.0,Zululand,Nongoma,Mona,Phumanyova High School,,78,2023-03-01 00:00:00,Learner Laptop - Lenovo,
249750.0,Zululand,Nongoma,Mona,Phumanyova High School,,79,2023-03-02 00:00:00,Learner Laptop - Lenovo,
249750.0,Zululand,Nongoma,Mona,Phumanyova High School,,80,2023-03-03 00:00:00,Learner Laptop - Lenovo,
249750.0,Zululand,Nongoma,Mona,Phumanyova High School,,81,2023-03-04 00:00:00,Learner Laptop - Lenovo,
249750.0,Zululand,Nongoma,Mona,Phumanyova High School,,82,2023-03-05 00:00:00,Learner Laptop - Lenovo,
249750.0,Zululand,Nongoma,Mona,Phumanyova High School,,83,2023-03-06 00:00:00,Learner Laptop - Lenovo,
249750.0,Zululand,Nongoma,Mona,Phumanyova High School,,84,2023-03-07 00:00:00,Learner Laptop - Lenovo,
249750.0,Zululand,Nongoma,Mona,Phumanyova High School,,85,2023-03-08 00:00:00,Learner Laptop - Lenovo,
249750.0,Zululand,Nongoma,Mona,Phumanyova High School,,86,2023-03-09 00:00:00,Learner Laptop - Lenovo,
249750.0,Zululand,Nongoma,Mona,Phumanyova High School,,87,2023-03-10 00:00:00,Learner Laptop - Lenovo,
249750.0,Zululand,Nongoma,Mona,Phumanyova High School,,88,2023-03-11 00:00:00,Learner Laptop - Lenovo,
249750.0,Zululand,Nongoma,Mona,Phumanyova High School,,89,2023-03-12 00:00:00,Learner Laptop - Lenovo,
249750.0,Zululand,Nongoma,Mona,Phumanyova High School,,90,2023-03-13 00:00:00,Learner Laptop - Lenovo,
249750.0,Zululand,Nongoma,Mona,Phumanyova High School,,91,2023-03-14 00:00:00,Learner Laptop - Lenovo,
249750.0,Zululand,Nongoma,Mona,Phumanyova High School,,92,2023-03-15 00:00:00,Learner Laptop - Lenovo,
249750.0,Zululand,Nongoma,Mona,Phumanyova High School,,93,2023-03-16 00:00:00,Learner Laptop - Lenovo,
249750.0,Zululand,Nongoma,Mona,Phumanyova High School,,94,2023-03-17 00:00:00,Learner Laptop - Lenovo,
249750.0,Zululand,Nongoma,Mona,Phumanyova High School,,95,2023-03-18 00:00:00,Learner Laptop - Lenovo,
249750.0,Zululand,Nongoma,Mona,Phumanyova High School,,96,2023-03-19 00:00:00,15 Mecer Teacher Laptop,
249750.0,Zululand,Nongoma,Mona,Phumanyova High School,,97,2023-03-20 00:00:00,15 Mecer Teacher Laptop,
249750.0,Zululand,Nongoma,Mona,Phumanyova High School,,98,2023-03-21 00:00:00,15 Mecer Teacher Laptop,
249750.0,Zululand,Nongoma,Mona,Phumanyova High School,,99,2023-03-22 00:00:00,15 Mecer Teacher Laptop,
249750.0,Zululand,Nongoma,Mona,Phumanyova High School,,100,2023-03-23 00:00:00,15 Mecer Teacher Laptop,
249750.0,Zululand,Nongoma,Mona,Phumanyova High School,,101,2023-03-24 00:00:00,15 Mecer Teacher Laptop,
249750.0,Zululand,Nongoma,Mona,Phumanyova High School,,102,2023-03-25 00:00:00,15 Mecer Teacher Laptop,
249750.0,Zululand,Nongoma,Mona,Phumanyova High School,,103,2023-03-26 00:00:00,15 Mecer Teacher Laptop,
249750.0,Zululand,Nongoma,Mona,Phumanyova High School,,104,2023-03-27 00:00:00,15 Mecer Teacher Laptop,
249750.0,Zululand,Nongoma,Mona,Phumanyova High School,,105,2023-03-28 00:00:00,15 Mecer Teacher Laptop,
249750.0,Zululand,Nongoma,Mona,Phumanyova High School,,106,2023-03-29 00:00:00,15 Mecer Teacher Laptop,
249750.0,Zululand,Nongoma,Mona,Phumanyova High School,,107,2023-03-30 00:00:00,15 Mecer Teacher Laptop,
249750.0,Zululand,Nongoma,Mona,Phumanyova High School,,108,2023-03-31 00:00:00,15 Mecer Teacher Laptop,
249750.0,Zululand,Nongoma,Mona,Phumanyova High School,,109,2023-04-01 00:00:00,15 Mecer Teacher Laptop,
249750.0,Zululand,Nongoma,Mona,Phumanyova High School,,110,2023-04-02 00:00:00,15 Mecer Teacher Laptop,
249750.0,Zululand,Nongoma,Mona,Phumanyova High School,,111,2023-04-03 00:00:00,15 Mecer Teacher Laptop,
249750.0,Zululand,Nongoma,Mona,Phumanyova High School,,112,2023-04-04 00:00:00,15 Mecer Teacher Laptop,
249750.0,Zululand,Nongoma,Mona,Phumanyova High School,,113,2023-04-05 00:00:00,15 Mecer Teacher Laptop,
249750.0,Zululand,Nongoma,Mona,Phumanyova High School,,114,2023-04-06 00:00:00,15 Mecer Teacher Laptop,
249750.0,Zululand,Nongoma,Mona,Phumanyova High School,,115,2023-04-07 00:00:00,15 Mecer Teacher Laptop,
249750.0,Zululand,Nongoma,Mona,Phumanyova High School,,116,2023-04-08 00:00:00,15 Mecer Teacher Laptop,
249750.0,Zululand,Nongoma,Mona,Phumanyova High School,,117,2023-04-09 00:00:00,15 Mecer Teacher Laptop,
249750.0,Zululand,Nongoma,Mona,Phumanyova High School,,118,2023-04-10 00:00:00,Asustor NAS storage,
249750.0,Zululand,Nongoma,Mona,Phumanyova High School,,119,2023-04-11 00:00:00,1TB HARDDRIVE,
249750.0,Zululand,Nongoma,Mona,Phumanyova High School,,120,2023-04-12 00:00:00,1TB HARDDRIVE,
249750.0,Zululand,Nongoma,Mona,Phumanyova High School,,121,2023-04-13 00:00:00,Laptop Charging Trolley,
249750.0,Zululand,Nongoma,Mona,Phumanyova High School,,122,2023-04-14 00:00:00,Epson Data Projector,
249750.0,Zululand,Nongoma,Mona,Phumanyova High School,,123,2023-04-15 00:00:00,Epson Data Projector,
249750.0,Zululand,Nongoma,Mona,Phumanyova High School,,124,2023-04-16 00:00:00,Epson Data Projector,
249750.0,Zululand,Nongoma,Mona,Phumanyova High School,,125,2023-04-17 00:00:00,Epson Data Projector,
249750.0,Zululand,Nongoma,Mona,Phumanyova High School,,126,2023-04-18 00:00:00,Epson Data Projector,
249750.0,Zululand,Nongoma,Mona,Phumanyova High School,,127,2023-04-19 00:00:00,Epson Data Projector,
249750.0,Zululand,Nongoma,Mona,Phumanyova High School,,128,2023-04-20 00:00:00,Epson Data Projector,
249750.0,Zululand,Nongoma,Mona,Phumanyova High School,,129,2023-04-21 00:00:00,Epson Data Projector,
249750.0,Zululand,Nongoma,Mona,Phumanyova High School,,130,2023-04-22 00:00:00,Epson Data Projector,
249750.0,Zululand,Nongoma,Mona,Phumanyova High School,,131,2023-04-23 00:00:00,Epson Data Projector,
249750.0,Zululand,Nongoma,Mona,Phumanyova High School,,132,2023-04-24 00:00:00,Epson Data Projector,
249750.0,Zululand,Nongoma,Mona,Phumanyova High School,,133,2023-04-25 00:00:00,Epson Data Projector,
249750.0,Zululand,Nongoma,Mona,Phumanyova High School,,134,2023-04-26 00:00:00,Epson Data Projector,
249750.0,Zululand,Nongoma,Mona,Phumanyova High School,,135,2023-04-27 00:00:00,Epson Data Projector,
249750.0,Zululand,Nongoma,Mona,Phumanyova High School,,136,2023-04-28 00:00:00,Epson Data Projector,
249750.0,Zululand,Nongoma,Mona,Phumanyova High School,,137,2023-04-29 00:00:00,Epson Data Projector,
249750.0,Zululand,Nongoma,Mona,Phumanyova High School,,138,2023-04-30 00:00:00,Epson Data Projector,
249750.0,Zululand,Nongoma,Mona,Phumanyova High School,,139,2023-05-01 00:00:00,Epson Data Projector,
249750.0,Zululand,Nongoma,Mona,Phumanyova High School,,140,2023-05-02 00:00:00,Epson Data Projector,
249750.0,Zululand,Nongoma,Mona,Phumanyova High School,,141,2023-05-03 00:00:00,Epson Data Projector,
249750.0,Zululand,Nongoma,Mona,Phumanyova High School,,142,2023-05-04 00:00:00,Epson Data Projector,
249750.0,Zululand,Nongoma,Mona,Phumanyova High School,,143,2023-05-05 00:00:00,Epson Data Projector,
249750.0,Zululand,Nongoma,Mona,Phumanyova High School,,144,2023-05-06 00:00:00,Epson Data Projector,
249750.0,Zululand,Nongoma,Mona,Phumanyova High School,,145,2023-05-07 00:00:00,Epson Data Projector,
249750.0,Zululand,Nongoma,Mona,Phumanyova High School,,146,2023-05-08 00:00:00,Epson Data Projector,
249750.0,Zululand,Nongoma,Mona,Phumanyova High School,,147,2023-05-09 00:00:00,Epson Data Projector,
249750.0,Zululand,Nongoma,Mona,Phumanyova High School,,148,2023-05-10 00:00:00,Epson Data Projector,
249750.0,Zululand,Nongoma,Mona,Phumanyova High School,,149,2023-05-11 00:00:00,Epson Data Projector,
249750.0,Zululand,Nongoma,Mona,Phumanyova High School,,150,2023-05-12 00:00:00,Epson Data Projector,
249750.0,Zululand,Nongoma,Mona,Phumanyova High School,,151,2023-05-13 00:00:00,Epson Data Projector,
249750.0,Zululand,Nongoma,Mona,Phumanyova High School,,152,2023-05-14 00:00:00,Epson Data Projector,
249750.0,Zululand,Nongoma,Mona,Phumanyova High School,,153,2023-05-15 00:00:00,Epson Data Projector,
249750.0,Zululand,Nongoma,Mona,Phumanyova High School,,154,2023-05-16 00:00:00,Epson Data Projector,
249750.0,Zululand,Nongoma,Mona,Phumanyova High School,,155,2023-05-17 00:00:00,Epson Data Projector,
249750.0,Zululand,Nongoma,Mona,Phumanyova High School,,156,2023-05-18 00:00:00,Epson Data Projector,
249750.0,Zululand,Nongoma,Mona,Phumanyova High School,,157,2023-05-19 00:00:00,Epson Data Projector,
249750.0,Zululand,Nongoma,Mona,Phumanyova High School,,158,2023-05-20 00:00:00,Epson Data Projector,
249750.0,Zululand,Nongoma,Mona,Phumanyova High School,,159,2023-05-21 00:00:00,Epson Data Projector,
249750.0,Zululand,Nongoma,Mona,Phumanyova High School,,160,2023-05-22 00:00:00,Epson Data Projector,
249750.0,Zululand,Nongoma,Mona,Phumanyova High School,,161,2023-05-23 00:00:00,Epson Data Projector,
249750.0,Zululand,Nongoma,Mona,Phumanyova High School,,162,2023-05-24 00:00:00,Epson Data Projector,
249750.0,Zululand,Nongoma,Mona,Phumanyova High School,,163,2023-05-25 00:00:00,Connect Data Projector,
249750.0,Zululand,Nongoma,Mona,Phumanyova High School,,164,2023-05-26 00:00:00,Connect Data Projector,
249750.0,Zululand,Nongoma,Mona,Phumanyova High School,,165,2023-05-27 00:00:00,Connect Data Projector,
249750.0,Zululand,Nongoma,Mona,Phumanyova High School,,166,2023-05-28 00:00:00,Connect Data Projector,
249750.0,Zululand,Nongoma,Mona,Phumanyova High School,,167,2023-05-29 00:00:00,Connect Data Projector,
249750.0,Zululand,Nongoma,Mona,Phumanyova High School,,168,2023-05-30 00:00:00,Connect Data Projector,
249750.0,Zululand,Nongoma,Mona,Phumanyova High School,,169,2023-05-31 00:00:00,Connect Data Projector,
249750.0,Zululand,Nongoma,Mona,Phumanyova High School,,170,2023-06-01 00:00:00,Connect Data Projector,
249750.0,Zululand,Nongoma,Mona,Phumanyova High School,,171,2023-06-02 00:00:00,Connect Data Projector,
249750.0,Zululand,Nongoma,Mona,Phumanyova High School,,172,2023-06-03 00:00:00,Connect Data Projector,
249750.0,Zululand,Nongoma,Mona,Phumanyova High School,,173,2023-06-04 00:00:00,Connect Data Projector,
249750.0,Zululand,Nongoma,Mona,Phumanyova High School,,174,2023-06-05 00:00:00,Connect Data Projector,
249750.0,Zululand,Nongoma,Mona,Phumanyova High School,,175,2023-06-06 00:00:00,Connect Data Projector,
249750.0,Zululand,Nongoma,Mona,Phumanyova High School,,176,2023-06-07 00:00:00,Connect Data Projector,
249750.0,Zululand,Nongoma,Mona,Phumanyova High School,,177,2023-06-08 00:00:00,Connect Data Projector,
249750.0,Zululand,Nongoma,Mona,Phumanyova High School,,178,2023-06-09 00:00:00,Connect Data Projector,
249750.0,Zululand,Nongoma,Mona,Phumanyova High School,,179,2023-06-10 00:00:00,Connect Data Projector,
249750.0,Zululand,Nongoma,Mona,Phumanyova High School,,180,2023-06-11 00:00:00,Connect Data Projector,
249750.0,Zululand,Nongoma,Mona,Phumanyova High School,,181,2023-06-12 00:00:00,Connect Data Projector,
249750.0,Zululand,Nongoma,Mona,Phumanyova High School,,182,2023-06-13 00:00:00,Connect Data Projector,
249750.0,Zululand,Nongoma,Mona,Phumanyova High School,,183,2023-06-14 00:00:00,Connect Data Projector,
249750.0,Zululand,Nongoma,Mona,Phumanyova High School,,184,2023-06-15 00:00:00,Connect Data Projector,
249750.0,Zululand,Nongoma,Mona,Phumanyova High School,,185,2023-06-16 00:00:00,Connect Data Projector,
249750.0,Zululand,Nongoma,Mona,Phumanyova High School,,186,2023-06-17 00:00:00,Connect Data Projector,
249750.0,Zululand,Nongoma,Mona,Phumanyova High School,,187,2023-06-18 00:00:00,Connect Data Projector,
249750.0,Zululand,Nongoma,Mona,Phumanyova High School,,188,2023-06-19 00:00:00,Connect Data Projector,
249750.0,Zululand,Nongoma,Mona,Phumanyova High School,,189,2023-06-20 00:00:00,Connect Data Projector,
249750.0,Zululand,Nongoma,Mona,Phumanyova High School,,190,2023-06-21 00:00:00,Connect Data Projector,
249750.0,Zululand,Nongoma,Mona,Phumanyova High School,,191,2023-06-22 00:00:00,Connect Data Projector,
249750.0,Zululand,Nongoma,Mona,Phumanyova High School,,192,2023-06-23 00:00:00,Connect Data Projector,
249750.0,Zululand,Nongoma,Mona,Phumanyova High School,,193,2023-06-24 00:00:00,Connect Data Projector,
249750.0,Zululand,Nongoma,Mona,Phumanyova High School,,194,2023-06-25 00:00:00,Connect Data Projector,
249750.0,Zululand,Nongoma,Mona,Phumanyova High School,,195,2023-06-26 00:00:00,Connect Data Projector,
249750.0,Zululand,Nongoma,Mona,Phumanyova High School,,196,2023-06-27 00:00:00,Connect Data Projector,
249750.0,Zululand,Nongoma,Mona,Phumanyova High School,,197,2023-06-28 00:00:00,Connect Data Projector,
249750.0,Zululand,Nongoma,Mona,Phumanyova High School,,198,2023-06-29 00:00:00,Connect Data Projector,
249750.0,Zululand,Nongoma,Mona,Phumanyova High School,,199,2023-06-30 00:00:00,Connect Data Projector,
249750.0,Zululand,Nongoma,Mona,Phumanyova High School,,200,2023-07-01 00:00:00,Connect Data Projector,
249750.0,Zululand,Nongoma,Mona,Phumanyova High School,,201,2023-07-02 00:00:00,Connect Data Projector,
249750.0,Zululand,Nongoma,Mona,Phumanyova High School,,202,2023-07-03 00:00:00,Connect Data Projector,
249750.0,Zululand,Nongoma,Mona,Phumanyova High School,,203,2023-07-04 00:00:00,Connect Data Projector,
249750.0,Zululand,Nongoma,Mona,Phumanyova High School,,204,2023-07-05 00:00:00,Interactive Flat Panel - Screen,
249750.0,Zululand,Nongoma,Mona,Phumanyova High School,,205,2023-07-06 00:00:00,20M HDMI Cables,
236763.0,Umgungundlovu,Vulindlela,Mpofana,Shea O'Connor Combined School ,Umgungundlovu,17,2023-07-07 00:00:00,Whiteboard,
236763.0,Umgungundlovu,Vulindlela,Mpofana,Shea O'Connor Combined School ,Umgungundlovu,9,2023-07-08 00:00:00,Parrot Projector Bracket,
236763.0,Umgungundlovu,Vulindlela,Mpofana,Shea O'Connor Combined School ,Umgungundlovu,1,2023-07-09 00:00:00,HDMI Cables,
236763.0,Umgungundlovu,Vulindlela,Mpofana,Shea O'Connor Combined School ,Umgungundlovu,1,2023-07-10 00:00:00,Interactive Screen,
236763.0,Umgungundlovu,Vulindlela,Mpofana,Shea O'Connor Combined School ,Umgungundlovu,200,2023-07-11 00:00:00,Whiteboard Marker,
236763.0,Umgungundlovu,Vulindlela,Mpofana,Shea O'Connor Combined School ,Umgungundlovu,1,2023-07-12 00:00:00,Access Point,
236763.0,Umgungundlovu,Vulindlela,Mpofana,Shea O'Connor Combined School ,Umgungundlovu,1,2023-07-13 00:00:00,Epson Data Projector,
236763.0,Umgungundlovu,Vulindlela,Mpofana,Shea O'Connor Combined School ,Umgungundlovu,1,2023-07-14 00:00:00,Epson Data Projector,
236763.0,Umgungundlovu,Vulindlela,Mpofana,Shea O'Connor Combined School ,Umgungundlovu,1,2023-07-15 00:00:00,Epson Data Projector,
236763.0,Umgungundlovu,Vulindlela,Mpofana,Shea O'Connor Combined School ,Umgungundlovu,1,2023-07-16 00:00:00,Epson Data Projector,
236763.0,Umgungundlovu,Vulindlela,Mpofana,Shea O'Connor Combined School ,Umgungundlovu,1,2023-07-17 00:00:00,Epson Data Projector,
236763.0,Umgungundlovu,Vulindlela,Mpofana,Shea O'Connor Combined School ,Umgungundlovu,1,2023-07-18 00:00:00,Epson Data Projector,
236763.0,Umgungundlovu,Vulindlela,Mpofana,Shea O'Connor Combined School ,Umgungundlovu,1,2023-07-19 00:00:00,Epson Data Projector,
236763.0,Umgungundlovu,Vulindlela,Mpofana,Shea O'Connor Combined School ,Umgungundlovu,8,2023-07-20 00:00:00,HDMI Cable,
236763.0,Umgungundlovu,Vulindlela,Mpofana,Shea O'Connor Combined School ,Umgungundlovu,8,2023-07-21 00:00:00,HDMI Cables,
236763.0,Umgungundlovu,Vulindlela,Mpofana,Shea O'Connor Combined School ,Umgungundlovu,1,2023-07-22 00:00:00,Lenovo Teacher Laptop,
236763.0,Umgungundlovu,Vulindlela,Mpofana,Shea O'Connor Combined School ,Umgungundlovu,1,2023-07-23 00:00:00,Lenovo Teacher Laptop,
236763.0,Umgungundlovu,Vulindlela,Mpofana,Shea O'Connor Combined School ,Umgungundlovu,1,2023-07-24 00:00:00,Lenovo Teacher Laptop,
236763.0,Umgungundlovu,Vulindlela,Mpofana,Shea O'Connor Combined School ,Umgungundlovu,1,2023-07-25 00:00:00,Lenovo Teacher Laptop,
236763.0,Umgungundlovu,Vulindlela,Mpofana,Shea O'Connor Combined School ,Umgungundlovu,1,2023-07-26 00:00:00,Lenovo Teacher Laptop,
236763.0,Umgungundlovu,Vulindlela,Mpofana,Shea O'Connor Combined School ,Umgungundlovu,1,2023-07-27 00:00:00,Lenovo Teacher Laptop,
236763.0,Umgungundlovu,Vulindlela,Mpofana,Shea O'Connor Combined School ,Umgungundlovu,1,2023-07-28 00:00:00,Lenovo Teacher Laptop,
236763.0,Umgungundlovu,Vulindlela,Mpofana,Shea O'Connor Combined School ,Umgungundlovu,1,2023-07-29 00:00:00,Lenovo Teacher Laptop,
236763.0,Umgungundlovu,Vulindlela,Mpofana,Shea O'Connor Combined School ,Umgungundlovu,1,2023-07-30 00:00:00,Lenovo Teacher Laptop,
236763.0,Umgungundlovu,Vulindlela,Mpofana,Shea O'Connor Combined School ,Umgungundlovu,1,2023-07-31 00:00:00,Lenovo Teacher Laptop,
236763.0,Umgungundlovu,Vulindlela,Mpofana,Shea O'Connor Combined School ,Umgungundlovu,1,2023-08-01 00:00:00,Lenovo Teacher Laptop,
236763.0,Umgungundlovu,Vulindlela,Mpofana,Shea O'Connor Combined School ,Umgungundlovu,1,2023-08-02 00:00:00,Lenovo Teacher Laptop,
236763.0,Umgungundlovu,Vulindlela,Mpofana,Shea O'Connor Combined School ,Umgungundlovu,1,2023-08-03 00:00:00,Lenovo Teacher Laptop,
236763.0,Umgungundlovu,Vulindlela,Mpofana,Shea O'Connor Combined School ,Umgungundlovu,1,2023-08-04 00:00:00,Lenovo Teacher Laptop,
236763.0,Umgungundlovu,Vulindlela,Mpofana,Shea O'Connor Combined School ,Umgungundlovu,1,2023-08-05 00:00:00,Lenovo Teacher Laptop,
236763.0,Umgungundlovu,Vulindlela,Mpofana,Shea O'Connor Combined School ,Umgungundlovu,1,2023-08-06 00:00:00,Lenovo Teacher Laptop,
236763.0,Umgungundlovu,Vulindlela,Mpofana,Shea O'Connor Combined School ,Umgungundlovu,1,2023-08-07 00:00:00,Lenovo Teacher Laptop,
236763.0,Umgungundlovu,Vulindlela,Mpofana,Shea O'Connor Combined School ,Umgungundlovu,1,2023-08-08 00:00:00,Lenovo Teacher Laptop,
236763.0,Umgungundlovu,Vulindlela,Mpofana,Shea O'Connor Combined School ,Umgungundlovu,1,2023-08-09 00:00:00,Lenovo Teacher Laptop,
236763.0,Umgungundlovu,Vulindlela,Mpofana,Shea O'Connor Combined School ,Umgungundlovu,1,2023-08-10 00:00:00,Lenovo Teacher Laptop,
236763.0,Umgungundlovu,Vulindlela,Mpofana,Shea O'Connor Combined School ,Umgungundlovu,1,2023-08-11 00:00:00,Lenovo Teacher Laptop,
236763.0,Umgungundlovu,Vulindlela,Mpofana,Shea O'Connor Combined School ,Umgungundlovu,1,2023-08-12 00:00:00,Lenovo Learner Laptop,
236763.0,Umgungundlovu,Vulindlela,Mpofana,Shea O'Connor Combined School ,Umgungundlovu,1,2023-08-13 00:00:00,Lenovo Learner Laptop,
236763.0,Umgungundlovu,Vulindlela,Mpofana,Shea O'Connor Combined School ,Umgungundlovu,1,2023-08-14 00:00:00,Lenovo Learner Laptop,
236763.0,Umgungundlovu,Vulindlela,Mpofana,Shea O'Connor Combined School ,Umgungundlovu,1,2023-08-15 00:00:00,Lenovo Learner Laptop,
236763.0,Umgungundlovu,Vulindlela,Mpofana,Shea O'Connor Combined School ,Umgungundlovu,1,2023-08-16 00:00:00,Lenovo Learner Laptop,
236763.0,Umgungundlovu,Vulindlela,Mpofana,Shea O'Connor Combined School ,Umgungundlovu,1,2023-08-17 00:00:00,Lenovo Learner Laptop,
236763.0,Umgungundlovu,Vulindlela,Mpofana,Shea O'Connor Combined School ,Umgungundlovu,1,2023-08-18 00:00:00,Lenovo Learner Laptop,
236763.0,Umgungundlovu,Vulindlela,Mpofana,Shea O'Connor Combined School ,Umgungundlovu,1,2023-08-19 00:00:00,Lenovo Learner Laptop,
236763.0,Umgungundlovu,Vulindlela,Mpofana,Shea O'Connor Combined School ,Umgungundlovu,1,2023-08-20 00:00:00,Lenovo Learner Laptop,
236763.0,Umgungundlovu,Vulindlela,Mpofana,Shea O'Connor Combined School ,Umgungundlovu,1,2023-08-21 00:00:00,Lenovo Learner Laptop,
236763.0,Umgungundlovu,Vulindlela,Mpofana,Shea O'Connor Combined School ,Umgungundlovu,1,2023-08-22 00:00:00,Lenovo Learner Laptop,
236763.0,Umgungundlovu,Vulindlela,Mpofana,Shea O'Connor Combined School ,Umgungundlovu,1,2023-08-23 00:00:00,Lenovo Learner Laptop,
236763.0,Umgungundlovu,Vulindlela,Mpofana,Shea O'Connor Combined School ,Umgungundlovu,1,2023-08-24 00:00:00,Lenovo Learner Laptop,
236763.0,Umgungundlovu,Vulindlela,Mpofana,Shea O'Connor Combined School ,Umgungundlovu,1,2023-08-25 00:00:00,Lenovo Learner Laptop,
236763.0,Umgungundlovu,Vulindlela,Mpofana,Shea O'Connor Combined School ,Umgungundlovu,1,2023-08-26 00:00:00,Lenovo Learner Laptop,
236763.0,Umgungundlovu,Vulindlela,Mpofana,Shea O'Connor Combined School ,Umgungundlovu,1,2023-08-27 00:00:00,Lenovo Learner Laptop,
236763.0,Umgungundlovu,Vulindlela,Mpofana,Shea O'Connor Combined School ,Umgungundlovu,1,2023-08-28 00:00:00,Lenovo Learner Laptop,
236763.0,Umgungundlovu,Vulindlela,Mpofana,Shea O'Connor Combined School ,Umgungundlovu,1,2023-08-29 00:00:00,Lenovo Learner Laptop,
236763.0,Umgungundlovu,Vulindlela,Mpofana,Shea O'Connor Combined School ,Umgungundlovu,1,2023-08-30 00:00:00,Lenovo Learner Laptop,
236763.0,Umgungundlovu,Vulindlela,Mpofana,Shea O'Connor Combined School ,Umgungundlovu,1,2023-08-31 00:00:00,Lenovo Learner Laptop,
236763.0,Umgungundlovu,Vulindlela,Mpofana,Shea O'Connor Combined School ,Umgungundlovu,1,2023-09-01 00:00:00,Lenovo Learner Laptop,
236763.0,Umgungundlovu,Vulindlela,Mpofana,Shea O'Connor Combined School ,Umgungundlovu,1,2023-09-02 00:00:00,Lenovo Learner Laptop,
236763.0,Umgungundlovu,Vulindlela,Mpofana,Shea O'Connor Combined School ,Umgungundlovu,1,2023-09-03 00:00:00,Lenovo Learner Laptop,
236763.0,Umgungundlovu,Vulindlela,Mpofana,Shea O'Connor Combined School ,Umgungundlovu,1,2023-09-04 00:00:00,Lenovo Learner Laptop,
236763.0,Umgungundlovu,Vulindlela,Mpofana,Shea O'Connor Combined School ,Umgungundlovu,1,2023-09-05 00:00:00,Lenovo Learner Laptop,
236763.0,Umgungundlovu,Vulindlela,Mpofana,Shea O'Connor Combined School ,Umgungundlovu,1,2023-09-06 00:00:00,Charging Trolley,
236763.0,Umgungundlovu,Vulindlela,Mpofana,Shea O'Connor Combined School ,Umgungundlovu,1,2023-09-07 00:00:00,Ultra short throw Projector,
236763.0,Umgungundlovu,Vulindlela,Mpofana,Shea O'Connor Combined School ,Umgungundlovu,1,2023-09-08 00:00:00,Epson Data Projector,
236763.0,Umgungundlovu,Vulindlela,Mpofana,Shea O'Connor Combined School ,Umgungundlovu,1,2023-09-09 00:00:00,Epson Data Projector,
236763.0,Umgungundlovu,Vulindlela,Mpofana,Shea O'Connor Combined School ,Umgungundlovu,1,2023-09-10 00:00:00,Epson Data Projector,
236763.0,Umgungundlovu,Vulindlela,Mpofana,Shea O'Connor Combined School ,Umgungundlovu,1,2023-09-11 00:00:00,Epson Data Projector,
236763.0,Umgungundlovu,Vulindlela,Mpofana,Shea O'Connor Combined School ,Umgungundlovu,1,2023-09-12 00:00:00,Epson Data Projector,
236763.0,Umgungundlovu,Vulindlela,Mpofana,Shea O'Connor Combined School ,Umgungundlovu,1,2023-09-13 00:00:00,Epson Data Projector,
236763.0,Umgungundlovu,Vulindlela,Mpofana,Shea O'Connor Combined School ,Umgungundlovu,1,2023-09-14 00:00:00,Epson Data Projector,
236763.0,Umgungundlovu,Vulindlela,Mpofana,Shea O'Connor Combined School ,Umgungundlovu,1,2023-09-15 00:00:00,Epson Data Projector,
236763.0,Umgungundlovu,Vulindlela,Mpofana,Shea O'Connor Combined School ,Umgungundlovu,1,2023-09-16 00:00:00,Epson Data Projector,
236763.0,Umgungundlovu,Vulindlela,Mpofana,Shea O'Connor Combined School ,Umgungundlovu,1,2023-09-17 00:00:00,Ultra short throw Bracket,
236763.0,Umgungundlovu,Vulindlela,Mpofana,Shea O'Connor Combined School ,Umgungundlovu,7,2023-09-18 00:00:00,Parrot Projector Bracket,
268213.0,Ilembe,Ndwedwe,Ndwedwe,Sisebenzile Secondary School,,1,2023-09-19 00:00:00,,
268213.0,Ilembe,Ndwedwe,Ndwedwe,Sisebenzile Secondary School,,2,2023-09-20 00:00:00,,
268213.0,Ilembe,Ndwedwe,Ndwedwe,Sisebenzile Secondary School,,3,2023-09-21 00:00:00,,
268213.0,Ilembe,Ndwedwe,Ndwedwe,Sisebenzile Secondary School,,4,2023-09-22 00:00:00,,SPF3K49Y7
268213.0,Ilembe,Ndwedwe,Ndwedwe,Sisebenzile Secondary School,,5,2023-09-23 00:00:00,,SPF3JWCSP
268213.0,Ilembe,Ndwedwe,Ndwedwe,Sisebenzile Secondary School,,6,2023-09-24 00:00:00,,SPF3G70MB
268213.0,Ilembe,Ndwedwe,Ndwedwe,Sisebenzile Secondary School,,7,2023-09-25 00:00:00,,SPF3JWND1
268213.0,Ilembe,Ndwedwe,Ndwedwe,Sisebenzile Secondary School,,8,2023-09-26 00:00:00,,SPF3G6Y9B
268213.0,Ilembe,Ndwedwe,Ndwedwe,Sisebenzile Secondary School,,9,2023-09-27 00:00:00,,SPF3G6W3F
268213.0,Ilembe,Ndwedwe,Ndwedwe,Sisebenzile Secondary School,,10,2023-09-28 00:00:00,,SPF3G754L
268213.0,Ilembe,Ndwedwe,Ndwedwe,Sisebenzile Secondary School,,11,2023-09-29 00:00:00,,SPF3G79KY
268213.0,Ilembe,Ndwedwe,Ndwedwe,Sisebenzile Secondary School,,12,2023-09-30 00:00:00,,SPF3G7542
268213.0,Ilembe,Ndwedwe,Ndwedwe,Sisebenzile Secondary School,,13,2023-10-01 00:00:00,,SPF3G6YBX
268213.0,Ilembe,Ndwedwe,Ndwedwe,Sisebenzile Secondary School,,14,2023-10-02 00:00:00,,SPF3G72XX
268213.0,Ilembe,Ndwedwe,Ndwedwe,Sisebenzile Secondary School,,15,2023-10-03 00:00:00,,SPF3G72WZ
268213.0,Ilembe,Ndwedwe,Ndwedwe,Sisebenzile Secondary School,,16,2023-10-04 00:00:00,,SPF3JWS7T
268213.0,Ilembe,Ndwedwe,Ndwedwe,Sisebenzile Secondary School,,17,2023-10-05 00:00:00,,SPF3G72TJ
268213.0,Ilembe,Ndwedwe,Ndwedwe,Sisebenzile Secondary School,,18,2023-10-06 00:00:00,,SPF3G6W22
268213.0,Ilembe,Ndwedwe,Ndwedwe,Sisebenzile Secondary School,,19,2023-10-07 00:00:00,,SPF3G79KT
268213.0,Ilembe,Ndwedwe,Ndwedwe,Sisebenzile Secondary School,,20,2023-10-08 00:00:00,,SPF3G7527
268213.0,Ilembe,Ndwedwe,Ndwedwe,Sisebenzile Secondary School,,21,2023-10-09 00:00:00,,SPF3G79MS
268213.0,Ilembe,Ndwedwe,Ndwedwe,Sisebenzile Secondary School,,22,2023-10-10 00:00:00,,SPF3G7GGN
268213.0,Ilembe,Ndwedwe,Ndwedwe,Sisebenzile Secondary School,,23,2023-10-11 00:00:00,,SPF3G72WS
268213.0,Ilembe,Ndwedwe,Ndwedwe,Sisebenzile Secondary School,,24,2023-10-12 00:00:00,,SPF3G79L2
268213.0,Ilembe,Ndwedwe,Ndwedwe,Sisebenzile Secondary School,,25,2023-10-13 00:00:00,,SPF3G76FF
268213.0,Ilembe,Ndwedwe,Ndwedwe,Sisebenzile Secondary School,,26,2023-10-14 00:00:00,,SPF3G79K2
268213.0,Ilembe,Ndwedwe,Ndwedwe,Sisebenzile Secondary School,,27,2023-10-15 00:00:00,,SPF3G79L6
268213.0,Ilembe,Ndwedwe,Ndwedwe,Sisebenzile Secondary School,,28,2023-10-16 00:00:00,,SPF3G7GGO
268213.0,Ilembe,Ndwedwe,Ndwedwe,Sisebenzile Secondary School,,29,2023-10-17 00:00:00,,SPF3EKE1M
268213.0,Ilembe,Ndwedwe,Ndwedwe,Sisebenzile Secondary School,,30,2023-10-18 00:00:00,,SPF3G8RY2
268213.0,Ilembe,Ndwedwe,Ndwedwe,Sisebenzile Secondary School,,31,2023-10-19 00:00:00,,SPF3EKBRJ
268213.0,Ilembe,Ndwedwe,Ndwedwe,Sisebenzile Secondary School,,32,2023-10-20 00:00:00,,SPF3G8B0F
268213.0,Ilembe,Ndwedwe,Ndwedwe,Sisebenzile Secondary School,,33,2023-10-21 00:00:00,,SPF3EKTLE
268213.0,Ilembe,Ndwedwe,Ndwedwe,Sisebenzile Secondary School,,34,2023-10-22 00:00:00,,SPF3K90SJ
268213.0,Ilembe,Ndwedwe,Ndwedwe,Sisebenzile Secondary School,,35,2023-10-23 00:00:00,,SPF3JWNER
268213.0,Ilembe,Ndwedwe,Ndwedwe,Sisebenzile Secondary School,,36,2023-10-24 00:00:00,,SPF3GGW4F
268213.0,Ilembe,Ndwedwe,Ndwedwe,Sisebenzile Secondary School,,37,2023-10-25 00:00:00,,SPF3G75SL
268213.0,Ilembe,Ndwedwe,Ndwedwe,Sisebenzile Secondary School,,38,2023-10-26 00:00:00,,SPF3G753Q
268213.0,Ilembe,Ndwedwe,Ndwedwe,Sisebenzile Secondary School,,39,2023-10-27 00:00:00,,SPF3G7GF
268213.0,Ilembe,Ndwedwe,Ndwedwe,Sisebenzile Secondary School,,40,2023-10-28 00:00:00,,SPF3G753H
268213.0,Ilembe,Ndwedwe,Ndwedwe,Sisebenzile Secondary School,,41,2023-10-29 00:00:00,,SPF3G77C5
268213.0,Ilembe,Ndwedwe,Ndwedwe,Sisebenzile Secondary School,,42,2023-10-30 00:00:00,,SPF3G79MC
268213.0,Ilembe,Ndwedwe,Ndwedwe,Sisebenzile Secondary School,,43,2023-10-31 00:00:00,,SPF3G79MJ
268213.0,Ilembe,Ndwedwe,Ndwedwe,Sisebenzile Secondary School,,44,2023-11-01 00:00:00,,95XD1000091H04620646
268213.0,Ilembe,Ndwedwe,Ndwedwe,Sisebenzile Secondary School,,45,2023-11-02 00:00:00,,SPF3K20SD
268213.0,Ilembe,Ndwedwe,Ndwedwe,Sisebenzile Secondary School,,46,2023-11-03 00:00:00,,SPF3K2YJ6
268213.0,Ilembe,Ndwedwe,Ndwedwe,Sisebenzile Secondary School,,47,2023-11-04 00:00:00,,SPF3K724A
268213.0,Ilembe,Ndwedwe,Ndwedwe,Sisebenzile Secondary School,,48,2023-11-05 00:00:00,,SPF3K6FQ5
268213.0,Ilembe,Ndwedwe,Ndwedwe,Sisebenzile Secondary School,,49,2023-11-06 00:00:00,,SPF3G6W1Y
268213.0,Ilembe,Ndwedwe,Ndwedwe,Sisebenzile Secondary School,,50,2023-11-07 00:00:00,,SPF3G6Y9T
268213.0,Ilembe,Ndwedwe,Ndwedwe,Sisebenzile Secondary School,,51,2023-11-08 00:00:00,,SPF3G7ZEY
268213.0,Ilembe,Ndwedwe,Ndwedwe,Sisebenzile Secondary School,,52,2023-11-09 00:00:00,,SPF3G6W2E
268213.0,Ilembe,Ndwedwe,Ndwedwe,Sisebenzile Secondary School,,53,2023-11-10 00:00:00,,SPF3JWSBD
268213.0,Ilembe,Ndwedwe,Ndwedwe,Sisebenzile Secondary School,,54,2023-11-11 00:00:00,,SPF3G7OKP
268213.0,Ilembe,Ndwedwe,Ndwedwe,Sisebenzile Secondary School,,55,2023-11-12 00:00:00,,SPF3G6YCP
268213.0,Ilembe,Ndwedwe,Ndwedwe,Sisebenzile Secondary School,,56,2023-11-13 00:00:00,,SPF3G7539
268213.0,Ilembe,Ndwedwe,Ndwedwe,Sisebenzile Secondary School,,57,2023-11-14 00:00:00,,SPF3G6TMQ
268213.0,Ilembe,Ndwedwe,Ndwedwe,Sisebenzile Secondary School,,58,2023-11-15 00:00:00,,SPF3G72XG
268213.0,Ilembe,Ndwedwe,Ndwedwe,Sisebenzile Secondary School,,59,2023-11-16 00:00:00,,SPF3JW8XA
268213.0,Ilembe,Ndwedwe,Ndwedwe,Sisebenzile Secondary School,,60,2023-11-17 00:00:00,,SPF3G755T
268213.0,Ilembe,Ndwedwe,Ndwedwe,Sisebenzile Secondary School,,61,2023-11-18 00:00:00,,SPF3G70J2
268213.0,Ilembe,Ndwedwe,Ndwedwe,Sisebenzile Secondary School,,62,2023-11-19 00:00:00,,SPF3G8NA5
268213.0,Ilembe,Ndwedwe,Ndwedwe,Sisebenzile Secondary School,,63,2023-11-20 00:00:00,,SPF3G70LK
268213.0,Ilembe,Ndwedwe,Ndwedwe,Sisebenzile Secondary School,,64,2023-11-21 00:00:00,,SPF3G72W2
268213.0,Ilembe,Ndwedwe,Ndwedwe,Sisebenzile Secondary School,,65,2023-11-22 00:00:00,,SPF3EK2KV
268213.0,Ilembe,Ndwedwe,Ndwedwe,Sisebenzile Secondary School,,66,2023-11-23 00:00:00,,SPF3K4V4B
268213.0,Ilembe,Ndwedwe,Ndwedwe,Sisebenzile Secondary School,,67,2023-11-24 00:00:00,,SPF3G72WD
268213.0,Ilembe,Ndwedwe,Ndwedwe,Sisebenzile Secondary School,,68,2023-11-25 00:00:00,,SPF3K4GV0
268213.0,Ilembe,Ndwedwe,Ndwedwe,Sisebenzile Secondary School,,69,2023-11-26 00:00:00,,SPF3G72TV
268213.0,Ilembe,Ndwedwe,Ndwedwe,Sisebenzile Secondary School,,70,2023-11-27 00:00:00,,SPF31W8X2
268213.0,Ilembe,Ndwedwe,Ndwedwe,Sisebenzile Secondary School,,71,2023-11-28 00:00:00,,SPF3G7561
268213.0,Ilembe,Ndwedwe,Ndwedwe,Sisebenzile Secondary School,,72,2023-11-29 00:00:00,,V12HA06A06
268213.0,Ilembe,Ndwedwe,Ndwedwe,Sisebenzile Secondary School,,73,2023-11-30 00:00:00,,X8912500817
268213.0,Ilembe,Ndwedwe,Ndwedwe,Sisebenzile Secondary School,,74,2023-12-01 00:00:00,,X88U2500109
268213.0,Ilembe,Ndwedwe,Ndwedwe,Sisebenzile Secondary School,,75,2023-12-02 00:00:00,,X88U2500058
268213.0,Ilembe,Ndwedwe,Ndwedwe,Sisebenzile Secondary School,,76,2023-12-03 00:00:00,,X88U2500001
268213.0,Ilembe,Ndwedwe,Ndwedwe,Sisebenzile Secondary School,,77,2023-12-04 00:00:00,,X88U2500130
268213.0,Ilembe,Ndwedwe,Ndwedwe,Sisebenzile Secondary School,,78,2023-12-05 00:00:00,,X88U2500106
268213.0,Ilembe,Ndwedwe,Ndwedwe,Sisebenzile Secondary School,,79,2023-12-06 00:00:00,,X8872203989
268213.0,Ilembe,Ndwedwe,Ndwedwe,Sisebenzile Secondary School,,80,2023-12-07 00:00:00,,X8872501370
268213.0,Ilembe,Ndwedwe,Ndwedwe,Sisebenzile Secondary School,,81,2023-12-08 00:00:00,,X88U2500105
268213.0,Ilembe,Ndwedwe,Ndwedwe,Sisebenzile Secondary School,,82,2023-12-09 00:00:00,,X8872501535
268213.0,Ilembe,Ndwedwe,Ndwedwe,Sisebenzile Secondary School,,83,2023-12-10 00:00:00,,X8972500886
268213.0,Ilembe,Ndwedwe,Ndwedwe,Sisebenzile Secondary School,,84,2023-12-11 00:00:00,,X8972500955
268213.0,Ilembe,Ndwedwe,Ndwedwe,Sisebenzile Secondary School,,85,2023-12-12 00:00:00,,X8872203950
268213.0,Ilembe,Ndwedwe,Ndwedwe,Sisebenzile Secondary School,,86,2023-12-13 00:00:00,,X8972501801
268213.0,Ilembe,Ndwedwe,Ndwedwe,Sisebenzile Secondary School,,87,2023-12-14 00:00:00,,X8972500999
268213.0,Ilembe,Ndwedwe,Ndwedwe,Sisebenzile Secondary School,,88,2023-12-15 00:00:00,,X8872501367
268213.0,Ilembe,Ndwedwe,Ndwedwe,Sisebenzile Secondary School,,89,2023-12-16 00:00:00,,X88U2500060
268213.0,Ilembe,Ndwedwe,Ndwedwe,Sisebenzile Secondary School,,90,2023-12-17 00:00:00,,X88U2500098
268213.0,Ilembe,Ndwedwe,Ndwedwe,Sisebenzile Secondary School,,91,2023-12-18 00:00:00,,X8872501368
268213.0,Ilembe,Ndwedwe,Ndwedwe,Sisebenzile Secondary School,,92,2023-12-19 00:00:00,,X8W81Y01801
268213.0,Ilembe,Ndwedwe,Ndwedwe,Sisebenzile Secondary School,,93,2023-12-20 00:00:00,,
268213.0,Ilembe,Ndwedwe,Ndwedwe,Sisebenzile Secondary School,,94,2023-12-21 00:00:00,,X8912500917
268213.0,Ilembe,Ndwedwe,Ndwedwe,Sisebenzile Secondary School,,95,2023-12-22 00:00:00,,SPF3F1MKW
268213.0,Ilembe,Ndwedwe,Ndwedwe,Sisebenzile Secondary School,,96,2023-12-23 00:00:00,,
268213.0,Ilembe,Ndwedwe,Ndwedwe,Sisebenzile Secondary School,,97,2023-12-24 00:00:00,,
268213.0,Ilembe,Ndwedwe,Ndwedwe,Sisebenzile Secondary School,,98,2023-12-25 00:00:00,,
268879.0,Pinetown,Durban Northwest,Kranskloof,Sithokozile Secondary School,,1,2023-12-26 00:00:00,,
268879.0,Pinetown,Durban Northwest,Kranskloof,Sithokozile Secondary School,,2,2023-12-27 00:00:00,,
268879.0,Pinetown,Durban Northwest,Kranskloof,Sithokozile Secondary School,,3,2023-12-28 00:00:00,,
268879.0,Pinetown,Durban Northwest,Kranskloof,Sithokozile Secondary School,,4,2023-12-29 00:00:00,,
268879.0,Pinetown,Durban Northwest,Kranskloof,Sithokozile Secondary School,,5,2023-12-30 00:00:00,,
268879.0,Pinetown,Durban Northwest,Kranskloof,Sithokozile Secondary School,,6,2023-12-31 00:00:00,,spf3e3J23
268879.0,Pinetown,Durban Northwest,Kranskloof,Sithokozile Secondary School,,7,2024-01-01 00:00:00,,spf3dxw1d
268879.0,Pinetown,Durban Northwest,Kranskloof,Sithokozile Secondary School,,8,2024-01-02 00:00:00,,spf3dwgmn
268879.0,Pinetown,Durban Northwest,Kranskloof,Sithokozile Secondary School,,9,2024-01-03 00:00:00,,spf3e3z2m
268879.0,Pinetown,Durban Northwest,Kranskloof,Sithokozile Secondary School,,10,2024-01-04 00:00:00,,spf3dwebz
268879.0,Pinetown,Durban Northwest,Kranskloof,Sithokozile Secondary School,,11,2024-01-05 00:00:00,,spf3es3bl
268879.0,Pinetown,Durban Northwest,Kranskloof,Sithokozile Secondary School,,12,2024-01-06 00:00:00,,spf3ev4pq
268879.0,Pinetown,Durban Northwest,Kranskloof,Sithokozile Secondary School,,13,2024-01-07 00:00:00,,spf3ev4pk
268879.0,Pinetown,Durban Northwest,Kranskloof,Sithokozile Secondary School,,14,2024-01-08 00:00:00,,spf3e3xrr
268879.0,Pinetown,Durban Northwest,Kranskloof,Sithokozile Secondary School,,15,2024-01-09 00:00:00,,spf3ee038
268879.0,Pinetown,Durban Northwest,Kranskloof,Sithokozile Secondary School,,16,2024-01-10 00:00:00,,spf3ee5tc
268879.0,Pinetown,Durban Northwest,Kranskloof,Sithokozile Secondary School,,17,2024-01-11 00:00:00,,spf3dwayf
268879.0,Pinetown,Durban Northwest,Kranskloof,Sithokozile Secondary School,,18,2024-01-12 00:00:00,,spf3dwasw
268879.0,Pinetown,Durban Northwest,Kranskloof,Sithokozile Secondary School,,19,2024-01-13 00:00:00,,spf3fb3qd
268879.0,Pinetown,Durban Northwest,Kranskloof,Sithokozile Secondary School,,20,2024-01-14 00:00:00,,spf3fpspm
268879.0,Pinetown,Durban Northwest,Kranskloof,Sithokozile Secondary School,,21,2024-01-15 00:00:00,,spf3e3l44
268879.0,Pinetown,Durban Northwest,Kranskloof,Sithokozile Secondary School,,22,2024-01-16 00:00:00,,spf3e401s
268879.0,Pinetown,Durban Northwest,Kranskloof,Sithokozile Secondary School,,23,2024-01-17 00:00:00,,spf3fcya4
268879.0,Pinetown,Durban Northwest,Kranskloof,Sithokozile Secondary School,,24,2024-01-18 00:00:00,,spf3ec99j
268879.0,Pinetown,Durban Northwest,Kranskloof,Sithokozile Secondary School,,25,2024-01-19 00:00:00,,spf3fcy9c
268879.0,Pinetown,Durban Northwest,Kranskloof,Sithokozile Secondary School,,26,2024-01-20 00:00:00,,spf3fpbzh
268879.0,Pinetown,Durban Northwest,Kranskloof,Sithokozile Secondary School,,27,2024-01-21 00:00:00,,spf3ev358
268879.0,Pinetown,Durban Northwest,Kranskloof,Sithokozile Secondary School,,28,2024-01-22 00:00:00,,spf3eedzt
268879.0,Pinetown,Durban Northwest,Kranskloof,Sithokozile Secondary School,,29,2024-01-23 00:00:00,,spf3fp4p3
268879.0,Pinetown,Durban Northwest,Kranskloof,Sithokozile Secondary School,,30,2024-01-24 00:00:00,,spf3fp9ty
268879.0,Pinetown,Durban Northwest,Kranskloof,Sithokozile Secondary School,,31,2024-01-25 00:00:00,,spf3dxtek
268879.0,Pinetown,Durban Northwest,Kranskloof,Sithokozile Secondary School,,32,2024-01-26 00:00:00,,spf3dxt01
268879.0,Pinetown,Durban Northwest,Kranskloof,Sithokozile Secondary School,,33,2024-01-27 00:00:00,,spf3es6q0
268879.0,Pinetown,Durban Northwest,Kranskloof,Sithokozile Secondary School,,34,2024-01-28 00:00:00,,spf3frwz0
268879.0,Pinetown,Durban Northwest,Kranskloof,Sithokozile Secondary School,,35,2024-01-29 00:00:00,,spf3ec99r
268879.0,Pinetown,Durban Northwest,Kranskloof,Sithokozile Secondary School,,36,2024-01-30 00:00:00,,spf3e3nbz
268879.0,Pinetown,Durban Northwest,Kranskloof,Sithokozile Secondary School,,37,2024-01-31 00:00:00,,spf3fp7t6
268879.0,Pinetown,Durban Northwest,Kranskloof,Sithokozile Secondary School,,38,2024-02-01 00:00:00,,spf3e3dhk
268879.0,Pinetown,Durban Northwest,Kranskloof,Sithokozile Secondary School,,39,2024-02-02 00:00:00,,spf3ec9c7
268879.0,Pinetown,Durban Northwest,Kranskloof,Sithokozile Secondary School,,40,2024-02-03 00:00:00,,spf3ec981
268879.0,Pinetown,Durban Northwest,Kranskloof,Sithokozile Secondary School,,41,2024-02-04 00:00:00,,spf3fanml
268879.0,Pinetown,Durban Northwest,Kranskloof,Sithokozile Secondary School,,42,2024-02-05 00:00:00,,spf3es7rf
268879.0,Pinetown,Durban Northwest,Kranskloof,Sithokozile Secondary School,,43,2024-02-06 00:00:00,,spf3fp6nb
268879.0,Pinetown,Durban Northwest,Kranskloof,Sithokozile Secondary School,,44,2024-02-07 00:00:00,,spf3dwgrr
268879.0,Pinetown,Durban Northwest,Kranskloof,Sithokozile Secondary School,,45,2024-02-08 00:00:00,,spf3es1za
268879.0,Pinetown,Durban Northwest,Kranskloof,Sithokozile Secondary School,,46,2024-02-09 00:00:00,,spf3fnwy5
268879.0,Pinetown,Durban Northwest,Kranskloof,Sithokozile Secondary School,,47,2024-02-10 00:00:00,,spf3fnx1m
268879.0,Pinetown,Durban Northwest,Kranskloof,Sithokozile Secondary School,,48,2024-02-11 00:00:00,,spf3dware
268879.0,Pinetown,Durban Northwest,Kranskloof,Sithokozile Secondary School,,49,2024-02-12 00:00:00,,spf3fnx1e
268879.0,Pinetown,Durban Northwest,Kranskloof,Sithokozile Secondary School,,50,2024-02-13 00:00:00,,spf3fcyfy
268879.0,Pinetown,Durban Northwest,Kranskloof,Sithokozile Secondary School,,51,2024-02-14 00:00:00,,spf3ecxxx
268879.0,Pinetown,Durban Northwest,Kranskloof,Sithokozile Secondary School,,52,2024-02-15 00:00:00,,spf3eryjr
268879.0,Pinetown,Durban Northwest,Kranskloof,Sithokozile Secondary School,,53,2024-02-16 00:00:00,,spf3dwg4m
268879.0,Pinetown,Durban Northwest,Kranskloof,Sithokozile Secondary School,,54,2024-02-17 00:00:00,,spf3ec8m6
268879.0,Pinetown,Durban Northwest,Kranskloof,Sithokozile Secondary School,,55,2024-02-18 00:00:00,,spf3ec7g8
268879.0,Pinetown,Durban Northwest,Kranskloof,Sithokozile Secondary School,,56,2024-02-19 00:00:00,,spf3e3wja
268879.0,Pinetown,Durban Northwest,Kranskloof,Sithokozile Secondary School,,57,2024-02-20 00:00:00,,spf3e3xv2
268879.0,Pinetown,Durban Northwest,Kranskloof,Sithokozile Secondary School,,58,2024-02-21 00:00:00,,spf3dxta1
268879.0,Pinetown,Durban Northwest,Kranskloof,Sithokozile Secondary School,,59,2024-02-22 00:00:00,,spf3es3d4
268879.0,Pinetown,Durban Northwest,Kranskloof,Sithokozile Secondary School,,60,2024-02-23 00:00:00,,spf3ecx59
268879.0,Pinetown,Durban Northwest,Kranskloof,Sithokozile Secondary School,,61,2024-02-24 00:00:00,,spf3erylf
268879.0,Pinetown,Durban Northwest,Kranskloof,Sithokozile Secondary School,,62,2024-02-25 00:00:00,,spf3e3l14
268879.0,Pinetown,Durban Northwest,Kranskloof,Sithokozile Secondary School,,63,2024-02-26 00:00:00,,spf3e425q
268879.0,Pinetown,Durban Northwest,Kranskloof,Sithokozile Secondary School,,64,2024-02-27 00:00:00,,spf3erys0
268879.0,Pinetown,Durban Northwest,Kranskloof,Sithokozile Secondary School,,65,2024-02-28 00:00:00,,spf3dw8re
268879.0,Pinetown,Durban Northwest,Kranskloof,Sithokozile Secondary School,,66,2024-02-29 00:00:00,,spf3fpkvh
268879.0,Pinetown,Durban Northwest,Kranskloof,Sithokozile Secondary School,,67,2024-03-01 00:00:00,,spf3dkw20
268879.0,Pinetown,Durban Northwest,Kranskloof,Sithokozile Secondary School,,68,2024-03-02 00:00:00,,spf3fdxfh
268879.0,Pinetown,Durban Northwest,Kranskloof,Sithokozile Secondary School,,69,2024-03-03 00:00:00,,spf3e3xn8
268879.0,Pinetown,Durban Northwest,Kranskloof,Sithokozile Secondary School,,70,2024-03-04 00:00:00,,spf3ev371
268879.0,Pinetown,Durban Northwest,Kranskloof,Sithokozile Secondary School,,71,2024-03-05 00:00:00,,spf3dw8p8
268879.0,Pinetown,Durban Northwest,Kranskloof,Sithokozile Secondary School,,72,2024-03-06 00:00:00,,spf3eryhl
268879.0,Pinetown,Durban Northwest,Kranskloof,Sithokozile Secondary School,,73,2024-03-07 00:00:00,,spf3dygsk
268879.0,Pinetown,Durban Northwest,Kranskloof,Sithokozile Secondary School,,74,2024-03-08 00:00:00,,spf3e3vmf
268879.0,Pinetown,Durban Northwest,Kranskloof,Sithokozile Secondary School,,75,2024-03-09 00:00:00,,spf3fnrei
268879.0,Pinetown,Durban Northwest,Kranskloof,Sithokozile Secondary School,,76,2024-03-10 00:00:00,,spf3e3vmv
268879.0,Pinetown,Durban Northwest,Kranskloof,Sithokozile Secondary School,,77,2024-03-11 00:00:00,,spf3dw8qd
268879.0,Pinetown,Durban Northwest,Kranskloof,Sithokozile Secondary School,,78,2024-03-12 00:00:00,,spf3frwz8
268879.0,Pinetown,Durban Northwest,Kranskloof,Sithokozile Secondary School,,79,2024-03-13 00:00:00,,spf3dxvm7
268879.0,Pinetown,Durban Northwest,Kranskloof,Sithokozile Secondary School,,80,2024-03-14 00:00:00,,spf3dwaen
268879.0,Pinetown,Durban Northwest,Kranskloof,Sithokozile Secondary School,,81,2024-03-15 00:00:00,,spf3e3z3f
268879.0,Pinetown,Durban Northwest,Kranskloof,Sithokozile Secondary School,,82,2024-03-16 00:00:00,,spf3fp9zj
268879.0,Pinetown,Durban Northwest,Kranskloof,Sithokozile Secondary School,,83,2024-03-17 00:00:00,,spf3e3npw
268879.0,Pinetown,Durban Northwest,Kranskloof,Sithokozile Secondary School,,84,2024-03-18 00:00:00,,spf3dwdct
268879.0,Pinetown,Durban Northwest,Kranskloof,Sithokozile Secondary School,,85,2024-03-19 00:00:00,,spf3fcylf
268879.0,Pinetown,Durban Northwest,Kranskloof,Sithokozile Secondary School,,86,2024-03-20 00:00:00,,
268879.0,Pinetown,Durban Northwest,Kranskloof,Sithokozile Secondary School,,87,2024-03-21 00:00:00,,X8VX1401290
268879.0,Pinetown,Durban Northwest,Kranskloof,Sithokozile Secondary School,,88,2024-03-22 00:00:00,,X9hQ1Y09061
268879.0,Pinetown,Durban Northwest,Kranskloof,Sithokozile Secondary School,,89,2024-03-23 00:00:00,,
268879.0,Pinetown,Durban Northwest,Kranskloof,Sithokozile Secondary School,,90,2024-03-24 00:00:00,,
268879.0,Pinetown,Durban Northwest,Kranskloof,Sithokozile Secondary School,,91,2024-03-25 00:00:00,,x88u2600586
268879.0,Pinetown,Durban Northwest,Kranskloof,Sithokozile Secondary School,,92,2024-03-26 00:00:00,,x88u2600047
268879.0,Pinetown,Durban Northwest,Kranskloof,Sithokozile Secondary School,,93,2024-03-27 00:00:00,,x88u2600510
268879.0,Pinetown,Durban Northwest,Kranskloof,Sithokozile Secondary School,,94,2024-03-28 00:00:00,,x88u2600519
268879.0,Pinetown,Durban Northwest,Kranskloof,Sithokozile Secondary School,,95,2024-03-29 00:00:00,,x88u2600594
268879.0,Pinetown,Durban Northwest,Kranskloof,Sithokozile Secondary School,,96,2024-03-30 00:00:00,,x88u2600634
268879.0,Pinetown,Durban Northwest,Kranskloof,Sithokozile Secondary School,,97,2024-03-31 00:00:00,,x88u2600638
268879.0,Pinetown,Durban Northwest,Kranskloof,Sithokozile Secondary School,,98,2024-04-01 00:00:00,,x88u2600041
268879.0,Pinetown,Durban Northwest,Kranskloof,Sithokozile Secondary School,,99,2024-04-02 00:00:00,,x88u2600371
268879.0,Pinetown,Durban Northwest,Kranskloof,Sithokozile Secondary School,,100,2024-04-03 00:00:00,,x88u2600708
268879.0,Pinetown,Durban Northwest,Kranskloof,Sithokozile Secondary School,,101,2024-04-04 00:00:00,,x88u2600529
268879.0,Pinetown,Durban Northwest,Kranskloof,Sithokozile Secondary School,,102,2024-04-05 00:00:00,,x88u2600373
268879.0,Pinetown,Durban Northwest,Kranskloof,Sithokozile Secondary School,,103,2024-04-06 00:00:00,,x88u2600428
268879.0,Pinetown,Durban Northwest,Kranskloof,Sithokozile Secondary School,,104,2024-04-07 00:00:00,,x88u2600104
268879.0,Pinetown,Durban Northwest,Kranskloof,Sithokozile Secondary School,,105,2024-04-08 00:00:00,,x88u2600432
268879.0,Pinetown,Durban Northwest,Kranskloof,Sithokozile Secondary School,,106,2024-04-09 00:00:00,,x88u2600364
268879.0,Pinetown,Durban Northwest,Kranskloof,Sithokozile Secondary School,,107,2024-04-10 00:00:00,,x88u2600008
268879.0,Pinetown,Durban Northwest,Kranskloof,Sithokozile Secondary School,,108,2024-04-11 00:00:00,,x88u2600511
268879.0,Pinetown,Durban Northwest,Kranskloof,Sithokozile Secondary School,,109,2024-04-12 00:00:00,,x88u2600113
268879.0,Pinetown,Durban Northwest,Kranskloof,Sithokozile Secondary School,,110,2024-04-13 00:00:00,,x88u2600628
268879.0,Pinetown,Durban Northwest,Kranskloof,Sithokozile Secondary School,,111,2024-04-14 00:00:00,,x88u2600368
268879.0,Pinetown,Durban Northwest,Kranskloof,Sithokozile Secondary School,,112,2024-04-15 00:00:00,,x88u2600372
268879.0,Pinetown,Durban Northwest,Kranskloof,Sithokozile Secondary School,,113,2024-04-16 00:00:00,,x88u2600423
268879.0,Pinetown,Durban Northwest,Kranskloof,Sithokozile Secondary School,,114,2024-04-17 00:00:00,,x88u2600036
268879.0,Pinetown,Durban Northwest,Kranskloof,Sithokozile Secondary School,,115,2024-04-18 00:00:00,,
269915.0,Amajuba,Newcastle,Masakhane,Siyamukela High School,,1,2024-04-19 00:00:00,,
269915.0,Amajuba,Newcastle,Masakhane,Siyamukela High School,,2,2024-04-20 00:00:00,,
269915.0,Amajuba,Newcastle,Masakhane,Siyamukela High School,,3,2024-04-21 00:00:00,,
269915.0,Amajuba,Newcastle,Masakhane,Siyamukela High School,,4,2024-04-22 00:00:00,,
269915.0,Amajuba,Newcastle,Masakhane,Siyamukela High School,,5,2024-04-23 00:00:00,,
269915.0,Amajuba,Newcastle,Masakhane,Siyamukela High School,,6,2024-04-24 00:00:00,,PFZZ11MT
269915.0,Amajuba,Newcastle,Masakhane,Siyamukela High School,,7,2024-04-25 00:00:00,,
269915.0,Amajuba,Newcastle,Masakhane,Siyamukela High School,,8,2024-04-26 00:00:00,,
269915.0,Amajuba,Newcastle,Masakhane,Siyamukela High School,,9,2024-04-27 00:00:00,,X8VX1402039
269915.0,Amajuba,Newcastle,Masakhane,Siyamukela High School,,10,2024-04-28 00:00:00,,
269915.0,Amajuba,Newcastle,Masakhane,Siyamukela High School,,11,2024-04-29 00:00:00,,NXA27EA00L1390A0EF3400
269915.0,Amajuba,Newcastle,Masakhane,Siyamukela High School,,12,2024-04-30 00:00:00,,NXA27EA00L1390711F3400
269915.0,Amajuba,Newcastle,Masakhane,Siyamukela High School,,13,2024-05-01 00:00:00,,NXA27EA00L139072093400
269915.0,Amajuba,Newcastle,Masakhane,Siyamukela High School,,14,2024-05-02 00:00:00,,NXA27EA00L139072033400
269915.0,Amajuba,Newcastle,Masakhane,Siyamukela High School,,15,2024-05-03 00:00:00,,NXA27EA00L139073AB3400
269915.0,Amajuba,Newcastle,Masakhane,Siyamukela High School,,16,2024-05-04 00:00:00,,NXA27EA00L139071AB3400
269915.0,Amajuba,Newcastle,Masakhane,Siyamukela High School,,17,2024-05-05 00:00:00,,NXA27EA00L139072173400
269915.0,Amajuba,Newcastle,Masakhane,Siyamukela High School,,18,2024-05-06 00:00:00,,NXA27EA00L139071E93400
269915.0,Amajuba,Newcastle,Masakhane,Siyamukela High School,,19,2024-05-07 00:00:00,,NXA27EA00L139041383400
269915.0,Amajuba,Newcastle,Masakhane,Siyamukela High School,,20,2024-05-08 00:00:00,,NXA27EA00L139070B63400
269915.0,Amajuba,Newcastle,Masakhane,Siyamukela High School,,21,2024-05-09 00:00:00,,NXA27EA00L139071613400
269915.0,Amajuba,Newcastle,Masakhane,Siyamukela High School,,22,2024-05-10 00:00:00,,NXA27EA00L139071573400
269915.0,Amajuba,Newcastle,Masakhane,Siyamukela High School,,23,2024-05-11 00:00:00,,NXA27EA00L139072363400
269915.0,Amajuba,Newcastle,Masakhane,Siyamukela High School,,24,2024-05-12 00:00:00,,NXA27EA00L139070A13400
269915.0,Amajuba,Newcastle,Masakhane,Siyamukela High School,,25,2024-05-13 00:00:00,,NXA27EA00L139074803400
269915.0,Amajuba,Newcastle,Masakhane,Siyamukela High School,,26,2024-05-14 00:00:00,,NXA27EA00L139073EC3400
269915.0,Amajuba,Newcastle,Masakhane,Siyamukela High School,,27,2024-05-15 00:00:00,,NXA27EA00L139071D33400
269915.0,Amajuba,Newcastle,Masakhane,Siyamukela High School,,28,2024-05-16 00:00:00,,NXA27EA00L139073E83400
269915.0,Amajuba,Newcastle,Masakhane,Siyamukela High School,,29,2024-05-17 00:00:00,,NXA27EA00L139071143400
269915.0,Amajuba,Newcastle,Masakhane,Siyamukela High School,,30,2024-05-18 00:00:00,,NXA27EA00L139071293400
269915.0,Amajuba,Newcastle,Masakhane,Siyamukela High School,,31,2024-05-19 00:00:00,,NXA27EA00L139070GA3400
269915.0,Amajuba,Newcastle,Masakhane,Siyamukela High School,,32,2024-05-20 00:00:00,,NXA27EA00L139072113400
269915.0,Amajuba,Newcastle,Masakhane,Siyamukela High School,,33,2024-05-21 00:00:00,,NXA27EA00L139073463400
269915.0,Amajuba,Newcastle,Masakhane,Siyamukela High School,,34,2024-05-22 00:00:00,,NXA27EA00L139071743400
269915.0,Amajuba,Newcastle,Masakhane,Siyamukela High School,,35,2024-05-23 00:00:00,,NXA27EA00L139070BF3400
269915.0,Amajuba,Newcastle,Masakhane,Siyamukela High School,,36,2024-05-24 00:00:00,,NXA27EA00L139073A43400
269915.0,Amajuba,Newcastle,Masakhane,Siyamukela High School,,37,2024-05-25 00:00:00,,NXA27EA00L139071993400
269915.0,Amajuba,Newcastle,Masakhane,Siyamukela High School,,38,2024-05-26 00:00:00,,NXA27EA00L139071773400
269915.0,Amajuba,Newcastle,Masakhane,Siyamukela High School,,39,2024-05-27 00:00:00,,NXA27EA00L139072393400
269915.0,Amajuba,Newcastle,Masakhane,Siyamukela High School,,40,2024-05-28 00:00:00,,NXA27EA00L139071793400
269915.0,Amajuba,Newcastle,Masakhane,Siyamukela High School,,41,2024-05-29 00:00:00,,NXA27EA00L1390736A3400
269915.0,Amajuba,Newcastle,Masakhane,Siyamukela High School,,42,2024-05-30 00:00:00,,NXA27EA00L1390718A3400
269915.0,Amajuba,Newcastle,Masakhane,Siyamukela High School,,43,2024-05-31 00:00:00,,NXA27EA00L139073003400
269915.0,Amajuba,Newcastle,Masakhane,Siyamukela High School,,44,2024-06-01 00:00:00,,NXA27EA00L139071813400
269915.0,Amajuba,Newcastle,Masakhane,Siyamukela High School,,45,2024-06-02 00:00:00,,NXA27EA00L139070FC3400
269915.0,Amajuba,Newcastle,Masakhane,Siyamukela High School,,46,2024-06-03 00:00:00,,NXA27EA001139071733400
269915.0,Amajuba,Newcastle,Masakhane,Siyamukela High School,,47,2024-06-04 00:00:00,,NXA27EA001139073453400
269915.0,Amajuba,Newcastle,Masakhane,Siyamukela High School,,48,2024-06-05 00:00:00,,NXA27EA001139073903400
269915.0,Amajuba,Newcastle,Masakhane,Siyamukela High School,,49,2024-06-06 00:00:00,,NXA27EA001139070DA3400
269915.0,Amajuba,Newcastle,Masakhane,Siyamukela High School,,50,2024-06-07 00:00:00,,NXA27EA001139071CB3400
269915.0,Amajuba,Newcastle,Masakhane,Siyamukela High School,,51,2024-06-08 00:00:00,,NXA27EA001139071333400
269915.0,Amajuba,Newcastle,Masakhane,Siyamukela High School,,52,2024-06-09 00:00:00,,NXA27EA001139071083400
269915.0,Amajuba,Newcastle,Masakhane,Siyamukela High School,,53,2024-06-10 00:00:00,,NXA27EA001139074163400
269915.0,Amajuba,Newcastle,Masakhane,Siyamukela High School,,54,2024-06-11 00:00:00,,NXA27EA001139071843400
269915.0,Amajuba,Newcastle,Masakhane,Siyamukela High School,,55,2024-06-12 00:00:00,,NXA27EA001139071823400
269915.0,Amajuba,Newcastle,Masakhane,Siyamukela High School,,56,2024-06-13 00:00:00,,NXA27EA001139071403400
269915.0,Amajuba,Newcastle,Masakhane,Siyamukela High School,,57,2024-06-14 00:00:00,,NXA27EA001139041543400
269915.0,Amajuba,Newcastle,Masakhane,Siyamukela High School,,58,2024-06-15 00:00:00,,NXA27EA001139041823400
269915.0,Amajuba,Newcastle,Masakhane,Siyamukela High School,,59,2024-06-16 00:00:00,,NXA27EA001139073003400
269915.0,Amajuba,Newcastle,Masakhane,Siyamukela High School,,60,2024-06-17 00:00:00,,NXA27EA001139074483400
269915.0,Amajuba,Newcastle,Masakhane,Siyamukela High School,,61,2024-06-18 00:00:00,,NXA27EA001139074373400
269915.0,Amajuba,Newcastle,Masakhane,Siyamukela High School,,62,2024-06-19 00:00:00,,NXA27EA001139071543400
269915.0,Amajuba,Newcastle,Masakhane,Siyamukela High School,,63,2024-06-20 00:00:00,,NXA27EA001139070963400
269915.0,Amajuba,Newcastle,Masakhane,Siyamukela High School,,64,2024-06-21 00:00:00,,NXA27EA001139074433400
269915.0,Amajuba,Newcastle,Masakhane,Siyamukela High School,,65,2024-06-22 00:00:00,,NXA27EA001139073743400
269915.0,Amajuba,Newcastle,Masakhane,Siyamukela High School,,66,2024-06-23 00:00:00,,NXA27EA001139071243400
269915.0,Amajuba,Newcastle,Masakhane,Siyamukela High School,,67,2024-06-24 00:00:00,,NXA27EA001139073953400
269915.0,Amajuba,Newcastle,Masakhane,Siyamukela High School,,68,2024-06-25 00:00:00,,NXA27EA001139070803400
269915.0,Amajuba,Newcastle,Masakhane,Siyamukela High School,,69,2024-06-26 00:00:00,,NXA27EA001139073943400
269915.0,Amajuba,Newcastle,Masakhane,Siyamukela High School,,70,2024-06-27 00:00:00,,NXA27EA001139072234400
269915.0,Amajuba,Newcastle,Masakhane,Siyamukela High School,,71,2024-06-28 00:00:00,,NXA27EA001139071693400
269915.0,Amajuba,Newcastle,Masakhane,Siyamukela High School,,72,2024-06-29 00:00:00,,NXA27EA001139072283400
269915.0,Amajuba,Newcastle,Masakhane,Siyamukela High School,,73,2024-06-30 00:00:00,,NXA27EA001139070983400
269915.0,Amajuba,Newcastle,Masakhane,Siyamukela High School,,74,2024-07-01 00:00:00,,NXA27EA001139070483400
269915.0,Amajuba,Newcastle,Masakhane,Siyamukela High School,,75,2024-07-02 00:00:00,,NXA27EA001139074C834400
269915.0,Amajuba,Newcastle,Masakhane,Siyamukela High School,,76,2024-07-03 00:00:00,,NXA27EA001139073653400
269915.0,Amajuba,Newcastle,Masakhane,Siyamukela High School,,77,2024-07-04 00:00:00,,NXA27EA001139071513400
269915.0,Amajuba,Newcastle,Masakhane,Siyamukela High School,,78,2024-07-05 00:00:00,,NXA27EA001139071093400
269915.0,Amajuba,Newcastle,Masakhane,Siyamukela High School,,79,2024-07-06 00:00:00,,NXA27EA001139071523400
269915.0,Amajuba,Newcastle,Masakhane,Siyamukela High School,,80,2024-07-07 00:00:00,,NXA27EA001139074103400
269915.0,Amajuba,Newcastle,Masakhane,Siyamukela High School,,81,2024-07-08 00:00:00,,NXA27EA001139070E634400
269915.0,Amajuba,Newcastle,Masakhane,Siyamukela High School,,82,2024-07-09 00:00:00,,NXA27EA001139073S534400
269915.0,Amajuba,Newcastle,Masakhane,Siyamukela High School,,83,2024-07-10 00:00:00,,NXA27EA001139071C934400
269915.0,Amajuba,Newcastle,Masakhane,Siyamukela High School,,84,2024-07-11 00:00:00,,NXA27EA001139070933400
269915.0,Amajuba,Newcastle,Masakhane,Siyamukela High School,,85,2024-07-12 00:00:00,,NXA27EA001139071643400
269915.0,Amajuba,Newcastle,Masakhane,Siyamukela High School,,86,2024-07-13 00:00:00,,NXA27EA001139071DE3400
269915.0,Amajuba,Newcastle,Masakhane,Siyamukela High School,,87,2024-07-14 00:00:00,,NXA27EA001139070FF3400
269915.0,Amajuba,Newcastle,Masakhane,Siyamukela High School,,88,2024-07-15 00:00:00,,NXA27EA001139074ID3400
269915.0,Amajuba,Newcastle,Masakhane,Siyamukela High School,,89,2024-07-16 00:00:00,,NXA27EA001139073F13400
269915.0,Amajuba,Newcastle,Masakhane,Siyamukela High School,,90,2024-07-17 00:00:00,,NXA27EA0011390723D3400
269915.0,Amajuba,Newcastle,Masakhane,Siyamukela High School,,91,2024-07-18 00:00:00,,NXA27EA001139071A03400
269915.0,Amajuba,Newcastle,Masakhane,Siyamukela High School,,92,2024-07-19 00:00:00,,NXA27EA001139071EG3400
269915.0,Amajuba,Newcastle,Masakhane,Siyamukela High School,,93,2024-07-20 00:00:00,,NXA27EA001139071923400
269915.0,Amajuba,Newcastle,Masakhane,Siyamukela High School,,94,2024-07-21 00:00:00,,NXA27EA001139073213400
269915.0,Amajuba,Newcastle,Masakhane,Siyamukela High School,,95,2024-07-22 00:00:00,,NXA27EA001139072403400
269915.0,Amajuba,Newcastle,Masakhane,Siyamukela High School,,96,2024-07-23 00:00:00,,MRJR71100N146023665910
269915.0,Amajuba,Newcastle,Masakhane,Siyamukela High School,,97,2024-07-24 00:00:00,,MRJR71100N146023855910
269915.0,Amajuba,Newcastle,Masakhane,Siyamukela High School,,98,2024-07-25 00:00:00,,MRJR71100N146022075910
269915.0,Amajuba,Newcastle,Masakhane,Siyamukela High School,,99,2024-07-26 00:00:00,,MRJR71100N146022885910
269915.0,Amajuba,Newcastle,Masakhane,Siyamukela High School,,100,2024-07-27 00:00:00,,MRJR71100N146024685910
269915.0,Amajuba,Newcastle,Masakhane,Siyamukela High School,,101,2024-07-28 00:00:00,,MRJR71100N146024105910
269915.0,Amajuba,Newcastle,Masakhane,Siyamukela High School,,102,2024-07-29 00:00:00,,MRJR71100N146024225910
269915.0,Amajuba,Newcastle,Masakhane,Siyamukela High School,,103,2024-07-30 00:00:00,,MRJR71100N146022055910
269915.0,Amajuba,Newcastle,Masakhane,Siyamukela High School,,104,2024-07-31 00:00:00,,MRJR71100N146024C35910
269915.0,Amajuba,Newcastle,Masakhane,Siyamukela High School,,105,2024-08-01 00:00:00,,MRJR71100N146023815910
269915.0,Amajuba,Newcastle,Masakhane,Siyamukela High School,,106,2024-08-02 00:00:00,,MRJR71100N146024255910
269915.0,Amajuba,Newcastle,Masakhane,Siyamukela High School,,107,2024-08-03 00:00:00,,MRJR71100N146023905910
269915.0,Amajuba,Newcastle,Masakhane,Siyamukela High School,,108,2024-08-04 00:00:00,,MRJR71100N146024185910
269915.0,Amajuba,Newcastle,Masakhane,Siyamukela High School,,109,2024-08-05 00:00:00,,MRJR71100N146024575910
269915.0,Amajuba,Newcastle,Masakhane,Siyamukela High School,,110,2024-08-06 00:00:00,,MRJR71100N146024355910
269915.0,Amajuba,Newcastle,Masakhane,Siyamukela High School,,111,2024-08-07 00:00:00,,MRJR71100N146022855910
269915.0,Amajuba,Newcastle,Masakhane,Siyamukela High School,,112,2024-08-08 00:00:00,,Q7D6209XAAAC1154
269915.0,Amajuba,Newcastle,Masakhane,Siyamukela High School,,113,2024-08-09 00:00:00,,Q7D6209XAAAC1180
269915.0,Amajuba,Newcastle,Masakhane,Siyamukela High School,,114,2024-08-10 00:00:00,,Q7D6209XAAAC0997
269915.0,Amajuba,Newcastle,Masakhane,Siyamukela High School,,115,2024-08-11 00:00:00,,Q7D6209XAAAC1011
269915.0,Amajuba,Newcastle,Masakhane,Siyamukela High School,,116,2024-08-12 00:00:00,,Q7D6209XAAAC1007
269915.0,Amajuba,Newcastle,Masakhane,Siyamukela High School,,117,2024-08-13 00:00:00,,Q7D6209XAAAC1184
269915.0,Amajuba,Newcastle,Masakhane,Siyamukela High School,,118,2024-08-14 00:00:00,,Q7D6209XAAAC1141
269915.0,Amajuba,Newcastle,Masakhane,Siyamukela High School,,119,2024-08-15 00:00:00,,Q7D6209XAAAC1147
269915.0,Amajuba,Newcastle,Masakhane,Siyamukela High School,,120,2024-08-16 00:00:00,,Q7D6209XAAAC0983
269915.0,Amajuba,Newcastle,Masakhane,Siyamukela High School,,121,2024-08-17 00:00:00,,Q7D6209XAAAC1027
269915.0,Amajuba,Newcastle,Masakhane,Siyamukela High School,,122,2024-08-18 00:00:00,,Q7D6209XAAACL173
269915.0,Amajuba,Newcastle,Masakhane,Siyamukela High School,,123,2024-08-19 00:00:00,,Q7D6209XAAACL164
269915.0,Amajuba,Newcastle,Masakhane,Siyamukela High School,,124,2024-08-20 00:00:00,,Q7D6209XAAACL155
339808.0,Umzinyathi,Endumeni/Nquthu,Hlazakazi, SIYANDA Secondary School,Umzinyathi,Whiteboards,2024-08-21 00:00:00,,
339808.0,Umzinyathi,Endumeni/Nquthu,Hlazakazi, SIYANDA Secondary School,Umzinyathi,Charging Trolley,2024-08-22 00:00:00,,
339808.0,Umzinyathi,Endumeni/Nquthu,Hlazakazi, SIYANDA Secondary School,Umzinyathi,Whiteboard Markers,2024-08-23 00:00:00,,
339808.0,Umzinyathi,Endumeni/Nquthu,Hlazakazi, SIYANDA Secondary School,Umzinyathi,Projector Bracket,2024-08-24 00:00:00,,
339808.0,Umzinyathi,Endumeni/Nquthu,Hlazakazi, SIYANDA Secondary School,Umzinyathi,Data Projector,2024-08-25 00:00:00,,
339808.0,Umzinyathi,Endumeni/Nquthu,Hlazakazi, SIYANDA Secondary School,Umzinyathi,Data Projector,2024-08-26 00:00:00,,
339808.0,Umzinyathi,Endumeni/Nquthu,Hlazakazi, SIYANDA Secondary School,Umzinyathi,Data Projector,2024-08-27 00:00:00,,
339808.0,Umzinyathi,Endumeni/Nquthu,Hlazakazi, SIYANDA Secondary School,Umzinyathi,Data Projector,2024-08-28 00:00:00,,
339808.0,Umzinyathi,Endumeni/Nquthu,Hlazakazi, SIYANDA Secondary School,Umzinyathi,Data Projector,2024-08-29 00:00:00,,
339808.0,Umzinyathi,Endumeni/Nquthu,Hlazakazi, SIYANDA Secondary School,Umzinyathi,Data Projector,2024-08-30 00:00:00,,
339808.0,Umzinyathi,Endumeni/Nquthu,Hlazakazi, SIYANDA Secondary School,Umzinyathi,Data Projector,2024-08-31 00:00:00,,
339808.0,Umzinyathi,Endumeni/Nquthu,Hlazakazi, SIYANDA Secondary School,Umzinyathi,Data Projector,2024-09-01 00:00:00,,
339808.0,Umzinyathi,Endumeni/Nquthu,Hlazakazi, SIYANDA Secondary School,Umzinyathi,Data Projector,2024-09-02 00:00:00,,
339808.0,Umzinyathi,Endumeni/Nquthu,Hlazakazi, SIYANDA Secondary School,Umzinyathi,Data Projector,2024-09-03 00:00:00,,
339808.0,Umzinyathi,Endumeni/Nquthu,Hlazakazi, SIYANDA Secondary School,Umzinyathi,Data Projector,2024-09-04 00:00:00,,
339808.0,Umzinyathi,Endumeni/Nquthu,Hlazakazi, SIYANDA Secondary School,Umzinyathi,Data Projector,2024-09-05 00:00:00,,
339808.0,Umzinyathi,Endumeni/Nquthu,Hlazakazi, SIYANDA Secondary School,Umzinyathi,Interactive Flat Panel - Screen,2024-09-06 00:00:00,,
339808.0,Umzinyathi,Endumeni/Nquthu,Hlazakazi, SIYANDA Secondary School,Umzinyathi,Content Access Point,2024-09-07 00:00:00,,
339808.0,Umzinyathi,Endumeni/Nquthu,Hlazakazi, SIYANDA Secondary School,Umzinyathi,Acer Teacher Laptop,2024-09-08 00:00:00,,
339808.0,Umzinyathi,Endumeni/Nquthu,Hlazakazi, SIYANDA Secondary School,Umzinyathi,Acer Teacher Laptop,2024-09-09 00:00:00,,
339808.0,Umzinyathi,Endumeni/Nquthu,Hlazakazi, SIYANDA Secondary School,Umzinyathi,Acer Teacher Laptop,2024-09-10 00:00:00,,
339808.0,Umzinyathi,Endumeni/Nquthu,Hlazakazi, SIYANDA Secondary School,Umzinyathi,Acer Teacher Laptop,2024-09-11 00:00:00,,
339808.0,Umzinyathi,Endumeni/Nquthu,Hlazakazi, SIYANDA Secondary School,Umzinyathi,Acer Teacher Laptop,2024-09-12 00:00:00,,
339808.0,Umzinyathi,Endumeni/Nquthu,Hlazakazi, SIYANDA Secondary School,Umzinyathi,Acer Teacher Laptop,2024-09-13 00:00:00,,
339808.0,Umzinyathi,Endumeni/Nquthu,Hlazakazi, SIYANDA Secondary School,Umzinyathi,Acer Teacher Laptop,2024-09-14 00:00:00,,
339808.0,Umzinyathi,Endumeni/Nquthu,Hlazakazi, SIYANDA Secondary School,Umzinyathi,Acer Teacher Laptop,2024-09-15 00:00:00,,
339808.0,Umzinyathi,Endumeni/Nquthu,Hlazakazi, SIYANDA Secondary School,Umzinyathi,Acer Teacher Laptop,2024-09-16 00:00:00,,
339808.0,Umzinyathi,Endumeni/Nquthu,Hlazakazi, SIYANDA Secondary School,Umzinyathi,Acer Teacher Laptop,2024-09-17 00:00:00,,
339808.0,Umzinyathi,Endumeni/Nquthu,Hlazakazi, SIYANDA Secondary School,Umzinyathi,Acer Teacher Laptop,2024-09-18 00:00:00,,
339808.0,Umzinyathi,Endumeni/Nquthu,Hlazakazi, SIYANDA Secondary School,Umzinyathi,Acer Teacher Laptop,2024-09-19 00:00:00,,
339808.0,Umzinyathi,Endumeni/Nquthu,Hlazakazi, SIYANDA Secondary School,Umzinyathi,Acer Learner Laptop,2024-09-20 00:00:00,,
339808.0,Umzinyathi,Endumeni/Nquthu,Hlazakazi, SIYANDA Secondary School,Umzinyathi,Acer Learner Laptop,2024-09-21 00:00:00,,
339808.0,Umzinyathi,Endumeni/Nquthu,Hlazakazi, SIYANDA Secondary School,Umzinyathi,Acer Learner Laptop,2024-09-22 00:00:00,,
339808.0,Umzinyathi,Endumeni/Nquthu,Hlazakazi, SIYANDA Secondary School,Umzinyathi,Acer Learner Laptop,2024-09-23 00:00:00,,
339808.0,Umzinyathi,Endumeni/Nquthu,Hlazakazi, SIYANDA Secondary School,Umzinyathi,Acer Learner Laptop,2024-09-24 00:00:00,,
339808.0,Umzinyathi,Endumeni/Nquthu,Hlazakazi, SIYANDA Secondary School,Umzinyathi,Acer Learner Laptop,2024-09-25 00:00:00,,
339808.0,Umzinyathi,Endumeni/Nquthu,Hlazakazi, SIYANDA Secondary School,Umzinyathi,Acer Learner Laptop,2024-09-26 00:00:00,,
339808.0,Umzinyathi,Endumeni/Nquthu,Hlazakazi, SIYANDA Secondary School,Umzinyathi,Acer Learner Laptop,2024-09-27 00:00:00,,
339808.0,Umzinyathi,Endumeni/Nquthu,Hlazakazi, SIYANDA Secondary School,Umzinyathi,Acer Learner Laptop,2024-09-28 00:00:00,,
339808.0,Umzinyathi,Endumeni/Nquthu,Hlazakazi, SIYANDA Secondary School,Umzinyathi,Acer Learner Laptop,2024-09-29 00:00:00,,
339808.0,Umzinyathi,Endumeni/Nquthu,Hlazakazi, SIYANDA Secondary School,Umzinyathi,Acer Learner Laptop,2024-09-30 00:00:00,,
339808.0,Umzinyathi,Endumeni/Nquthu,Hlazakazi, SIYANDA Secondary School,Umzinyathi,Acer Learner Laptop,2024-10-01 00:00:00,,
339808.0,Umzinyathi,Endumeni/Nquthu,Hlazakazi, SIYANDA Secondary School,Umzinyathi,Acer Learner Laptop,2024-10-02 00:00:00,,
339808.0,Umzinyathi,Endumeni/Nquthu,Hlazakazi, SIYANDA Secondary School,Umzinyathi,Acer Learner Laptop,2024-10-03 00:00:00,,
339808.0,Umzinyathi,Endumeni/Nquthu,Hlazakazi, SIYANDA Secondary School,Umzinyathi,Acer Learner Laptop,2024-10-04 00:00:00,,
339808.0,Umzinyathi,Endumeni/Nquthu,Hlazakazi, SIYANDA Secondary School,Umzinyathi,Acer Learner Laptop,2024-10-05 00:00:00,,
339808.0,Umzinyathi,Endumeni/Nquthu,Hlazakazi, SIYANDA Secondary School,Umzinyathi,Acer Learner Laptop,2024-10-06 00:00:00,,
339808.0,Umzinyathi,Endumeni/Nquthu,Hlazakazi, SIYANDA Secondary School,Umzinyathi,Acer Learner Laptop,2024-10-07 00:00:00,,
339808.0,Umzinyathi,Endumeni/Nquthu,Hlazakazi, SIYANDA Secondary School,Umzinyathi,Acer Learner Laptop,2024-10-08 00:00:00,,
339808.0,Umzinyathi,Endumeni/Nquthu,Hlazakazi, SIYANDA Secondary School,Umzinyathi,Acer Learner Laptop,2024-10-09 00:00:00,,
339808.0,Umzinyathi,Endumeni/Nquthu,Hlazakazi, SIYANDA Secondary School,Umzinyathi,Atsu Learner Laptop,2024-10-10 00:00:00,,
339808.0,Umzinyathi,Endumeni/Nquthu,Hlazakazi, SIYANDA Secondary School,Umzinyathi,Atsu Learner Laptop,2024-10-11 00:00:00,,
339808.0,Umzinyathi,Endumeni/Nquthu,Hlazakazi, SIYANDA Secondary School,Umzinyathi,Atsu Learner Laptop,2024-10-12 00:00:00,,
339808.0,Umzinyathi,Endumeni/Nquthu,Hlazakazi, SIYANDA Secondary School,Umzinyathi,Atsu Learner Laptop,2024-10-13 00:00:00,,
339808.0,Umzinyathi,Endumeni/Nquthu,Hlazakazi, SIYANDA Secondary School,Umzinyathi,Atsu Learner Laptop,2024-10-14 00:00:00,,
339808.0,Umzinyathi,Endumeni/Nquthu,Hlazakazi, SIYANDA Secondary School,Umzinyathi,Atsu Learner Laptop,2024-10-15 00:00:00,,
339808.0,Umzinyathi,Endumeni/Nquthu,Hlazakazi, SIYANDA Secondary School,Umzinyathi,Atsu Learner Laptop,2024-10-16 00:00:00,,
339808.0,Umzinyathi,Endumeni/Nquthu,Hlazakazi, SIYANDA Secondary School,Umzinyathi,Atsu Learner Laptop,2024-10-17 00:00:00,,
339808.0,Umzinyathi,Endumeni/Nquthu,Hlazakazi, SIYANDA Secondary School,Umzinyathi,Atsu Learner Laptop,2024-10-18 00:00:00,,
339808.0,Umzinyathi,Endumeni/Nquthu,Hlazakazi, SIYANDA Secondary School,Umzinyathi,Atsu Learner Laptop,2024-10-19 00:00:00,,
339808.0,Umzinyathi,Endumeni/Nquthu,Hlazakazi, SIYANDA Secondary School,Umzinyathi,Atsu Learner Laptop,2024-10-20 00:00:00,,
339808.0,Umzinyathi,Endumeni/Nquthu,Hlazakazi, SIYANDA Secondary School,Umzinyathi,Atsu Learner Laptop,2024-10-21 00:00:00,,
339808.0,Umzinyathi,Endumeni/Nquthu,Hlazakazi, SIYANDA Secondary School,Umzinyathi,Atsu Learner Laptop,2024-10-22 00:00:00,,
339808.0,Umzinyathi,Endumeni/Nquthu,Hlazakazi, SIYANDA Secondary School,Umzinyathi,Atsu Learner Laptop,2024-10-23 00:00:00,,
339808.0,Umzinyathi,Endumeni/Nquthu,Hlazakazi, SIYANDA Secondary School,Umzinyathi,Atsu Learner Laptop,2024-10-24 00:00:00,,
339808.0,Umzinyathi,Endumeni/Nquthu,Hlazakazi, SIYANDA Secondary School,Umzinyathi,Atsu Learner Laptop,2024-10-25 00:00:00,,
339808.0,Umzinyathi,Endumeni/Nquthu,Hlazakazi, SIYANDA Secondary School,Umzinyathi,Atsu Learner Laptop,2024-10-26 00:00:00,,
339808.0,Umzinyathi,Endumeni/Nquthu,Hlazakazi, SIYANDA Secondary School,Umzinyathi,Atsu Learner Laptop,2024-10-27 00:00:00,,
339808.0,Umzinyathi,Endumeni/Nquthu,Hlazakazi, SIYANDA Secondary School,Umzinyathi,Atsu Learner Laptop,2024-10-28 00:00:00,,
339808.0,Umzinyathi,Endumeni/Nquthu,Hlazakazi, SIYANDA Secondary School,Umzinyathi,Atsu Learner Laptop,2024-10-29 00:00:00,,
279794.0,Umgungundlovu,Vulindlela,Mpofana,Tendela Combined School,,1,2024-10-30 00:00:00,,
279794.0,Umgungundlovu,Vulindlela,Mpofana,Tendela Combined School,,2,2024-10-31 00:00:00,,
279794.0,Umgungundlovu,Vulindlela,Mpofana,Tendela Combined School,,3,2024-11-01 00:00:00,,
279794.0,Umgungundlovu,Vulindlela,Mpofana,Tendela Combined School,,4,2024-11-02 00:00:00,,
279794.0,Umgungundlovu,Vulindlela,Mpofana,Tendela Combined School,,5,2024-11-03 00:00:00,,SPF31HM3AZ
279794.0,Umgungundlovu,Vulindlela,Mpofana,Tendela Combined School,,6,2024-11-04 00:00:00,,SPF3EKG97
279794.0,Umgungundlovu,Vulindlela,Mpofana,Tendela Combined School,,7,2024-11-05 00:00:00,,SPF3K2WJV
279794.0,Umgungundlovu,Vulindlela,Mpofana,Tendela Combined School,,8,2024-11-06 00:00:00,,SPF3JLZ97
279794.0,Umgungundlovu,Vulindlela,Mpofana,Tendela Combined School,,9,2024-11-07 00:00:00,,SPF3EK9CK
279794.0,Umgungundlovu,Vulindlela,Mpofana,Tendela Combined School,,10,2024-11-08 00:00:00,,SPF3HQ3VG
279794.0,Umgungundlovu,Vulindlela,Mpofana,Tendela Combined School,,11,2024-11-09 00:00:00,,SPF3GBD80
279794.0,Umgungundlovu,Vulindlela,Mpofana,Tendela Combined School,,12,2024-11-10 00:00:00,,SPF3HM353
279794.0,Umgungundlovu,Vulindlela,Mpofana,Tendela Combined School,,13,2024-11-11 00:00:00,,95XD1000088H04629655
279794.0,Umgungundlovu,Vulindlela,Mpofana,Tendela Combined School,,14,2024-11-12 00:00:00,,SPF3EK2HR
279794.0,Umgungundlovu,Vulindlela,Mpofana,Tendela Combined School,,15,2024-11-13 00:00:00,,SPF3EKWV5
279794.0,Umgungundlovu,Vulindlela,Mpofana,Tendela Combined School,,16,2024-11-14 00:00:00,,SPF3EKTM6
279794.0,Umgungundlovu,Vulindlela,Mpofana,Tendela Combined School,,17,2024-11-15 00:00:00,,SPF3G9GF7
279794.0,Umgungundlovu,Vulindlela,Mpofana,Tendela Combined School,,18,2024-11-16 00:00:00,,SPF3EKTKB
279794.0,Umgungundlovu,Vulindlela,Mpofana,Tendela Combined School,,19,2024-11-17 00:00:00,,SPF3EKBPE
279794.0,Umgungundlovu,Vulindlela,Mpofana,Tendela Combined School,,20,2024-11-18 00:00:00,,SPF3EKBTF
279794.0,Umgungundlovu,Vulindlela,Mpofana,Tendela Combined School,,21,2024-11-19 00:00:00,,SPF3EKBP4
279794.0,Umgungundlovu,Vulindlela,Mpofana,Tendela Combined School,,22,2024-11-20 00:00:00,,SPF3EKKK6
279794.0,Umgungundlovu,Vulindlela,Mpofana,Tendela Combined School,,23,2024-11-21 00:00:00,,SPF3E84JD
279794.0,Umgungundlovu,Vulindlela,Mpofana,Tendela Combined School,,24,2024-11-22 00:00:00,,SPF3EK9DP
279794.0,Umgungundlovu,Vulindlela,Mpofana,Tendela Combined School,,25,2024-11-23 00:00:00,,SPF3EKBTA
279794.0,Umgungundlovu,Vulindlela,Mpofana,Tendela Combined School,,26,2024-11-24 00:00:00,,SPF3G8RZV
279794.0,Umgungundlovu,Vulindlela,Mpofana,Tendela Combined School,,27,2024-11-25 00:00:00,,SPF3EKLRV
279794.0,Umgungundlovu,Vulindlela,Mpofana,Tendela Combined School,,28,2024-11-26 00:00:00,,SPF3EKRAH
279794.0,Umgungundlovu,Vulindlela,Mpofana,Tendela Combined School,,29,2024-11-27 00:00:00,,SPF3EKP4R
279794.0,Umgungundlovu,Vulindlela,Mpofana,Tendela Combined School,,30,2024-11-28 00:00:00,,SPF3EKT14
279794.0,Umgungundlovu,Vulindlela,Mpofana,Tendela Combined School,,31,2024-11-29 00:00:00,,SPF3G8HP1
279794.0,Umgungundlovu,Vulindlela,Mpofana,Tendela Combined School,,32,2024-11-30 00:00:00,,SPF3EK73D
279794.0,Umgungundlovu,Vulindlela,Mpofana,Tendela Combined School,,33,2024-12-01 00:00:00,,SPF3G8HQL
279794.0,Umgungundlovu,Vulindlela,Mpofana,Tendela Combined School,,34,2024-12-02 00:00:00,,SPF3EKL54
279794.0,Umgungundlovu,Vulindlela,Mpofana,Tendela Combined School,,35,2024-12-03 00:00:00,,SPF3G72SE
279794.0,Umgungundlovu,Vulindlela,Mpofana,Tendela Combined School,,36,2024-12-04 00:00:00,,SPF3G70JQ
279794.0,Umgungundlovu,Vulindlela,Mpofana,Tendela Combined School,,37,2024-12-05 00:00:00,,SPF3G70LS
279794.0,Umgungundlovu,Vulindlela,Mpofana,Tendela Combined School,,38,2024-12-06 00:00:00,,SPF3G70L3
279794.0,Umgungundlovu,Vulindlela,Mpofana,Tendela Combined School,,39,2024-12-07 00:00:00,,SPF3EKP2M
279794.0,Umgungundlovu,Vulindlela,Mpofana,Tendela Combined School,,40,2024-12-08 00:00:00,,SPF3G8QKT
279794.0,Umgungundlovu,Vulindlela,Mpofana,Tendela Combined School,,41,2024-12-09 00:00:00,,SPF3G8QGC
279794.0,Umgungundlovu,Vulindlela,Mpofana,Tendela Combined School,,42,2024-12-10 00:00:00,,SPF3JWS95
279794.0,Umgungundlovu,Vulindlela,Mpofana,Tendela Combined School,,43,2024-12-11 00:00:00,,SPF3G70MX
279794.0,Umgungundlovu,Vulindlela,Mpofana,Tendela Combined School,,44,2024-12-12 00:00:00,,SPF3E7SB3
279794.0,Umgungundlovu,Vulindlela,Mpofana,Tendela Combined School,,45,2024-12-13 00:00:00,,SPF3G8QHZ
279794.0,Umgungundlovu,Vulindlela,Mpofana,Tendela Combined School,,46,2024-12-14 00:00:00,,SPF3G6YA4
279794.0,Umgungundlovu,Vulindlela,Mpofana,Tendela Combined School,,47,2024-12-15 00:00:00,,SPF3G98MR
279794.0,Umgungundlovu,Vulindlela,Mpofana,Tendela Combined School,,48,2024-12-16 00:00:00,,SPF3EKW5Q
279794.0,Umgungundlovu,Vulindlela,Mpofana,Tendela Combined School,,49,2024-12-17 00:00:00,,SPF3G6TMM
279794.0,Umgungundlovu,Vulindlela,Mpofana,Tendela Combined School,,50,2024-12-18 00:00:00,,SPF3G6TNL
279794.0,Umgungundlovu,Vulindlela,Mpofana,Tendela Combined School,,51,2024-12-19 00:00:00,,SPF3G70MM
279794.0,Umgungundlovu,Vulindlela,Mpofana,Tendela Combined School,,52,2024-12-20 00:00:00,,SPF3EKTNA
279794.0,Umgungundlovu,Vulindlela,Mpofana,Tendela Combined School,,53,2024-12-21 00:00:00,,SPF3EKTMN
279794.0,Umgungundlovu,Vulindlela,Mpofana,Tendela Combined School,,54,2024-12-22 00:00:00,,X8YD1365401
279794.0,Umgungundlovu,Vulindlela,Mpofana,Tendela Combined School,,55,2024-12-23 00:00:00,,X8VX1401373
279794.0,Umgungundlovu,Vulindlela,Mpofana,Tendela Combined School,,56,2024-12-24 00:00:00,,
279794.0,Umgungundlovu,Vulindlela,Mpofana,Tendela Combined School,,57,2024-12-25 00:00:00,,PF3FNDGO
279794.0,Umgungundlovu,Vulindlela,Mpofana,Tendela Combined School,,58,2024-12-26 00:00:00,,
279794.0,Umgungundlovu,Vulindlela,Mpofana,Tendela Combined School,,59,2024-12-27 00:00:00,,
279794.0,Umgungundlovu,Vulindlela,Mpofana,Tendela Combined School,,60,2024-12-28 00:00:00,,X8872501428
279794.0,Umgungundlovu,Vulindlela,Mpofana,Tendela Combined School,,61,2024-12-29 00:00:00,,X8872501534
279794.0,Umgungundlovu,Vulindlela,Mpofana,Tendela Combined School,,62,2024-12-30 00:00:00,,X8872501339
279794.0,Umgungundlovu,Vulindlela,Mpofana,Tendela Combined School,,63,2024-12-31 00:00:00,,X8972201500
279794.0,Umgungundlovu,Vulindlela,Mpofana,Tendela Combined School,,64,2025-01-01 00:00:00,,X8872501479
279794.0,Umgungundlovu,Vulindlela,Mpofana,Tendela Combined School,,65,2025-01-02 00:00:00,,X8872501447
279794.0,Umgungundlovu,Vulindlela,Mpofana,Tendela Combined School,,66,2025-01-03 00:00:00,,X8872501289
279794.0,Umgungundlovu,Vulindlela,Mpofana,Tendela Combined School,,67,2025-01-04 00:00:00,,X8872501362
279794.0,Umgungundlovu,Vulindlela,Mpofana,Tendela Combined School,,68,2025-01-05 00:00:00,,X8872501431
279794.0,Umgungundlovu,Vulindlela,Mpofana,Tendela Combined School,,69,2025-01-06 00:00:00,,X8872501430
279794.0,Umgungundlovu,Vulindlela,Mpofana,Tendela Combined School,,70,2025-01-07 00:00:00,,X8872501483
279794.0,Umgungundlovu,Vulindlela,Mpofana,Tendela Combined School,,71,2025-01-08 00:00:00,,X8872501293
279794.0,Umgungundlovu,Vulindlela,Mpofana,Tendela Combined School,,72,2025-01-09 00:00:00,,X8872501376
279794.0,Umgungundlovu,Vulindlela,Mpofana,Tendela Combined School,,73,2025-01-10 00:00:00,,X8872501498
279794.0,Umgungundlovu,Vulindlela,Mpofana,Tendela Combined School,,74,2025-01-11 00:00:00,,X8872501268
279794.0,Umgungundlovu,Vulindlela,Mpofana,Tendela Combined School,,75,2025-01-12 00:00:00,,X8872501393
291264.0,King Cetshwayo,Nkandla,Sigananda,Velangaye Secondary School,,1,2025-01-13 00:00:00,,
291264.0,King Cetshwayo,Nkandla,Sigananda,Velangaye Secondary School,,2,2025-01-14 00:00:00,,
291264.0,King Cetshwayo,Nkandla,Sigananda,Velangaye Secondary School,,3,2025-01-15 00:00:00,,CHRLX220215349
291264.0,King Cetshwayo,Nkandla,Sigananda,Velangaye Secondary School,,4,2025-01-16 00:00:00,,CHRLX220215350
291264.0,King Cetshwayo,Nkandla,Sigananda,Velangaye Secondary School,,5,2025-01-17 00:00:00,,CHRLX220215351
291264.0,King Cetshwayo,Nkandla,Sigananda,Velangaye Secondary School,,6,2025-01-18 00:00:00,,CHRLX220215352
291264.0,King Cetshwayo,Nkandla,Sigananda,Velangaye Secondary School,,7,2025-01-19 00:00:00,,CHRLX220215353
291264.0,King Cetshwayo,Nkandla,Sigananda,Velangaye Secondary School,,8,2025-01-20 00:00:00,,CHRLX220215354
291264.0,King Cetshwayo,Nkandla,Sigananda,Velangaye Secondary School,,9,2025-01-21 00:00:00,,CHRLX220215325
291264.0,King Cetshwayo,Nkandla,Sigananda,Velangaye Secondary School,,10,2025-01-22 00:00:00,,CHRLX220215326
291264.0,King Cetshwayo,Nkandla,Sigananda,Velangaye Secondary School,,11,2025-01-23 00:00:00,,CHRLX220215327
291264.0,King Cetshwayo,Nkandla,Sigananda,Velangaye Secondary School,,12,2025-01-24 00:00:00,,CHRLX220215328
291264.0,King Cetshwayo,Nkandla,Sigananda,Velangaye Secondary School,,13,2025-01-25 00:00:00,,CHRLX220215329
291264.0,King Cetshwayo,Nkandla,Sigananda,Velangaye Secondary School,,14,2025-01-26 00:00:00,,CHRLX220215330
291264.0,King Cetshwayo,Nkandla,Sigananda,Velangaye Secondary School,,15,2025-01-27 00:00:00,,CHRLX220215013
291264.0,King Cetshwayo,Nkandla,Sigananda,Velangaye Secondary School,,16,2025-01-28 00:00:00,,CHRLX220215014
291264.0,King Cetshwayo,Nkandla,Sigananda,Velangaye Secondary School,,17,2025-01-29 00:00:00,,CHRLX220215015
291264.0,King Cetshwayo,Nkandla,Sigananda,Velangaye Secondary School,,18,2025-01-30 00:00:00,,CHRLX220215016
291264.0,King Cetshwayo,Nkandla,Sigananda,Velangaye Secondary School,,19,2025-01-31 00:00:00,,CHRLX220215017
291264.0,King Cetshwayo,Nkandla,Sigananda,Velangaye Secondary School,,20,2025-02-01 00:00:00,,CHRLX220215018
291264.0,King Cetshwayo,Nkandla,Sigananda,Velangaye Secondary School,,21,2025-02-02 00:00:00,,CHRLX220215048
291264.0,King Cetshwayo,Nkandla,Sigananda,Velangaye Secondary School,,22,2025-02-03 00:00:00,,CHRLX220215047
291264.0,King Cetshwayo,Nkandla,Sigananda,Velangaye Secondary School,,23,2025-02-04 00:00:00,,CHRLX220215046
291264.0,King Cetshwayo,Nkandla,Sigananda,Velangaye Secondary School,,24,2025-02-05 00:00:00,,CHRLX220215045
291264.0,King Cetshwayo,Nkandla,Sigananda,Velangaye Secondary School,,25,2025-02-06 00:00:00,,CHRLX220215044
291264.0,King Cetshwayo,Nkandla,Sigananda,Velangaye Secondary School,,26,2025-02-07 00:00:00,,CHRLX220215043
291264.0,King Cetshwayo,Nkandla,Sigananda,Velangaye Secondary School,,27,2025-02-08 00:00:00,,CHRLX220215123
291264.0,King Cetshwayo,Nkandla,Sigananda,Velangaye Secondary School,,28,2025-02-09 00:00:00,,CHRLX220215319
291264.0,King Cetshwayo,Nkandla,Sigananda,Velangaye Secondary School,,29,2025-02-10 00:00:00,,CHRLX220215320
291264.0,King Cetshwayo,Nkandla,Sigananda,Velangaye Secondary School,,30,2025-02-11 00:00:00,,CHRLX220215321
291264.0,King Cetshwayo,Nkandla,Sigananda,Velangaye Secondary School,,31,2025-02-12 00:00:00,,CHRLX220215322
291264.0,King Cetshwayo,Nkandla,Sigananda,Velangaye Secondary School,,32,2025-02-13 00:00:00,,CHRLX220215323
291264.0,King Cetshwayo,Nkandla,Sigananda,Velangaye Secondary School,,33,2025-02-14 00:00:00,,CHRLX220215324
291264.0,King Cetshwayo,Nkandla,Sigananda,Velangaye Secondary School,,34,2025-02-15 00:00:00,,CHRLX220215469
291264.0,King Cetshwayo,Nkandla,Sigananda,Velangaye Secondary School,,35,2025-02-16 00:00:00,,CHRLX220215470
291264.0,King Cetshwayo,Nkandla,Sigananda,Velangaye Secondary School,,36,2025-02-17 00:00:00,,CHRLX220215471
291264.0,King Cetshwayo,Nkandla,Sigananda,Velangaye Secondary School,,37,2025-02-18 00:00:00,,CHRLX220215472
291264.0,King Cetshwayo,Nkandla,Sigananda,Velangaye Secondary School,,38,2025-02-19 00:00:00,,CHRLX220215473
291264.0,King Cetshwayo,Nkandla,Sigananda,Velangaye Secondary School,,39,2025-02-20 00:00:00,,CHRLX220215474
291264.0,King Cetshwayo,Nkandla,Sigananda,Velangaye Secondary School,,40,2025-02-21 00:00:00,,CHRLX220215007
291264.0,King Cetshwayo,Nkandla,Sigananda,Velangaye Secondary School,,41,2025-02-22 00:00:00,,CHRLX220215008
291264.0,King Cetshwayo,Nkandla,Sigananda,Velangaye Secondary School,,42,2025-02-23 00:00:00,,CHRLX220215009
291264.0,King Cetshwayo,Nkandla,Sigananda,Velangaye Secondary School,,43,2025-02-24 00:00:00,,CHRLX220215010
291264.0,King Cetshwayo,Nkandla,Sigananda,Velangaye Secondary School,,44,2025-02-25 00:00:00,,CHRLX220215011
291264.0,King Cetshwayo,Nkandla,Sigananda,Velangaye Secondary School,,45,2025-02-26 00:00:00,,CHRLX220215012
291264.0,King Cetshwayo,Nkandla,Sigananda,Velangaye Secondary School,,46,2025-02-27 00:00:00,,CHRLX220215426
291264.0,King Cetshwayo,Nkandla,Sigananda,Velangaye Secondary School,,47,2025-02-28 00:00:00,,CHRLX220215425
291264.0,King Cetshwayo,Nkandla,Sigananda,Velangaye Secondary School,,48,2025-03-01 00:00:00,,CHRLX220215424
291264.0,King Cetshwayo,Nkandla,Sigananda,Velangaye Secondary School,,49,2025-03-02 00:00:00,,CHRLX220215423
291264.0,King Cetshwayo,Nkandla,Sigananda,Velangaye Secondary School,,50,2025-03-03 00:00:00,,CHRLX220215422
291264.0,King Cetshwayo,Nkandla,Sigananda,Velangaye Secondary School,,51,2025-03-04 00:00:00,,CHRLX220215421
291264.0,King Cetshwayo,Nkandla,Sigananda,Velangaye Secondary School,,52,2025-03-05 00:00:00,,
291264.0,King Cetshwayo,Nkandla,Sigananda,Velangaye Secondary School,,53,2025-03-06 00:00:00,,
291264.0,King Cetshwayo,Nkandla,Sigananda,Velangaye Secondary School,,54,2025-03-07 00:00:00,,
291264.0,King Cetshwayo,Nkandla,Sigananda,Velangaye Secondary School,,55,2025-03-08 00:00:00,,PF3JWHH2
291264.0,King Cetshwayo,Nkandla,Sigananda,Velangaye Secondary School,,56,2025-03-09 00:00:00,,PF3EKGAX
291264.0,King Cetshwayo,Nkandla,Sigananda,Velangaye Secondary School,,57,2025-03-10 00:00:00,,SPF3EK2JR
291264.0,King Cetshwayo,Nkandla,Sigananda,Velangaye Secondary School,,58,2025-03-11 00:00:00,,SPF3G8V8Y
291264.0,King Cetshwayo,Nkandla,Sigananda,Velangaye Secondary School,,59,2025-03-12 00:00:00,,SPF3G8AVT
291264.0,King Cetshwayo,Nkandla,Sigananda,Velangaye Secondary School,,60,2025-03-13 00:00:00,,SPF3EKEZT
291264.0,King Cetshwayo,Nkandla,Sigananda,Velangaye Secondary School,,61,2025-03-14 00:00:00,,SPF3HM2W9
291264.0,King Cetshwayo,Nkandla,Sigananda,Velangaye Secondary School,,62,2025-03-15 00:00:00,,SPF3E7KD1
291264.0,King Cetshwayo,Nkandla,Sigananda,Velangaye Secondary School,,63,2025-03-16 00:00:00,,SPF3G8V7R
291264.0,King Cetshwayo,Nkandla,Sigananda,Velangaye Secondary School,,64,2025-03-17 00:00:00,,SPF3G6TN7
291264.0,King Cetshwayo,Nkandla,Sigananda,Velangaye Secondary School,,65,2025-03-18 00:00:00,,SPF3G8XGJ
291264.0,King Cetshwayo,Nkandla,Sigananda,Velangaye Secondary School,,66,2025-03-19 00:00:00,,SPF3JWND9
291264.0,King Cetshwayo,Nkandla,Sigananda,Velangaye Secondary School,,67,2025-03-20 00:00:00,,SPF3K4MBC
291264.0,King Cetshwayo,Nkandla,Sigananda,Velangaye Secondary School,,68,2025-03-21 00:00:00,,SPF3EKTHY
291264.0,King Cetshwayo,Nkandla,Sigananda,Velangaye Secondary School,,69,2025-03-22 00:00:00,,SPF3G79ME
291264.0,King Cetshwayo,Nkandla,Sigananda,Velangaye Secondary School,,70,2025-03-23 00:00:00,,SPF3EKE04
291264.0,King Cetshwayo,Nkandla,Sigananda,Velangaye Secondary School,,71,2025-03-24 00:00:00,,SPF3K9086
291264.0,King Cetshwayo,Nkandla,Sigananda,Velangaye Secondary School,,72,2025-03-25 00:00:00,,SPF3EK2K2
291264.0,King Cetshwayo,Nkandla,Sigananda,Velangaye Secondary School,,73,2025-03-26 00:00:00,,SPF3JWCRL
291264.0,King Cetshwayo,Nkandla,Sigananda,Velangaye Secondary School,,74,2025-03-27 00:00:00,,SPF3G79MX
291264.0,King Cetshwayo,Nkandla,Sigananda,Velangaye Secondary School,,75,2025-03-28 00:00:00,,SPF3G88QA
291264.0,King Cetshwayo,Nkandla,Sigananda,Velangaye Secondary School,,76,2025-03-29 00:00:00,,SPF3G75AR
291264.0,King Cetshwayo,Nkandla,Sigananda,Velangaye Secondary School,,77,2025-03-30 00:00:00,,SPF3EK213
291264.0,King Cetshwayo,Nkandla,Sigananda,Velangaye Secondary School,,78,2025-03-31 00:00:00,,SPF3G77EV
291264.0,King Cetshwayo,Nkandla,Sigananda,Velangaye Secondary School,,79,2025-04-01 00:00:00,,SPF3G85AR
291264.0,King Cetshwayo,Nkandla,Sigananda,Velangaye Secondary School,,80,2025-04-02 00:00:00,,SPF3G8XCT
291264.0,King Cetshwayo,Nkandla,Sigananda,Velangaye Secondary School,,81,2025-04-03 00:00:00,,SPF3JW56Q
291264.0,King Cetshwayo,Nkandla,Sigananda,Velangaye Secondary School,,82,2025-04-04 00:00:00,,SPF3EKEDN
291264.0,King Cetshwayo,Nkandla,Sigananda,Velangaye Secondary School,,83,2025-04-05 00:00:00,,SPF3G72VD
291264.0,King Cetshwayo,Nkandla,Sigananda,Velangaye Secondary School,,84,2025-04-06 00:00:00,,SPF3EKIGE
291264.0,King Cetshwayo,Nkandla,Sigananda,Velangaye Secondary School,,85,2025-04-07 00:00:00,,SPF3HM2R2
291264.0,King Cetshwayo,Nkandla,Sigananda,Velangaye Secondary School,,86,2025-04-08 00:00:00,,SPF3G754E
291264.0,King Cetshwayo,Nkandla,Sigananda,Velangaye Secondary School,,87,2025-04-09 00:00:00,,SPF3K47QG
291264.0,King Cetshwayo,Nkandla,Sigananda,Velangaye Secondary School,,88,2025-04-10 00:00:00,,SPF3JWHP7
291264.0,King Cetshwayo,Nkandla,Sigananda,Velangaye Secondary School,,89,2025-04-11 00:00:00,,SPF3JWS9J
291264.0,King Cetshwayo,Nkandla,Sigananda,Velangaye Secondary School,,90,2025-04-12 00:00:00,,SPF3G8VAC
291264.0,King Cetshwayo,Nkandla,Sigananda,Velangaye Secondary School,,91,2025-04-13 00:00:00,,SPF3G72V3
291264.0,King Cetshwayo,Nkandla,Sigananda,Velangaye Secondary School,,92,2025-04-14 00:00:00,,SPF3EKG8C
291264.0,King Cetshwayo,Nkandla,Sigananda,Velangaye Secondary School,,93,2025-04-15 00:00:00,,SPF3EKJG7
291264.0,King Cetshwayo,Nkandla,Sigananda,Velangaye Secondary School,,94,2025-04-16 00:00:00,,SPF3EK4TP
291264.0,King Cetshwayo,Nkandla,Sigananda,Velangaye Secondary School,,95,2025-04-17 00:00:00,,N1N0CV11657202B
291264.0,King Cetshwayo,Nkandla,Sigananda,Velangaye Secondary School,,96,2025-04-18 00:00:00,,N2N0CV06Y310075
291264.0,King Cetshwayo,Nkandla,Sigananda,Velangaye Secondary School,,97,2025-04-19 00:00:00,,N1N0CV11664202E
291264.0,King Cetshwayo,Nkandla,Sigananda,Velangaye Secondary School,,98,2025-04-20 00:00:00,,N2N0CV06Y30207B
291264.0,King Cetshwayo,Nkandla,Sigananda,Velangaye Secondary School,,99,2025-04-21 00:00:00,,N2N0CV01Y881064
291264.0,King Cetshwayo,Nkandla,Sigananda,Velangaye Secondary School,,100,2025-04-22 00:00:00,,N2N0CV01Y928066
291264.0,King Cetshwayo,Nkandla,Sigananda,Velangaye Secondary School,,101,2025-04-23 00:00:00,,N2N0CV06Y283079
291264.0,King Cetshwayo,Nkandla,Sigananda,Velangaye Secondary School,,102,2025-04-24 00:00:00,,N1N0CV116585028
291264.0,King Cetshwayo,Nkandla,Sigananda,Velangaye Secondary School,,103,2025-04-25 00:00:00,,N2N0CV06Y317077
291264.0,King Cetshwayo,Nkandla,Sigananda,Velangaye Secondary School,,104,2025-04-26 00:00:00,,N2N0CV01Y85506D
291264.0,King Cetshwayo,Nkandla,Sigananda,Velangaye Secondary School,,105,2025-04-27 00:00:00,,N2N0CV01Y936066
291264.0,King Cetshwayo,Nkandla,Sigananda,Velangaye Secondary School,,106,2025-04-28 00:00:00,,N2N0CV06Y278077
291264.0,King Cetshwayo,Nkandla,Sigananda,Velangaye Secondary School,,107,2025-04-29 00:00:00,,N2N0CV01Y929064
291264.0,King Cetshwayo,Nkandla,Sigananda,Velangaye Secondary School,,108,2025-04-30 00:00:00,,N2N0CV01Y858069
291264.0,King Cetshwayo,Nkandla,Sigananda,Velangaye Secondary School,,109,2025-05-01 00:00:00,,N2N0CV01Y864068
291264.0,King Cetshwayo,Nkandla,Sigananda,Velangaye Secondary School,,110,2025-05-02 00:00:00,,N2N0CV01Y934068
291264.0,King Cetshwayo,Nkandla,Sigananda,Velangaye Secondary School,,111,2025-05-03 00:00:00,,N2N0CV01Y869064
291264.0,King Cetshwayo,Nkandla,Sigananda,Velangaye Secondary School,,112,2025-05-04 00:00:00,,N2N0CV01Y902064
291264.0,King Cetshwayo,Nkandla,Sigananda,Velangaye Secondary School,,113,2025-05-05 00:00:00,,N2N0CV01Y899069
291264.0,King Cetshwayo,Nkandla,Sigananda,Velangaye Secondary School,,114,2025-05-06 00:00:00,,N2N0CV06Y25307B
291264.0,King Cetshwayo,Nkandla,Sigananda,Velangaye Secondary School,,115,2025-05-07 00:00:00,,N2N0CV06Y26307H
291264.0,King Cetshwayo,Nkandla,Sigananda,Velangaye Secondary School,,116,2025-05-08 00:00:00,,N1N0CV11659102E
291264.0,King Cetshwayo,Nkandla,Sigananda,Velangaye Secondary School,,117,2025-05-09 00:00:00,,N2N0CV01Y884065
291264.0,King Cetshwayo,Nkandla,Sigananda,Velangaye Secondary School,,118,2025-05-10 00:00:00,,N1N0CV11657302B
291264.0,King Cetshwayo,Nkandla,Sigananda,Velangaye Secondary School,,119,2025-05-11 00:00:00,,N1N0CV11665002F
291264.0,King Cetshwayo,Nkandla,Sigananda,Velangaye Secondary School,,120,2025-05-12 00:00:00,,N2N0CV06Y285079
291264.0,King Cetshwayo,Nkandla,Sigananda,Velangaye Secondary School,,121,2025-05-13 00:00:00,,N1N0CV116616025
291264.0,King Cetshwayo,Nkandla,Sigananda,Velangaye Secondary School,,122,2025-05-14 00:00:00,,N1N0CV11661802A
291264.0,King Cetshwayo,Nkandla,Sigananda,Velangaye Secondary School,,123,2025-05-15 00:00:00,,N1N0CV116608024
291264.0,King Cetshwayo,Nkandla,Sigananda,Velangaye Secondary School,,124,2025-05-16 00:00:00,,N1N0CV116586028
291264.0,King Cetshwayo,Nkandla,Sigananda,Velangaye Secondary School,,125,2025-05-17 00:00:00,,N1N0CV116637020
291264.0,King Cetshwayo,Nkandla,Sigananda,Velangaye Secondary School,,126,2025-05-18 00:00:00,,N1N0CV11665402D
291264.0,King Cetshwayo,Nkandla,Sigananda,Velangaye Secondary School,,127,2025-05-19 00:00:00,,N1N0CV116656027
291264.0,King Cetshwayo,Nkandla,Sigananda,Velangaye Secondary School,,128,2025-05-20 00:00:00,,N1N0CV116582028
291264.0,King Cetshwayo,Nkandla,Sigananda,Velangaye Secondary School,,129,2025-05-21 00:00:00,,N1N0CV116563024
291264.0,King Cetshwayo,Nkandla,Sigananda,Velangaye Secondary School,,130,2025-05-22 00:00:00,,N2N0CV01Y860068
291264.0,King Cetshwayo,Nkandla,Sigananda,Velangaye Secondary School,,131,2025-05-23 00:00:00,,N2N0CV01Y89606F
291264.0,King Cetshwayo,Nkandla,Sigananda,Velangaye Secondary School,,132,2025-05-24 00:00:00,,N2N0CV06Y296079
291264.0,King Cetshwayo,Nkandla,Sigananda,Velangaye Secondary School,,133,2025-05-25 00:00:00,,N2N0CV06Y30507E
291264.0,King Cetshwayo,Nkandla,Sigananda,Velangaye Secondary School,,134,2025-05-26 00:00:00,,N1N0CV116581029
291264.0,King Cetshwayo,Nkandla,Sigananda,Velangaye Secondary School,,135,2025-05-27 00:00:00,,N2N0CV06Y26407H
291264.0,King Cetshwayo,Nkandla,Sigananda,Velangaye Secondary School,,136,2025-05-28 00:00:00,,N2N0CV06Y322074
291264.0,King Cetshwayo,Nkandla,Sigananda,Velangaye Secondary School,,137,2025-05-29 00:00:00,,N1N0CV116632027
291264.0,King Cetshwayo,Nkandla,Sigananda,Velangaye Secondary School,,138,2025-05-30 00:00:00,,N1N0CV116597024
291264.0,King Cetshwayo,Nkandla,Sigananda,Velangaye Secondary School,,139,2025-05-31 00:00:00,,N2N0CV06Y28207F
291264.0,King Cetshwayo,Nkandla,Sigananda,Velangaye Secondary School,,140,2025-06-01 00:00:00,,N2N0CV06Y245074
291264.0,King Cetshwayo,Nkandla,Sigananda,Velangaye Secondary School,,141,2025-06-02 00:00:00,,N1N0CV116577026
291264.0,King Cetshwayo,Nkandla,Sigananda,Velangaye Secondary School,,142,2025-06-03 00:00:00,,N1N0CV116579021
291264.0,King Cetshwayo,Nkandla,Sigananda,Velangaye Secondary School,,143,2025-06-04 00:00:00,,N1N0CV116559029
291264.0,King Cetshwayo,Nkandla,Sigananda,Velangaye Secondary School,,144,2025-06-05 00:00:00,,N1N0CV11659802D
291264.0,King Cetshwayo,Nkandla,Sigananda,Velangaye Secondary School,,145,2025-06-06 00:00:00,,N2N0CV06Y261078
291264.0,King Cetshwayo,Nkandla,Sigananda,Velangaye Secondary School,,146,2025-06-07 00:00:00,,N2N0CV06Y27207B
291264.0,King Cetshwayo,Nkandla,Sigananda,Velangaye Secondary School,,147,2025-06-08 00:00:00,,
291264.0,King Cetshwayo,Nkandla,Sigananda,Velangaye Secondary School,,148,2025-06-09 00:00:00,,95XD1000091H04620712
291264.0,King Cetshwayo,Nkandla,Sigananda,Velangaye Secondary School,,149,2025-06-10 00:00:00,,X8VX1402084
291264.0,King Cetshwayo,Nkandla,Sigananda,Velangaye Secondary School,,150,2025-06-11 00:00:00,,V12HA06A06
291264.0,King Cetshwayo,Nkandla,Sigananda,Velangaye Secondary School,,151,2025-06-12 00:00:00,,XBPCZ00160
291264.0,King Cetshwayo,Nkandla,Sigananda,Velangaye Secondary School,,152,2025-06-13 00:00:00,,XBPCZ00588
291264.0,King Cetshwayo,Nkandla,Sigananda,Velangaye Secondary School,,153,2025-06-14 00:00:00,,XBPCZ00293
291264.0,King Cetshwayo,Nkandla,Sigananda,Velangaye Secondary School,,154,2025-06-15 00:00:00,,XBPCZ00314
291264.0,King Cetshwayo,Nkandla,Sigananda,Velangaye Secondary School,,155,2025-06-16 00:00:00,,XBPCZ00422
291264.0,King Cetshwayo,Nkandla,Sigananda,Velangaye Secondary School,,156,2025-06-17 00:00:00,,XBPCZ00230
291264.0,King Cetshwayo,Nkandla,Sigananda,Velangaye Secondary School,,157,2025-06-18 00:00:00,,XBPCZ00461
291264.0,King Cetshwayo,Nkandla,Sigananda,Velangaye Secondary School,,158,2025-06-19 00:00:00,,XBPCZ00423
291264.0,King Cetshwayo,Nkandla,Sigananda,Velangaye Secondary School,,159,2025-06-20 00:00:00,,XBPCZ00374
291264.0,King Cetshwayo,Nkandla,Sigananda,Velangaye Secondary School,,160,2025-06-21 00:00:00,,XBPCZ00503
291264.0,King Cetshwayo,Nkandla,Sigananda,Velangaye Secondary School,,161,2025-06-22 00:00:00,,XBPCZ00419
291264.0,King Cetshwayo,Nkandla,Sigananda,Velangaye Secondary School,,162,2025-06-23 00:00:00,,XBPCZ00161
291264.0,King Cetshwayo,Nkandla,Sigananda,Velangaye Secondary School,,163,2025-06-24 00:00:00,,XBPCZ00572
291264.0,King Cetshwayo,Nkandla,Sigananda,Velangaye Secondary School,,164,2025-06-25 00:00:00,,XBPCZ00489
291264.0,King Cetshwayo,Nkandla,Sigananda,Velangaye Secondary School,,165,2025-06-26 00:00:00,,XBPCZ00568
291264.0,King Cetshwayo,Nkandla,Sigananda,Velangaye Secondary School,,166,2025-06-27 00:00:00,,XBPCZ00297
291264.0,King Cetshwayo,Nkandla,Sigananda,Velangaye Secondary School,,167,2025-06-28 00:00:00,,XBPCZ00499
291264.0,King Cetshwayo,Nkandla,Sigananda,Velangaye Secondary School,,168,2025-06-29 00:00:00,,XBPCZ00110
291264.0,King Cetshwayo,Nkandla,Sigananda,Velangaye Secondary School,,169,2025-06-30 00:00:00,,XBPCZ00132
291264.0,King Cetshwayo,Nkandla,Sigananda,Velangaye Secondary School,,170,2025-07-01 00:00:00,,XBPCZ00329
291264.0,King Cetshwayo,Nkandla,Sigananda,Velangaye Secondary School,,171,2025-07-02 00:00:00,,XBPCZ00385
291264.0,King Cetshwayo,Nkandla,Sigananda,Velangaye Secondary School,,172,2025-07-03 00:00:00,,XBPCZ00553
291264.0,King Cetshwayo,Nkandla,Sigananda,Velangaye Secondary School,,173,2025-07-04 00:00:00,,XBPCZ00551
291264.0,King Cetshwayo,Nkandla,Sigananda,Velangaye Secondary School,,174,2025-07-05 00:00:00,,XBPCZ00488
291264.0,King Cetshwayo,Nkandla,Sigananda,Velangaye Secondary School,,175,2025-07-06 00:00:00,,XBPCZ00424
291264.0,King Cetshwayo,Nkandla,Sigananda,Velangaye Secondary School,,176,2025-07-07 00:00:00,,XBPCZ00373
291264.0,King Cetshwayo,Nkandla,Sigananda,Velangaye Secondary School,,177,2025-07-08 00:00:00,,XBPCZ00377
291264.0,King Cetshwayo,Nkandla,Sigananda,Velangaye Secondary School,,178,2025-07-09 00:00:00,,XBPCZ00371
291264.0,King Cetshwayo,Nkandla,Sigananda,Velangaye Secondary School,,179,2025-07-10 00:00:00,,XBPCZ00335
291264.0,King Cetshwayo,Nkandla,Sigananda,Velangaye Secondary School,,180,2025-07-11 00:00:00,,XBPCZ00124
291264.0,King Cetshwayo,Nkandla,Sigananda,Velangaye Secondary School,,181,2025-07-12 00:00:00,,XBPC2Y00507
291264.0,King Cetshwayo,Nkandla,Sigananda,Velangaye Secondary School,,182,2025-07-13 00:00:00,,XBPC2Y00376
291264.0,King Cetshwayo,Nkandla,Sigananda,Velangaye Secondary School,,183,2025-07-14 00:00:00,,XBPC2Y00564
291264.0,King Cetshwayo,Nkandla,Sigananda,Velangaye Secondary School,,184,2025-07-15 00:00:00,,XBPC2Y00370
291264.0,King Cetshwayo,Nkandla,Sigananda,Velangaye Secondary School,,185,2025-07-16 00:00:00,,XBPC2Y00372
291264.0,King Cetshwayo,Nkandla,Sigananda,Velangaye Secondary School,,186,2025-07-17 00:00:00,,XBPC2Z00109
291264.0,King Cetshwayo,Nkandla,Sigananda,Velangaye Secondary School,,187,2025-07-18 00:00:00,,XBPC2Z00178
291264.0,King Cetshwayo,Nkandla,Sigananda,Velangaye Secondary School,,188,2025-07-19 00:00:00,,XBPC2Y00559
291264.0,King Cetshwayo,Nkandla,Sigananda,Velangaye Secondary School,,189,2025-07-20 00:00:00,,XBPC2Y00167
291264.0,King Cetshwayo,Nkandla,Sigananda,Velangaye Secondary School,,190,2025-07-21 00:00:00,,XBPC2Y00380
291264.0,King Cetshwayo,Nkandla,Sigananda,Velangaye Secondary School,,191,2025-07-22 00:00:00,,XBPC2Y00556
291264.0,King Cetshwayo,Nkandla,Sigananda,Velangaye Secondary School,,192,2025-07-23 00:00:00,,XBPC2Y00317
291264.0,King Cetshwayo,Nkandla,Sigananda,Velangaye Secondary School,,193,2025-07-24 00:00:00,,XBPC2Y00558
291264.0,King Cetshwayo,Nkandla,Sigananda,Velangaye Secondary School,,194,2025-07-25 00:00:00,,XBPC2Z00273
291264.0,King Cetshwayo,Nkandla,Sigananda,Velangaye Secondary School,,195,2025-07-26 00:00:00,,XBPC2Z00229
291264.0,King Cetshwayo,Nkandla,Sigananda,Velangaye Secondary School,,196,2025-07-27 00:00:00,,XBPC2Y00265
291264.0,King Cetshwayo,Nkandla,Sigananda,Velangaye Secondary School,,197,2025-07-28 00:00:00,,XBPC2Z00174
291264.0,King Cetshwayo,Nkandla,Sigananda,Velangaye Secondary School,,198,2025-07-29 00:00:00,,XBPC2Y00486
291264.0,King Cetshwayo,Nkandla,Sigananda,Velangaye Secondary School,,199,2025-07-30 00:00:00,,XBPC2Y00552
509233134,Amajuba,Dannhauser,Normandien,Dannhauser Primary School,10,(Not Provided),Teacher Laptop,SPF50Y3BR
500233454,Amajuba,Dannhauser,Normandien,Dannhauser Primary School,9,(Not Provided),Learner Laptop,SPF50V8TW
500233454,Amajuba,Dannhauser,Normandien,Dannhauser Primary School,9,(Not Provided),Learner Laptop,SPF50XP57
500233454,Amajuba,Dannhauser,Normandien,Dannhauser Primary School,9,(Not Provided),Learner Laptop,SPF50Y331
500233454,Amajuba,Dannhauser,Normandien,Dannhauser Primary School,9,(Not Provided),Learner Laptop,SPF50X6W5
500233454,Amajuba,Dannhauser,Normandien,Dannhauser Primary School,9,(Not Provided),Learner Laptop,SPF50WRKZ
500233454,Amajuba,Dannhauser,Normandien,Dannhauser Primary School,9,(Not Provided),Learner Laptop,SPF50Y371
500233454,Amajuba,Dannhauser,Normandien,Dannhauser Primary School,9,(Not Provided),Learner Laptop,SPF50Y3DV
500233454,Amajuba,Dannhauser,Normandien,Dannhauser Primary School,9,(Not Provided),Learner Laptop,SPF50XRBV
500233454,Amajuba,Dannhauser,Normandien,Dannhauser Primary School,9,(Not Provided),Learner Laptop,SPF50VBAF
500233454,Amajuba,Dannhauser,Normandien,Dannhauser Primary School,9,(Not Provided),Learner Laptop,SPF50Y3A0
500233454,Amajuba,Dannhauser,Normandien,Dannhauser Primary School,9,(Not Provided),Learner Laptop,SPF50SLME
500233454,Amajuba,Dannhauser,Normandien,Dannhauser Primary School,9,(Not Provided),Learner Laptop,SPF50STAP
500233454,Amajuba,Dannhauser,Normandien,Dannhauser Primary School,9,(Not Provided),Learner Laptop,SPF50RBTH
500233454,Amajuba,Dannhauser,Normandien,Dannhauser Primary School,9,(Not Provided),Learner Laptop,SPF50XIML
500233454,Amajuba,Dannhauser,Normandien,Dannhauser Primary School,9,(Not Provided),Learner Laptop,SPF50VLB3
500233454,Amajuba,Dannhauser,Normandien,Dannhauser Primary School,9,(Not Provided),Learner Laptop,SPF50XLWP
500233454,Amajuba,Dannhauser,Normandien,Dannhauser Primary School,9,(Not Provided),Learner Laptop,SPF50SNV4
500233454,Amajuba,Dannhauser,Normandien,Dannhauser Primary School,9,(Not Provided),Learner Laptop,SPF50XN3
500233454,Amajuba,Dannhauser,Normandien,Dannhauser Primary School,9,(Not Provided),Learner Laptop,SPF50X6VD
500233454,Amajuba,Dannhauser,Normandien,Dannhauser Primary School,9,(Not Provided),Learner Laptop,SPF50XPSX
500170385,Amajuba,Dannhauser,Normandien,Iziko Primary School,5,2026-07-23 00:00:00,Head-Miniboard,(Not Provided)
500170385,Amajuba,Dannhauser,Normandien,Iziko Primary School,1,18/04/2024,"1- AWD Street Hotel, C/C (Danish Historic) 5x",(Not Provided)
500170385,Amajuba,Dannhauser,Normandien,Iziko Primary School,13,(Not Provided),"2+ Madison Street Road, C/C (Danish Jackson Line)",(Not Provided)
500170385,Amajuba,Dannhauser,Normandien,Iziko Primary School,14,18/09/2024,3+ The Catholic Landhouse: Bishops who receive time,(Not Provided)
500170385,Amajuba,Dannhauser,Normandien,Iziko Primary School,6,18/09/2024,5+ Water and Arid for different schools,(Not Provided)
500170385,Amajuba,Dannhauser,Normandien,Iziko Primary School,14,13/01/2024,6+ Tucson (CO1258) West Dr. Aberneth Street - 500 pc,(Not Provided)
500170385,Amajuba,Dannhauser,Normandien,Iziko Primary School,14,(Not Provided),"7+ Townsend (CO185) West Dr. Both & Wimbled St. Alameda, Sunnless Street - 124 pc",(Not Provided)
500170385,Amajuba,Dannhauser,Normandien,Iziko Primary School,5,13/09/2024,8+ Memorial City Drive Place Park Riddlester (Dr. Both Estebanette Gt. - 500 pc),(Not Provided)
500170385,Amajuba,Dannhauser,Normandien,Iziko Primary School,(Not Provided),(Not Provided),9+ Prince of the Seychelles Association - MacMahon House - 147 pc,(Not Provided)
500170385,Amajuba,Dannhauser,Normandien,Iziko Primary School,8,13/01/2024,10+ Street Plcafield Hall - 75 pc,(Not Provided)
500170385,Amajuba,Dannhauser,Normandien,Iziko Primary School,9,(Not Provided),11+ Street Street Hedgehog - 14 pc,(Not Provided)
500170385,Amajuba,Dannhauser,Normandien,Iziko Primary School,9,(Not Provided),"Village-Like Airy Place Green Mt. Riddlese Road Pulley Red, North Ryder",(Not Provided)
500170385,Amajuba,Dannhauser,Normandien,Iziko Primary School,9,(Not Provided),30 pc LED Kit (Constantin Square and Stone LEDs),(Not Provided)
500170385,Amajuba,Dannhauser,Normandien,Iziko Primary School,9,(Not Provided),Emergency AA4 + AA 4 Pod Remarks 1.0-Junuary,(Not Provided)
500170385,Amajuba,Dannhauser,Normandien,Iziko Primary School,9,(Not Provided),"Resident service Rd (400 pc), various residences visited",(Not Provided)
500170385,Amajuba,Dannhauser,Normandien,Iziko Primary School,9,(Not Provided),"STAR / Terminal Building (Aldredwood, New York Central Suburbs)",(Not Provided)
500170385,Amajuba,Dannhauser,Normandien,Iziko Primary School,9,(Not Provided),"GPS Site Programming (POLS Lights Boone, Ann Arbor)",(Not Provided)
500170385,Amajuba,Dannhauser,Normandien,Iziko Primary School,9,(Not Provided),Longway Blendstone Circle and RD 475M Motor Mouse Activity Set,(Not Provided)
500170385,Amajuba,Dannhauser,Normandien,Iziko Primary School,9,(Not Provided),Staff Company Hill Space Mounted operating weekend,(Not Provided)
500170385,Amajuba,Dannhauser,Normandien,Iziko Primary School,9,(Not Provided),Battery Packet AG,(Not Provided)
500170385,Amajuba,Dannhauser,Normandien,Iziko Primary School,9,(Not Provided),4.5-DD Lane building,(Not Provided)
500170385,Amajuba,Dannhauser,Normandien,Iziko Primary School,9,(Not Provided),Highland Whiteboard,(Not Provided)
500170385,Amajuba,Dannhauser,Normandien,Iziko Primary School,9,(Not Provided),DC Motors,(Not Provided)
500170385,Amajuba,Dannhauser,Normandien,Iziko Primary School,9,(Not Provided),"Banner Charts 16, each remaining of: 25 AA Battery holder",(Not Provided)
500170385,Amajuba,Dannhauser,Normandien,Iziko Primary School,9,(Not Provided),Large continuous batter,(Not Provided)
500170385,Amajuba,Dannhauser,Normandien,Iziko Primary School,9,(Not Provided),Small continuous batter,(Not Provided)
500170385,Amajuba,Dannhauser,Normandien,Iziko Primary School,9,(Not Provided),Large switch,(Not Provided)
500170385,Amajuba,Dannhauser,Normandien,Iziko Primary School,9,(Not Provided),"Large tube Chart 16, each remaining of: 28 AA Battery holders",(Not Provided)
500170385,Amajuba,Dannhauser,Normandien,Iziko Primary School,9,(Not Provided),32 AA LED battery (kg),(Not Provided)
500170385,Amajuba,Dannhauser,Normandien,Iziko Primary School,9,(Not Provided),"5"" Make to make recytoires where we (bannerful), each consisting of:",(Not Provided)
500170385,Amajuba,Dannhauser,Normandien,Iziko Primary School,5,23/01/2025,30-5 Miles-to-Make Jumper when - rest (long),(Not Provided)
500170385,Amajuba,Dannhauser,Normandien,Iziko Primary School,10,(Not Provided),30-5 Miles-to-Make Jumper when - rest (long),(Not Provided)
500170385,Amajuba,Dannhauser,Normandien,Iziko Primary School,(Not Provided),(Not Provided),30-5 Miles-to-Make Jumper when - black (long),(Not Provided)
500170385,Amajuba,Dannhauser,Normandien,Iziko Primary School,14,13/09/2024,30-5 Miles-to-Make Jumper when - rainbow (long),(Not Provided)
500170385,Amajuba,Dannhauser,Normandien,Iziko Primary School,(Not Provided),13/01/2024,30-5 Miles-to-Make Jumper when - yellow (short),(Not Provided)
500170385,Amajuba,Dannhauser,Normandien,Iziko Primary School,(Not Provided),(Not Provided),"5"" Converting loads with one click (5 pixel)",(Not Provided)
500170385,Amajuba,Dannhauser,Normandien,Iziko Primary School,13,(Not Provided),"7"" Moving gear set",(Not Provided)
500170385,Amajuba,Dannhauser,Normandien,Iziko Primary School,5,22/01/2025,"8"" Moving concursors",(Not Provided)
500170385,Amajuba,Dannhauser,Normandien,Iziko Primary School,13,13/09/2024,(Charging Trolley),(Not Provided)
500170385,Amajuba,Dannhauser,Normandien,Iziko Primary School,1,13/01/2024,Data Projector Brackets,
500170385,Amajuba,Dannhauser,Normandien,Iziko Primary School,4,13/01/2024,Cabinet,
ISO1215258,Amajuba,Dannhauser,Normandien,Mlamleli Primary School,(Not Provided),(Not Provided),CABINET,
ISO2212528,Amajuba,Dannhauser,Normandien,Mlamleli Primary School,(Not Provided),(Not Provided),(Not Specified),(Not Provided)
ISO2212528,Amajuba,Dannhauser,Normandien,Mlamleli Primary School,(Not Provided),(Not Provided),Fixed whiteboard,
S00212528,Amajuba,Dannhauser,Normandien,Mlamleli Primary School,(Not Provided),(Not Provided),HDMI,D/S
500447441,Amajuba,Dannhauser,Normandien,Nzimende Primary School,(Not Provided),(Not Provided),Learner Laptop,SPF50XT2
500447441,Amajuba,Dannhauser,Normandien,Nzimende Primary School,(Not Provided),(Not Provided),Learner Laptop,SPF50WPPO
500447441,Amajuba,Dannhauser,Normandien,Nzimende Primary School,(Not Provided),(Not Provided),Learner Laptop,SPF50WRLV
500447441,Amajuba,Dannhauser,Normandien,Nzimende Primary School,(Not Provided),(Not Provided),Learner Laptop,SPF50RBT9
500447441,Amajuba,Dannhauser,Normandien,Nzimende Primary School,(Not Provided),(Not Provided),Learner Laptop,SPF50X965
500447441,Amajuba,Dannhauser,Normandien,Nzimende Primary School,(Not Provided),(Not Provided),Learner Laptop,SPF50XREP
500447441,Amajuba,Dannhauser,Normandien,Nzimende Primary School,(Not Provided),(Not Provided),Learner Laptop,SPF50SLLM
500447441,Amajuba,Dannhauser,Normandien,Nzimende Primary School,(Not Provided),(Not Provided),Learner Laptop,SPF50YSE6
500447441,Amajuba,Dannhauser,Normandien,Nzimende Primary School,(Not Provided),(Not Provided),Learner Laptop,SPF50RP89
500447441,Amajuba,Dannhauser,Normandien,Nzimende Primary School,(Not Provided),(Not Provided),Learner Laptop,SPF50YZTW
500447441,Amajuba,Dannhauser,Normandien,Nzimende Primary School,(Not Provided),(Not Provided),Learner Laptop,SPF50Y3C8
500447441,Amajuba,Dannhauser,Normandien,Nzimende Primary School,(Not Provided),(Not Provided),Learner Laptop,SPF50Y2WM
500447441,Amajuba,Dannhauser,Normandien,Nzimende Primary School,(Not Provided),(Not Provided),Learner Laptop,SPF50Y333
500447441,Amajuba,Dannhauser,Normandien,Nzimende Primary School,(Not Provided),(Not Provided),Learner Laptop,SPF50YZJM
500447441,Amajuba,Dannhauser,Normandien,Nzimende Primary School,(Not Provided),(Not Provided),Learner Laptop,SPF50RPAY
500447441,Amajuba,Dannhauser,Normandien,Nzimende Primary School,(Not Provided),(Not Provided),Learner Laptop,SPF50XGYY
500447441,Amajuba,Dannhauser,Normandien,Nzimende Primary School,(Not Provided),(Not Provided),Learner Laptop,SPF50XRAS
500447441,Amajuba,Dannhauser,Normandien,Nzimende Primary School,(Not Provided),(Not Provided),Learner Laptop,SPF50Y35C
500447441,Amajuba,Dannhauser,Normandien,Nzimende Primary School,10,22/01/2025,Learner Laptop,SPF50Y352
500447441,Amajuba,Dannhauser,Normandien,Nzimende Primary School,6,13/07/2024,Learner Laptop,SPF50RRQJ
500447441,Amajuba,Dannhauser,Normandien,Nzimende Primary School,6,(Not Provided),Data Projector,MRJR71100N224008A25910
500447441,Amajuba,Dannhauser,Normandien,Nzimende Primary School,(Not Provided),(Not Provided),Teacher Laptop,SPF50VJ42
500447441,Amajuba,Dannhauser,Normandien,Nzimende Primary School,(Not Provided),(Not Provided),Fixed Whiteboard,(Not Provided)
500447441,Amajuba,Dannhauser,Normandien,Nzimende Primary School,(Not Provided),(Not Provided),CABINET,
500447441,Amajuba,Dannhauser,Normandien,Nzimende Primary School,(Not Provided),13/09/2024,Data Projector Bracket,(Not Provided)
500447441,Amajuba,Dannhauser,Normandien,Nzimende Primary School,(Not Provided),(Not Provided),(Charging Trolley),(Not Provided)
500447441,Amajuba,Dannhauser,Normandien,Nzimende Primary School,1,12/09/2024,(Coding & Robotics Kit Items),(Not Provided)
500246124,Amajuba,Dannhauser,Normandien,Panorama Combined School,5,(Not Provided),Data Projector Bracket,MRJR71100N224008C35910
500045124,Amajuba,Dannhauser,Normandien,Panorama Combined School,14,03/07/2024,(Coding & Robotics Kit Items),(Not Provided)
500246174,Amajuba,Dannhauser,Normandien,Panorama Combined School,13,(Not Provided),Fixed Whiteboard,(Not Provided)
500246124,Amajuba,Dannhauser,Normandien,Panorama Combined School,6,13/04/2024,(Charging Trolley),(Not Provided)
500246124,Amajuba,Dannhauser,Normandien,Panorama Combined School,1,(Not Provided),CABINET,
500246124,Amajuba,Dannhauser,Normandien,Panorama Combined School,4,(Not Provided),HDM,(Not Provided)
500246124,Amajuba,Dannhauser,Normandien,Panorama Combined School,5,(Not Provided),Learner Laptop,PFSOXDKN
500246124,Amajuba,Dannhauser,Normandien,Panorama Combined School,6,(Not Provided),Learner Laptop,SPF50X927
500246124,Amajuba,Dannhauser,Normandien,Panorama Combined School,8,13/09/2024,Learner Laptop,SPF50XLXB
500246124,Amajuba,Dannhauser,Normandien,Panorama Combined School,9,(Not Provided),Learner Laptop,SPF50XDM5
500246124,Amajuba,Dannhauser,Normandien,Panorama Combined School,9,(Not Provided),Learner Laptop,SPF50X94Z
500246124,Amajuba,Dannhauser,Normandien,Panorama Combined School,9,(Not Provided),Learner Laptop,SPF50Y3CR
500246124,Amajuba,Dannhauser,Normandien,Panorama Combined School,9,(Not Provided),Learner Laptop,SPF50X6XM
500246124,Amajuba,Dannhauser,Normandien,Panorama Combined School,9,(Not Provided),Learner Laptop,SPF50Y2LA
500246124,Amajuba,Dannhauser,Normandien,Panorama Combined School,9,(Not Provided),Learner Laptop,SPF50XBBW
500246124,Amajuba,Dannhauser,Normandien,Panorama Combined School,9,(Not Provided),Learner Laptop,SPF50XP3N
500246124,Amajuba,Dannhauser,Normandien,Panorama Combined School,9,(Not Provided),Learner Laptop,SPF50X6X7
500246124,Amajuba,Dannhauser,Normandien,Panorama Combined School,9,(Not Provided),Learner Laptop,SPF50XP31
500246124,Amajuba,Dannhauser,Normandien,Panorama Combined School,9,(Not Provided),Learner Laptop,SPF50Y3BB
500246124,Amajuba,Dannhauser,Normandien,Panorama Combined School,9,(Not Provided),Learner Laptop,SPF50RM24
500246124,Amajuba,Dannhauser,Normandien,Panorama Combined School,9,(Not Provided),Learner Laptop,SPF50SNT5
500246124,Amajuba,Dannhauser,Normandien,Panorama Combined School,9,(Not Provided),Learner Laptop,SPF50Y3AA
500246124,Amajuba,Dannhauser,Normandien,Panorama Combined School,9,(Not Provided),Learner Laptop,SPF50Y3FM
500246124,Amajuba,Dannhauser,Normandien,Panorama Combined School,9,(Not Provided),Learner Laptop,SPF50QVXQ
500246124,Amajuba,Dannhauser,Normandien,Panorama Combined School,9,(Not Provided),Learner Laptop,SPF50QVX8
500246124,Amajuba,Dannhauser,Normandien,Panorama Combined School,9,(Not Provided),Learner Laptop,SPF50Y3L8
500246124,Amajuba,Dannhauser,Normandien,Panorama Combined School,9,(Not Provided),Teacher Laptop,SPF50Y3LS
502746124,Amajuba,Dannhauser,Normandien,Panorama Combined School,9,(Not Provided),Data Projector Bracket,
500256928,Amajuba,Dannhauser,Normandien,SE Vawda Primary School,9,(Not Provided),Data Projector Bracket,
500256928,Amajuba,Dannhauser,Normandien,SE Vawda Primary School,9,(Not Provided),HDMI,
500256928,Amajuba,Dannhauser,Normandien,SE Vawda Primary School,14,(Not Provided),(Coding & Robotic Kit Items),(Not Provided)
500256928,Amajuba,Dannhauser,Normandien,SE Vawda Primary School,13,(Not Provided),CABINET,
500256928,Amajuba,Dannhauser,Normandien,SE Vawda Primary School,10,(Not Provided),Head-Milliboard,(Not Provided)
5000768561,Amajuba,Dannhauser,Normandien,Sisizakele Primary School,4,(Not Provided),HDMI,
500058561,Amajuba,Dannhauser,Normandien,Sisizakele Primary School,10,(Not Provided),Whiteboard,
500045851,Amajuba,Dannhauser,Normandien,Sisizakele Primary School,8,13/09/2024,Data Projector Bracket,
500768561,Amajuba,Dannhauser,Normandien,Sisizakele Primary School,(Not Provided),(Not Provided),CABINET,
504264451,Amajuba,Dannhauser,Normandien,Sisizakele Primary School,13,13/09/2024,(Coding & Robotics Kit Items),(Not Provided)
500273985,Amajuba,Dannhauser,Normandien,Sosinda Primary School,1,(Not Provided),Data Projector Bracket,
500273985,Amajuba,Dannhauser,Normandien,Sosinda Primary School,5,(Not Provided),Fixed whiteboard,
500273985,Amajuba,Dannhauser,Normandien,Sosinda Primary School,6,(Not Provided),Charging Trolley,(Not Provided)
500273985,Amajuba,Dannhauser,Normandien,Sosinda Primary School,8,(Not Provided),Data Projector,MRJR71100N224009925910
500273985,Amajuba,Dannhauser,Normandien,Sosinda Primary School,9,(Not Provided),Data Projector Bracket,
500273985,Amajuba,Dannhauser,Normandien,Sosinda Primary School,9,(Not Provided),HDMI,
500273985,Amajuba,Dannhauser,Normandien,Sosinda Primary School,9,(Not Provided),Learner Laptop,(Not Provided)
500273985,Amajuba,Dannhauser,Normandien,Sosinda Primary School,9,(Not Provided),Learner Laptop,(Not Provided)
500273985,Amajuba,Dannhauser,Normandien,Sosinda Primary School,9,(Not Provided),Learner Laptop,(Not Provided)
500273985,Amajuba,Dannhauser,Normandien,Sosinda Primary School,9,(Not Provided),Learner Laptop,(Not Provided)
500273985,Amajuba,Dannhauser,Normandien,Sosinda Primary School,9,(Not Provided),Learner Laptop,(Not Provided)
500273985,Amajuba,Dannhauser,Normandien,Sosinda Primary School,9,(Not Provided),Learner Laptop,(Not Provided)
500273985,Amajuba,Dannhauser,Normandien,Sosinda Primary School,9,(Not Provided),Learner Laptop,(Not Provided)
500273985,Amajuba,Dannhauser,Normandien,Sosinda Primary School,9,(Not Provided),Learner Laptop,(Not Provided)
500273985,Amajuba,Dannhauser,Normandien,Sosinda Primary School,9,(Not Provided),Learner Laptop,(Not Provided)
500273985,Amajuba,Dannhauser,Normandien,Sosinda Primary School,9,(Not Provided),Learner Laptop,(Not Provided)
500273985,Amajuba,Dannhauser,Normandien,Sosinda Primary School,9,(Not Provided),Learner Laptop,(Not Provided)
500273985,Amajuba,Dannhauser,Normandien,Sosinda Primary School,9,(Not Provided),Learner Laptop,(Not Provided)
500273985,Amajuba,Dannhauser,Normandien,Sosinda Primary School,9,(Not Provided),Learner Laptop,(Not Provided)
500273985,Amajuba,Dannhauser,Normandien,Sosinda Primary School,9,(Not Provided),Learner Laptop,(Not Provided)
500273985,Amajuba,Dannhauser,Normandien,Sosinda Primary School,9,(Not Provided),Learner Laptop,(Not Provided)
500273985,Amajuba,Dannhauser,Normandien,Sosinda Primary School,9,(Not Provided),Learner Laptop,(Not Provided)
500273985,Amajuba,Dannhauser,Normandien,Sosinda Primary School,9,(Not Provided),Learner Laptop,(Not Provided)
500273985,Amajuba,Dannhauser,Normandien,Sosinda Primary School,9,(Not Provided),Learner Laptop,(Not Provided)
500273985,Amajuba,Dannhauser,Normandien,Sosinda Primary School,9,(Not Provided),Learner Laptop,(Not Provided)
500273985,Amajuba,Dannhauser,Normandien,Sosinda Primary School,13,(Not Provided),CABINET,
500273985,Amajuba,Dannhauser,Normandien,Sosinda Primary School,13,(Not Provided),(Robotics Kit Items),(Not Provided)
500273985,Amajuba,Dannhauser,Normandien,Sosinda Primary School,10,(Not Provided),Teacher Laptop,(Not Provided)
500343730,Amajuba,Dannhauser,Normandien,Vulindlela Primary School,(Not Provided),(Not Provided),(Charging Trolley),(Not Provided)
500343730,Amajuba,Dannhauser,Normandien,Vulindlela Primary School,(Not Provided),(Not Provided),Teacher Laptop,SPF50Y36C
500343730,Amajuba,Dannhauser,Normandien,Vulindlela Primary School,(Not Provided),(Not Provided),HDMI,
500343730,Amajuba,Dannhauser,Normandien,Vulindlela Primary School,(Not Provided),(Not Provided),Data Projector Bracket,
500343730,Amajuba,Dannhauser,Normandien,Vulindlela Primary School,(Not Provided),(Not Provided),CABINET,
500343730,Amajuba,Dannhauser,Normandien,Vulindlela Primary School,(Not Provided),(Not Provided),Fixed Whiteboard,
500343730,Amajuba,Dannhauser,Normandien,Vulindlela Primary School,(Not Provided),(Not Provided),Data Projector,MRJR71100N224008845910
500343730,Amajuba,Dannhauser,Normandien,Vulindlela Primary School,(Not Provided),(Not Provided),Data Projector,MRJR71100N224009925910
500343730,Amajuba,Dannhauser,Normandien,Vulindlela Primary School,(Not Provided),(Not Provided),Data Projector Bracket,
500343730,Amajuba,Dannhauser,Normandien,Vulindlela Primary School,(Not Provided),(Not Provided),HDMI,
500343730,Amajuba,Dannhauser,Normandien,Vulindlela Primary School,(Not Provided),(Not Provided),Learner Laptop,(Not Provided)
500343730,Amajuba,Dannhauser,Normandien,Vulindlela Primary School,(Not Provided),(Not Provided),Learner Laptop,(Not Provided)
500343730,Amajuba,Dannhauser,Normandien,Vulindlela Primary School,(Not Provided),(Not Provided),Learner Laptop,(Not Provided)
500343730,Amajuba,Dannhauser,Normandien,Vulindlela Primary School,(Not Provided),(Not Provided),Learner Laptop,(Not Provided)
500343730,Amajuba,Dannhauser,Normandien,Vulindlela Primary School,(Not Provided),(Not Provided),Learner Laptop,(Not Provided)
500343730,Amajuba,Dannhauser,Normandien,Vulindlela Primary School,(Not Provided),(Not Provided),Learner Laptop,(Not Provided)
500343730,Amajuba,Dannhauser,Normandien,Vulindlela Primary School,(Not Provided),(Not Provided),Learner Laptop,(Not Provided)
500343730,Amajuba,Dannhauser,Normandien,Vulindlela Primary School,(Not Provided),(Not Provided),Learner Laptop,(Not Provided)
500343730,Amajuba,Dannhauser,Normandien,Vulindlela Primary School,(Not Provided),(Not Provided),Learner Laptop,(Not Provided)
500343730,Amajuba,Dannhauser,Normandien,Vulindlela Primary School,(Not Provided),(Not Provided),Learner Laptop,(Not Provided)
500343730,Amajuba,Dannhauser,Normandien,Vulindlela Primary School,1,(Not Provided),Learner Laptop,(Not Provided)
500343730,Amajuba,Dannhauser,Normandien,Vulindlela Primary School,9,23/01/2025,Learner Laptop,(Not Provided)
500343730,Amajuba,Dannhauser,Normandien,Vulindlela Primary School,9,23/01/2025,Learner Laptop,(Not Provided)
500343730,Amajuba,Dannhauser,Normandien,Vulindlela Primary School,9,23/01/2025,Learner Laptop,(Not Provided)
500343730,Amajuba,Dannhauser,Normandien,Vulindlela Primary School,9,23/01/2025,Learner Laptop,(Not Provided)
500343730,Amajuba,Dannhauser,Normandien,Vulindlela Primary School,9,23/01/2025,Learner Laptop,(Not Provided)
500343730,Amajuba,Dannhauser,Normandien,Vulindlela Primary School,9,23/01/2025,Learner Laptop,(Not Provided)
500343730,Amajuba,Dannhauser,Normandien,Vulindlela Primary School,9,23/01/2025,Learner Laptop,(Not Provided)
500343730,Amajuba,Dannhauser,Normandien,Vulindlela Primary School,9,23/01/2025,Learner Laptop,(Not Provided)
500343730,Amajuba,Dannhauser,Normandien,Vulindlela Primary School,9,23/01/2025,Learner Laptop,(Not Provided)
500343730,Amajuba,Dannhauser,Normandien,Vulindlela Primary School,9,23/01/2025,Learner Laptop,(Not Provided)
500343730,Amajuba,Dannhauser,Normandien,Vulindlela Primary School,9,23/01/2025,CABINET,
500343730,Amajuba,Dannhauser,Normandien,Vulindlela Primary School,9,23/01/2025,(Robotics Kit Items),(Not Provided)
500343730,Amajuba,Dannhauser,Normandien,Vulindlela Primary School,9,23/01/2025,Teacher Laptop,(Not Provided)
500343730,Amajuba,Dannhauser,Normandien,Vulindlela Primary School,9,23/01/2025,Learner Laptop,SPF50SNS9
500343730,Amajuba,Dannhauser,Normandien,Vulindlela Primary School,9,23/01/2025,Learner Laptop,SPF50XRCW
500343730,Amajuba,Dannhauser,Normandien,Vulindlela Primary School,9,23/01/2025,Learner Laptop,SPF50X935
500343730,Amajuba,Dannhauser,Normandien,Vulindlela Primary School,9,23/01/2025,Learner Laptop,SPF50VT68
500343730,Amajuba,Dannhauser,Normandien,Vulindlela Primary School,9,23/01/2025,Learner Laptop,SPF50ROET
500343730,Amajuba,Dannhauser,Normandien,Vulindlela Primary School,9,23/01/2025,Learner Laptop,SPF50Y37X
500343730,Amajuba,Dannhauser,Normandien,Vulindlela Primary School,9,23/01/2025,Learner Laptop,SPF50Y3D8
500343730,Amajuba,Dannhauser,Normandien,Vulindlela Primary School,4,(Not Provided),Learner Laptop,SPF50Y3TK
500343730,Amajuba,Dannhauser,Normandien,Vulindlela Primary School,8,19/09/2024,Learner Laptop,SPF50XU6
500343730,Amajuba,Dannhauser,Normandien,Vulindlela Primary School,(Not Provided),(Not Provided),Learner Laptop,SPF50STAT
500343730,Amajuba,Dannhauser,Normandien,Vulindlela Primary School,13,(Not Provided),Learner Laptop,SPF50WRIN
500343730,Amajuba,Dannhauser,Normandien,Vulindlela Primary School,1,(Not Provided),Learner Laptop,SPF50XDPO
500343730,Amajuba,Dannhauser,Normandien,Vulindlela Primary School,4,(Not Provided),Learner Laptop,SPF50XTLR
500343730,Amajuba,Dannhauser,Normandien,Vulindlela Primary School,5,(Not Provided),Learner Laptop,SPF50XP2N
500343730,Amajuba,Dannhauser,Normandien,Vulindlela Primary School,6,(Not Provided),Learner Laptop,SPF50Y25C
500343730,Amajuba,Dannhauser,Normandien,Vulindlela Primary School,8,(Not Provided),Learner Laptop,SPF50SJ8N
500343730,Amajuba,Dannhauser,Normandien,Vulindlela Primary School,9,(Not Provided),Learner Laptop,SPF50XP49
500343730,Amajuba,Dannhauser,Normandien,Vulindlela Primary School,14,(Not Provided),Learner Laptop,SPF50Y390
500343730,Amajuba,Dannhauser,Normandien,Vulindlela Primary School,13,(Not Provided),Learner Laptop,SPF50Y36P
500343730,Amajuba,Dannhauser,Normandien,Vulindlela Primary School,10,(Not Provided),Learner Laptop,SPF50WRNU
50030921,Amajuba,Dannhauser,Normandien,Zithuthukise Primary School,5,23/01/2025,Fixed Whiteboard,(Not Provided)
500300921,Amajuba,Dannhauser,Normandien,Zithuthukise Primary School,10,23/01/2025,Learner Laptop,SPF50SR1F
500300921,Amajuba,Dannhauser,Normandien,Zithuthukise Primary School,1,2024-07-06 00:00:00,Learner Laptop,SPF50SR2D
500300921,Amajuba,Dannhauser,Normandien,Zithuthukise Primary School,6,2024-10-16 00:00:00,Learner Laptop,SPF50RBV2
500300921,Amajuba,Dannhauser,Normandien,Zithuthukise Primary School,14,-,Learner Laptop,SPF50Y347
500300921,Amajuba,Dannhauser,Normandien,Zithuthukise Primary School,8,2024-09-06 00:00:00,Learner Laptop,SPF50XDLC
500300921,Amajuba,Dannhauser,Normandien,Zithuthukise Primary School,10,-,Learner Laptop,SPF50XRB9
500300921,Amajuba,Dannhauser,Normandien,Zithuthukise Primary School,-,-,Learner Laptop,SPF50RBSY
500300921,Amajuba,Dannhauser,Normandien,Zithuthukise Primary School,-,-,Learner Laptop,SPF50R2QA
500300921,Amajuba,Dannhauser,Normandien,Zithuthukise Primary School,5,-,Learner Laptop,SPF50RBQY
500300921,Amajuba,Dannhauser,Normandien,Zithuthukise Primary School,9,-,Learner Laptop,SPF50WRMQ
500300921,Amajuba,Dannhauser,Normandien,Zithuthukise Primary School,9,-,Learner Laptop,SPF50SJAG
500300921,Amajuba,Dannhauser,Normandien,Zithuthukise Primary School,9,-,Learner Laptop,SPF50X6VN
500300921,Amajuba,Dannhauser,Normandien,Zithuthukise Primary School,9,-,Learner Laptop,SPF50RBSN
500300921,Amajuba,Dannhauser,Normandien,Zithuthukise Primary School,9,-,Learner Laptop,SPF50QY6Z
500300921,Amajuba,Dannhauser,Normandien,Zithuthukise Primary School,9,-,Learner Laptop,SPF50RBVA
500300921,Amajuba,Dannhauser,Normandien,Zithuthukise Primary School,9,-,Learner Laptop,SPF50RBS2
500300921,Amajuba,Dannhauser,Normandien,Zithuthukise Primary School,9,-,Learner Laptop,SPF50Y2K1
500300921,Amajuba,Dannhauser,Normandien,Zithuthukise Primary School,9,-,Learner Laptop,SPF50Y37N
500300921,Amajuba,Dannhauser,Normandien,Zithuthukise Primary School,9,-,Learner Laptop,SPF50STBT
500300921,Amajuba,Dannhauser,Normandien,Zithuthukise Primary School,9,-,Learner Laptop,SPF50Y2XH
500300921,Amajuba,Dannhauser,Normandien,Zithuthukise Primary School,9,-,Charging Trolley,(Not Provided)
500300921,Amajuba,Dannhauser,Normandien,Zithuthukise Primary School,9,-,HDMI,
500300921,Amajuba,Dannhauser,Normandien,Zithuthukise Primary School,9,-,Data Projector Bracket,
500300921,Amajuba,Dannhauser,Normandien,Zithuthukise Primary School,9,-,(Coding & Robotics Kit Items),(Not Provided)
500300921,Amajuba,Dannhauser,Normandien,Zithuthukise Primary School,9,-,Fixed Whiteboard,
500300921,Amajuba,Dannhauser,Normandien,Zithuthukise Primary School,9,-,Charging Trolley,(Not Provided)
500300921,Amajuba,Dannhauser,Normandien,Zithuthukise Primary School,9,-,Data Projector,MRJR71100N224008AD5910
500300921,Amajuba,Dannhauser,Normandien,Zithuthukise Primary School,9,-,Data Projector Bracket,
500300921,Amajuba,Dannhauser,Normandien,Zithuthukise Primary School,9,-,HDMI,
500300921,Amajuba,Dannhauser,Normandien,Zithuthukise Primary School,-,2024-01-16 00:00:00,Learner Laptop,SPF50VLDL
500300921,Amajuba,Dannhauser,Normandien,Zithuthukise Primary School,-,-,CABINET,
500300921,Amajuba,Dannhauser,Normandien,Zithuthukise Primary School,-,-,(Robotics Kit Items),(Not Provided)
500300921,Amajuba,Dannhauser,Normandien,Zithuthukise Primary School,,,Teacher Laptop,SPF50RBSY
500300921,Amajuba,Dannhauser,Normandien,Zithuthukise Primary School,,,Data Projector,MRJR71100N224008AD5910
500300921,Amajuba,Dannhauser,Normandien,Zithuthukise Primary School,POD Number,Date Received,Teacher Laptop,SPF50RBSY
500414733,Uthukela,Dannhauser,Normandien,Bambanani Primary School,1,-,Fixed Whiteboard,
500414733,Uthukela,Dannhauser,Normandien,Bambanani Primary School,6,-,Teacher Laptop (Asus),T4N0CV02R370157
500414733,Uthukela,Dannhauser,Normandien,Bambanani Primary School,8,2024-09-06 00:00:00,Learner Laptop (Asus),T6N0CV01Y826239
500414733,Uthukela,Dannhauser,Normandien,Bambanani Primary School,14,-,Learner Laptop (Asus),T6N0CV01Y858236
500414733,Uthukela,Dannhauser,Normandien,Bambanani Primary School,-,-,Learner Laptop (Asus),T6N0CV01Y79223G
500414733,Uthukela,Dannhauser,Normandien,Bambanani Primary School,5,-,Learner Laptop (Asus),T6N0CV01Y86623D
500414733,Uthukela,Dannhauser,Normandien,Bambanani Primary School,10,-,Learner Laptop (Asus),T6N0CV01Y74923C
500414733,Uthukela,Dannhauser,Normandien,Bambanani Primary School,9,-,Learner Laptop (Asus),T6N0CV01Y81723A
500414733,Uthukela,Dannhauser,Normandien,Bambanani Primary School,9,-,Learner Laptop (Asus),T6N0CV01Y851234
500414733,Uthukela,Dannhauser,Normandien,Bambanani Primary School,9,-,Learner Laptop (Asus),T4N0CV02R29715E
500414733,Uthukela,Dannhauser,Normandien,Bambanani Primary School,9,-,Learner Laptop (Asus),T3N0CV00S798107
500414733,Uthukela,Dannhauser,Normandien,Bambanani Primary School,9,-,Learner Laptop (Asus),T4N0CV02R22315E
500414733,Uthukela,Dannhauser,Normandien,Bambanani Primary School,9,-,Learner Laptop (Asus),T6N0CV01Y780235
500414733,Uthukela,Dannhauser,Normandien,Bambanani Primary School,9,-,Learner Laptop (Asus),T4N0CV02R23115B
500414733,Uthukela,Dannhauser,Normandien,Bambanani Primary School,9,-,Learner Laptop (Asus),T6N0CV01Y753235
500414733,Uthukela,Dannhauser,Normandien,Bambanani Primary School,9,-,Learner Laptop (Asus),T6N0CV01Y87223B
500414733,Uthukela,Dannhauser,Normandien,Bambanani Primary School,9,-,Learner Laptop (Asus),T4N0CV02R237158
500414733,Uthukela,Dannhauser,Normandien,Bambanani Primary School,9,-,Learner Laptop (Asus),T4N0CV02R179159
500414733,Uthukela,Dannhauser,Normandien,Bambanani Primary School,9,-,Learner Laptop (Asus),T6N0CV01Y79323A
500414733,Uthukela,Dannhauser,Normandien,Bambanani Primary School,9,-,Learner Laptop (Asus),T6N0CV01Y86423D
500414733,Uthukela,Dannhauser,Normandien,Bambanani Primary School,9,-,Learner Laptop (Asus),T6N0CV01Y877236
500414733,Uthukela,Dannhauser,Normandien,Bambanani Primary School,9,-,Learner Laptop (Asus),T6N0CV01Y79023G
500414733,Uthukela,Dannhauser,Normandien,Bambanani Primary School,9,-,Charging Trolley,
500414733,Uthukela,Dannhauser,Normandien,Bambanani Primary School,9,-,Data Projector,MRJR71100N224008CB5910
500414733,Uthukela,Dannhauser,Normandien,Bambanani Primary School,9,-,Data Projector Bracket,
500414733,Uthukela,Dannhauser,Normandien,Bambanani Primary School,9,-,HDMI Cable,
500414733,Uthukela,Dannhauser,Normandien,Bambanani Primary School,9,-,Cabinet,
500414733,Uthukela,Dannhauser,Normandien,Bambanani Primary School,-,-,Data Projector (Acer),MRJR71100N2240099E5910
500414733,Uthukela,Dannhauser,Normandien,Bambanani Primary School,-,-,Teacher Laptop,(serial not provided)
500414733,Uthukela,Dannhauser,Normandien,Bambanani Primary School,-,-,Coding and Robotics Kit (x5),
500414733,Uthukela,Dannhauser,Normandien,Bambanani Primary School,,,Coding and Robotics Electronics Kit (x1),
500414733,Uthukela,Dannhauser,Normandien,Bambanani Primary School,,,Teacher Orientation (x1),
500130647,Uthukela,Dannhauser,Normandien,Emahhashini Primary School,POD Number,Date Received,Fixed Whiteboard,
500130647,Uthukela,Dannhauser,Normandien,Emahhashini Primary School,1,2024-09-16 00:00:00,Charging Trolley,
500130647,Uthukela,Dannhauser,Normandien,Emahhashini Primary School,6,2024-09-16 00:00:00,Data Projector Bracket,
500130647,Uthukela,Dannhauser,Normandien,Emahhashini Primary School,8,-,HDMI Cable,
500130647,Uthukela,Dannhauser,Normandien,Emahhashini Primary School,14,2024-01-16 00:00:00,Cabinet,
500130647,Uthukela,Dannhauser,Normandien,Emahhashini Primary School,4,-,Data Projector (Asus),MRJR71100N224008DB5910
500130647,Uthukela,Dannhauser,Normandien,Emahhashini Primary School,5,-,Teacher Laptop (Asus),T4N0CV02R229158
500130647,Uthukela,Dannhauser,Normandien,Emahhashini Primary School,9,-,Learner Laptop (Asus),T4N0CV02R24615A
500130647,Uthukela,Dannhauser,Normandien,Emahhashini Primary School,10,-,Learner Laptop (Asus),T6N0CV01Y779231
500130647,Uthukela,Dannhauser,Normandien,Emahhashini Primary School,10,-,Learner Laptop (Asus),T4N0CV02R335158
500130647,Uthukela,Dannhauser,Normandien,Emahhashini Primary School,10,-,Learner Laptop (Asus),T4N0CV02R177153
500130647,Uthukela,Dannhauser,Normandien,Emahhashini Primary School,10,-,Learner Laptop (Asus),T4N0CV02R34115C
500130647,Uthukela,Dannhauser,Normandien,Emahhashini Primary School,10,-,Learner Laptop (Asus),T4N0CV02R167154
500130647,Uthukela,Dannhauser,Normandien,Emahhashini Primary School,10,-,Learner Laptop (Asus),T4N0CV02R36415D
500130647,Uthukela,Dannhauser,Normandien,Emahhashini Primary School,10,-,Learner Laptop (Asus),T4N0CV02R373155
500130647,Uthukela,Dannhauser,Normandien,Emahhashini Primary School,10,-,Learner Laptop (Asus),T6N0CV01Y74623E
500130647,Uthukela,Dannhauser,Normandien,Emahhashini Primary School,10,-,Learner Laptop (Asus),T4N0CV02R375158
500130647,Uthukela,Dannhauser,Normandien,Emahhashini Primary School,10,-,Learner Laptop (Asus),T4N0CV02R38115C
500130647,Uthukela,Dannhauser,Normandien,Emahhashini Primary School,10,-,Learner Laptop (Asus),T4N0CV02R218158
500130647,Uthukela,Dannhauser,Normandien,Emahhashini Primary School,10,-,Learner Laptop (Asus),T4N0CV02R227155
500130647,Uthukela,Dannhauser,Normandien,Emahhashini Primary School,10,-,Learner Laptop (Asus),T4N0CV02R31815E
500130647,Uthukela,Dannhauser,Normandien,Emahhashini Primary School,10,-,Learner Laptop (Asus),T6N0CV01Y82023C
500130647,Uthukela,Dannhauser,Normandien,Emahhashini Primary School,10,-,Learner Laptop (Asus),T6N0CV01Y74523A
500130647,Uthukela,Dannhauser,Normandien,Emahhashini Primary School,10,-,Learner Laptop (Asus),T6N0CV01Y76623D
500130647,Uthukela,Dannhauser,Normandien,Emahhashini Primary School,10,-,Learner Laptop (Asus),T4N0CV02R274154
500130647,Uthukela,Dannhauser,Normandien,Emahhashini Primary School,10,-,Learner Laptop (Asus),T4N0CV02R171152
500130647,Uthukela,Dannhauser,Normandien,Emahhashini Primary School,10,-,Learner Laptop (Asus),T6N0CV01Y752237
500130647,Uthukela,Dannhauser,Normandien,Emahhashini Primary School,10,-,Coding & Robotics Kit (x5),
500130647,Uthukela,Dannhauser,Normandien,Emahhashini Primary School,-,-,Coding & Robotics Electronics Kit (x1),
500130647,Uthukela,Dannhauser,Normandien,Emahhashini Primary School,-,-,Teacher Orientation (x1),
500162874,Uthukela,Dannhauser,Normandien,Indlulwana Primary School,-,-,Charging Trolley,
500162874,Uthukela,Dannhauser,Normandien,Indlulwana Primary School,,,Data Projector Bracket,
500162874,Uthukela,Dannhauser,Normandien,Indlulwana Primary School,,,HDMI Cable,
500162874,Uthukela,Dannhauser,Normandien,Indlulwana Primary School,POD Number,Date Received,Cabinet,
500162874,Uthukela,Dannhauser,Normandien,Indlulwana Primary School,1,2024-09-16 00:00:00,Fixed Whiteboard,
500162874,Uthukela,Dannhauser,Normandien,Indlulwana Primary School,6,2024-09-16 00:00:00,Data Projector (Acer),MRJR71100N2240088F5910
500162874,Uthukela,Dannhauser,Normandien,Indlulwana Primary School,8,2024-09-16 00:00:00,Teacher Laptop (Asus),T6N0CV01Y842238
500162874,Uthukela,Dannhauser,Normandien,Indlulwana Primary School,14,-,Learner Laptop (Asus),T6N0CV01Y764238
500162874,Uthukela,Dannhauser,Normandien,Indlulwana Primary School,4,-,Learner Laptop (Asus),T3N0CV12F23512D
500162874,Uthukela,Dannhauser,Normandien,Indlulwana Primary School,5,-,Learner Laptop (Asus),T3N0CV12F225129
500162874,Uthukela,Dannhauser,Normandien,Indlulwana Primary School,10,-,Learner Laptop (Asus),T3N0CV12F26712G
500162874,Uthukela,Dannhauser,Normandien,Indlulwana Primary School,9,-,Learner Laptop (Asus),T3N0CV12F30712C
500162874,Uthukela,Dannhauser,Normandien,Indlulwana Primary School,9,-,Learner Laptop (Asus),T6N0CV01Y860235
500162874,Uthukela,Dannhauser,Normandien,Indlulwana Primary School,9,-,Learner Laptop (Asus),T6N0CV01Y765237
500162874,Uthukela,Dannhauser,Normandien,Indlulwana Primary School,9,-,Learner Laptop (Asus),T6N0CV01Y767237
500162874,Uthukela,Dannhauser,Normandien,Indlulwana Primary School,9,-,Learner Laptop (Asus),T3N0CV12F238123
500162874,Uthukela,Dannhauser,Normandien,Indlulwana Primary School,9,-,Learner Laptop (Asus),T3N0CV12F338126
500162874,Uthukela,Dannhauser,Normandien,Indlulwana Primary School,9,-,Learner Laptop (Asus),T3N0CV12F326124
500162874,Uthukela,Dannhauser,Normandien,Indlulwana Primary School,9,-,Learner Laptop (Asus),T3N0CV12F250128
500162874,Uthukela,Dannhauser,Normandien,Indlulwana Primary School,9,-,Learner Laptop (Asus),T3N0CV12F229122
500162874,Uthukela,Dannhauser,Normandien,Indlulwana Primary School,9,-,Learner Laptop (Asus),T6N0CV01Y800236
500162874,Uthukela,Dannhauser,Normandien,Indlulwana Primary School,9,-,Learner Laptop (Asus),T3N0CV12F319127
500162874,Uthukela,Dannhauser,Normandien,Indlulwana Primary School,9,-,Learner Laptop (Asus),T3N0CV12F328124
500162874,Uthukela,Dannhauser,Normandien,Indlulwana Primary School,9,-,Learner Laptop (Asus),T3N0CV03F203107
500162874,Uthukela,Dannhauser,Normandien,Indlulwana Primary School,9,-,Learner Laptop (Asus),T3N0CV12F357128
500162874,Uthukela,Dannhauser,Normandien,Indlulwana Primary School,9,-,Learner Laptop (Asus),T3N0CV12F228128
500162874,Uthukela,Dannhauser,Normandien,Indlulwana Primary School,9,-,Learner Laptop (Asus),T3N0CV12F24412E
500162874,Uthukela,Dannhauser,Normandien,Indlulwana Primary School,9,-,Coding & Robotics Kit (x5),
500162874,Uthukela,Dannhauser,Normandien,Indlulwana Primary School,9,-,Coding & Robotics Electronics Kit (x1),
500162874,Uthukela,Dannhauser,Normandien,Indlulwana Primary School,9,-,Teacher Orientation (x1),
500164576,Uthukela,Dannhauser,Normandien,Inkanyezi Full Service School,9,-,Fixed Whiteboard,
500164576,Uthukela,Dannhauser,Normandien,Inkanyezi Full Service School,-,2024-09-16 00:00:00,Data Projector Bracket,
500164576,Uthukela,Dannhauser,Normandien,Inkanyezi Full Service School,-,-,HDMI Cable,
500164576,Uthukela,Dannhauser,Normandien,Inkanyezi Full Service School,,,Cabinet,
500164576,Uthukela,Dannhauser,Normandien,Inkanyezi Full Service School,,,Charging Trolley,
500164576,Uthukela,Dannhauser,Normandien,Inkanyezi Full Service School,,,Acer Data Projector,MRJR71100N224008905910
500164576,Uthukela,Dannhauser,Normandien,Inkanyezi Full Service School,,,Teacher Laptop (Asus),T3N0CV12F265127
500164576,Uthukela,Dannhauser,Normandien,Inkanyezi Full Service School,,,Learner Laptop (Asus),T3N0CV12F289127
500164576,Uthukela,Dannhauser,Normandien,Inkanyezi Full Service School,,,Learner Laptop (Asus),T3N0CV12F33412A
500164576,Uthukela,Dannhauser,Normandien,Inkanyezi Full Service School,,,Learner Laptop (Asus),T3N0CV12F32412B
500164576,Uthukela,Dannhauser,Normandien,Inkanyezi Full Service School,,,Learner Laptop (Asus),T3N0CV12F219126
500164576,Uthukela,Dannhauser,Normandien,Inkanyezi Full Service School,,,Learner Laptop (Asus),T3N0CV12F25612D
500164576,Uthukela,Dannhauser,Normandien,Inkanyezi Full Service School,,,Learner Laptop (Asus),T3N0CV03F201106
500164576,Uthukela,Dannhauser,Normandien,Inkanyezi Full Service School,,,Learner Laptop (Asus),T3N0CV12F34312B
500164576,Uthukela,Dannhauser,Normandien,Inkanyezi Full Service School,,,Learner Laptop (Asus),T3N0CV12F304123
500164576,Uthukela,Dannhauser,Normandien,Inkanyezi Full Service School,,,Learner Laptop (Asus),T3N0CV12F295129
500164576,Uthukela,Dannhauser,Normandien,Inkanyezi Full Service School,,,Learner Laptop (Asus),T3N0CV12F339126
500164576,Uthukela,Dannhauser,Normandien,Inkanyezi Full Service School,,,Learner Laptop (Asus),T3N0CV12F273125
500164576,Uthukela,Dannhauser,Normandien,Inkanyezi Full Service School,,,Learner Laptop (Asus),T3N0CV12F253120
500164576,Uthukela,Dannhauser,Normandien,Inkanyezi Full Service School,,,Learner Laptop (Asus),T3N0CV12F28612D
500164576,Uthukela,Dannhauser,Normandien,Inkanyezi Full Service School,,,Learner Laptop (Asus),T3N0CV12F23312C
500164576,Uthukela,Dannhauser,Normandien,Inkanyezi Full Service School,,,Learner Laptop (Asus),T3N0CV12F245128
500164576,Uthukela,Dannhauser,Normandien,Inkanyezi Full Service School,,,Learner Laptop (Asus),T3N0CV12F34412A
500164576,Uthukela,Dannhauser,Normandien,Inkanyezi Full Service School,,,Learner Laptop (Asus),T3N0CV12F311124
500164576,Uthukela,Dannhauser,Normandien,Inkanyezi Full Service School,,,Learner Laptop (Asus),T3N0CV03F092102
500164576,Uthukela,Dannhauser,Normandien,Inkanyezi Full Service School,,,Learner Laptop (Asus),T3N0CV12F25212G
500164576,Uthukela,Dannhauser,Normandien,Inkanyezi Full Service School,,,Learner Laptop (Asus),T3N0CV03F20410B
500164576,Uthukela,Dannhauser,Normandien,Inkanyezi Full Service School,,,Coding & Robotics Kit (x5),
500164576,Uthukela,Dannhauser,Normandien,Inkanyezi Full Service School,,,Coding & Robotics Electronics Kit (x1),
500164576,Uthukela,Dannhauser,Normandien,Inkanyezi Full Service School,,,Teacher Orientation (x1),
500211852,Uthukela,Dannhauser,Normandien,Mkhize Combined School,1,16-09-2024,Fixed whiteboard,
500211852,Uthukela,Dannhauser,Normandien,Mkhize Combined School,6,16-09-2024,Data Projector Bracket,
500211852,Uthukela,Dannhauser,Normandien,Mkhize Combined School,8,16-09-2020,HDMI,
500211852,Uthukela,Dannhauser,Normandien,Mkhize Combined School,14,16-08-2020,CABINET,
500211852,Uthukela,Dannhauser,Normandien,Mkhize Combined School,(not specified),(not specified),Data Projector,MRJR71100N224008CB5910
500211852,Uthukela,Dannhauser,Normandien,Mkhize Combined School,10,(not specified),Acer Data Projector,MRJR71100N224008815910
500211852,Uthukela,Dannhauser,Normandien,Mkhize Combined School,13,(not specified),Coding and Robotics Kit,"(Multiple components, no single serial)"
500211852,Uthukela,Dannhauser,Normandien,Mkhize Combined School,13,(not specified),Coding and Robotics Electronics Kit,"(Multiple components, no single serial)"
500211852,Uthukela,Dannhauser,Normandien,Mkhize Combined School,13,(not specified),Teacher Orientation,
500211852,Uthukela,Dannhauser,Normandien,Mkhize Combined School,9,(not specified),Learner Laptop Asus,T3N0CV12F316128
500211852,Uthukela,Dannhauser,Normandien,Mkhize Combined School,9,(not specified),Learner Laptop Asus,T3N0CV12F271123
500211852,Uthukela,Dannhauser,Normandien,Mkhize Combined School,9,(not specified),Learner Laptop Asus,T3N0CV12F257123
500211852,Uthukela,Dannhauser,Normandien,Mkhize Combined School,9,(not specified),Learner Laptop Asus,T3N0CV12F226122
500211852,Uthukela,Dannhauser,Normandien,Mkhize Combined School,9,(not specified),Learner Laptop Asus,T3N0CV12F232124
500211852,Uthukela,Dannhauser,Normandien,Mkhize Combined School,9,(not specified),Learner Laptop Asus,T3N0CV12F305129
500211852,Uthukela,Dannhauser,Normandien,Mkhize Combined School,9,(not specified),Learner Laptop Asus,T3N0CV12F26812F
500211852,Uthukela,Dannhauser,Normandien,Mkhize Combined School,9,(not specified),Learner Laptop Asus,T3N0CV12F308128
500211852,Uthukela,Dannhauser,Normandien,Mkhize Combined School,9,(not specified),Learner Laptop Asus,T3N0CV12F27912B
500211852,Uthukela,Dannhauser,Normandien,Mkhize Combined School,9,(not specified),Learner Laptop Asus,T3N0CV12F297127
500211852,Uthukela,Dannhauser,Normandien,Mkhize Combined School,9,(not specified),Learner Laptop Asus,T3N0CV03F19410A
500211852,Uthukela,Dannhauser,Normandien,Mkhize Combined School,9,(not specified),Learner Laptop Asus,T3N0CV12F22212C
500211852,Uthukela,Dannhauser,Normandien,Mkhize Combined School,9,(not specified),Learner Laptop Asus,T3N0CV12F321129
500211852,Uthukela,Dannhauser,Normandien,Mkhize Combined School,9,(not specified),Learner Laptop Asus,T3N0CV12F33012B
500211852,Uthukela,Dannhauser,Normandien,Mkhize Combined School,9,(not specified),Learner Laptop Asus,T3N0CV12F26912F
500211852,Uthukela,Dannhauser,Normandien,Mkhize Combined School,9,(not specified),Learner Laptop Asus,T3N0CV12F24012H
500211852,Uthukela,Dannhauser,Normandien,Mkhize Combined School,9,(not specified),Learner Laptop Asus,T3N0CV12F26012H
500211852,Uthukela,Dannhauser,Normandien,Mkhize Combined School,9,(not specified),Learner Laptop Asus,T3N0CV12F287124
500211852,Uthukela,Dannhauser,Normandien,Mkhize Combined School,9,(not specified),Learner Laptop Asus,T3N0CV12F327128
500211852,Uthukela,Dannhauser,Normandien,Mkhize Combined School,9,(not specified),Learner Laptop Asus,T3N0CV12F27412D
500211852,Uthukela,Dannhauser,Normandien,Mkhize Combined School,10,(not specified),Teacher Laptop Asus,T3N0CV12F342129
500211852,Uthukela,Dannhauser,Normandien,Mkhize Combined School,10,(not specified),Charging Trolley,
500211852,Uthukela,Dannhauser,Normandien,Mkhize Combined School,13,(not specified),Robotics Components,"(Multiple items, no single serial)"
500414733,Uthukela,Dannhauser,Normandien,Bambanani Primary School,(not specified),(not specified),Charging Trolley,
500414733,Uthukela,Dannhauser,Normandien,Bambanani Primary School,(not specified),(not specified),Learner Laptop,(No serial listed)
500414733,Uthukela,Dannhauser,Normandien,Bambanani Primary School,(not specified),(not specified),Teacher Laptop,(No serial listed)
500189625,Uthukela,Dannhauser,Normandien,ML Sultan Primary School,8,(not specified),HDMI,
500189625,Uthukela,Dannhauser,Normandien,ML Sultan Primary School,1,(not specified),Fixed whiteboard,
500189625,Uthukela,Dannhauser,Normandien,ML Sultan Primary School,14,(not specified),CABINET,
500189625,Uthukela,Dannhauser,Normandien,ML Sultan Primary School,6,(not specified),Data Projector Bracket,
500189625,Uthukela,Dannhauser,Normandien,ML Sultan Primary School,4,(not specified),Data Projector-Acer,MRJR71100N224008D55910
500189625,Uthukela,Dannhauser,Normandien,ML Sultan Primary School,4,(not specified),Charging Trolley,n\a
500189625,Uthukela,Dannhauser,Normandien,ML Sultan Primary School,10,(not specified),Learner Laptop-Asus,T4N0CV02R296155
500189625,Uthukela,Dannhauser,Normandien,ML Sultan Primary School,10,(not specified),Learner Laptop-Asus,T4N0CV02R16615F
500189625,Uthukela,Dannhauser,Normandien,ML Sultan Primary School,10,(not specified),Learner Laptop-Asus,T4N0CV02R17215G
500189625,Uthukela,Dannhauser,Normandien,ML Sultan Primary School,10,(not specified),Learner Laptop-Asus,T4N0CV02R35515H
500189625,Uthukela,Dannhauser,Normandien,ML Sultan Primary School,10,(not specified),Learner Laptop-Asus,T4N0CV02R357156
500189625,Uthukela,Dannhauser,Normandien,ML Sultan Primary School,10,(not specified),Learner Laptop-Asus,T4N0CV02R307156
500189625,Uthukela,Dannhauser,Normandien,ML Sultan Primary School,10,(not specified),Learner Laptop-Asus,T4N0CV02R384155
500189625,Uthukela,Dannhauser,Normandien,ML Sultan Primary School,10,(not specified),Learner Laptop-Asus,T4N0CV02R163156
500189625,Uthukela,Dannhauser,Normandien,ML Sultan Primary School,10,(not specified),Learner Laptop-Asus,T4N0CV02R32315B
500189625,Uthukela,Dannhauser,Normandien,ML Sultan Primary School,10,(not specified),Learner Laptop-Asus,T4N0CV02R253156
500189625,Uthukela,Dannhauser,Normandien,ML Sultan Primary School,10,(not specified),Learner Laptop-Asus,T3N0CV00S77210E
500189625,Uthukela,Dannhauser,Normandien,ML Sultan Primary School,10,(not specified),Learner Laptop-Asus,T4N0CV02R15715F
500189625,Uthukela,Dannhauser,Normandien,ML Sultan Primary School,10,(not specified),Learner Laptop-Asus,T4N0CV02R338159
500189625,Uthukela,Dannhauser,Normandien,ML Sultan Primary School,10,(not specified),Learner Laptop-Asus,T4N0CV02R32415A
500189625,Uthukela,Dannhauser,Normandien,ML Sultan Primary School,10,(not specified),Learner Laptop-Asus,T4N0CV02R195154
500189625,Uthukela,Dannhauser,Normandien,ML Sultan Primary School,10,(not specified),Learner Laptop-Asus,T3N0CV00S77310C
500189625,Uthukela,Dannhauser,Normandien,ML Sultan Primary School,10,(not specified),Learner Laptop-Asus,T4N0CV02R156158
500189625,Uthukela,Dannhauser,Normandien,ML Sultan Primary School,10,(not specified),Learner Laptop-Asus,T4N0CV02R205152
500189625,Uthukela,Dannhauser,Normandien,ML Sultan Primary School,10,(not specified),Learner Laptop-Asus,T4N0CV02R175152
500189625,Uthukela,Dannhauser,Normandien,ML Sultan Primary School,10,(not specified),Learner Laptop-Asus,T3N0CV00S78910B
500189625,Uthukela,Dannhauser,Normandien,ML Sultan Primary School,(not specified),(not specified),Coding and Robotics Kit components,"(Multiple components, no single serial)"
500189625,Uthukela,Dannhauser,Normandien,ML Sultan Primary School,1,(not specified),Buzzer Circuit Kit,"(Multiple components, no single serial)"
500189625,Uthukela,Dannhauser,Normandien,ML Sultan Primary School,1,(not specified),Light Bulb Circuit Kit,"(Multiple components, no single serial)"
500189625,Uthukela,Dannhauser,Normandien,ML Sultan Primary School,6,16/09/2024,Jumper wires set,"(Multiple components, no single serial)"
500189625,Uthukela,Dannhauser,Normandien,ML Sultan Primary School,8,(not specified),Connecting leads with croc clips,"(Multiple components, no single serial)"
500189625,Uthukela,Dannhauser,Normandien,ML Sultan Primary School,14,(not specified),Acrylic gear set,"(Multiple components, no single serial)"
500189625,Uthukela,Dannhauser,Normandien,ML Sultan Primary School,4,(not specified),Storage Containers,"(Multiple components, no single serial)"
500262737,Uthukela,Dannhauser,Normandien,Sbavana Primary School,13,(not specified),Fixed whiteboard,
500262737,Uthukela,Dannhauser,Normandien,Sbavana Primary School,13,(not specified),Data Projector,MRJR71100N224009925910
500262737,Uthukela,Dannhauser,Normandien,Sbavana Primary School,13,(not specified),Data Projector Bracket,
500262737,Uthukela,Dannhauser,Normandien,Sbavana Primary School,(not specified),(not specified),HDMI,
500262737,Uthukela,Dannhauser,Normandien,Sbavana Primary School,(not specified),(not specified),CABINET,
500262737,Uthukela,Dannhauser,Normandien,Sbavana Primary School,(not specified),(not specified),Charging Trolley,
500262737,Uthukela,Dannhauser,Normandien,Sbavana Primary School,(not specified),(not specified),Coding and Robotics Kit,"(Multiple components, no single serial)"
500262737,Uthukela,Dannhauser,Normandien,Sbavana Primary School,(not specified),(not specified),Coding and Robotics Electronics Kit,"(Multiple components, no single serial)"
500262737,Uthukela,Dannhauser,Normandien,Sbavana Primary School,(not specified),(not specified),Teacher Orientation,
500262737,Uthukela,Dannhauser,Normandien,Sbavana Primary School,13,(not specified),Acer Data Projector - Mounted,(no serial listed)
500262737,Uthukela,Dannhauser,Normandien,Sbavana Primary School,13,(not specified),Fixed Projection Matt Whiteboard - Mounted,(no serial listed)
500262737,Uthukela,Dannhauser,Normandien,Sbavana Primary School,13,(not specified),Teacher Laptop - Configured,(no serial listed)
500262737,Uthukela,Dannhauser,Normandien,Sbavana Primary School,13,(not specified),Learner Laptop - Configured,(no serial listed)
500262737,Uthukela,Dannhauser,Normandien,Sbavana Primary School,13,(not specified),Laptop Charging Trolley - Connected,(no serial listed)
500262737,Uthukela,Dannhauser,Normandien,Sbavana Primary School,13,(not specified),Storage Cabinet,(no serial listed)
500262737,Uthukela,Dannhauser,Normandien,Sbavana Primary School,13,(not specified),Learner Laptop Asus,T3N0CV00S76710G
500262737,Uthukela,Dannhauser,Normandien,Sbavana Primary School,13,(not specified),Learner Laptop Asus,T4N0CV02R372158
500262737,Uthukela,Dannhauser,Normandien,Sbavana Primary School,13,(not specified),Learner Laptop Asus,T4N0CV02R374159
500262737,Uthukela,Dannhauser,Normandien,Sbavana Primary School,13,(not specified),Learner Laptop Asus,T4N0CV02R16515B
500262737,Uthukela,Dannhauser,Normandien,Sbavana Primary School,13,(not specified),Learner Laptop Asus,T4N0CV02R16815G
500262737,Uthukela,Dannhauser,Normandien,Sbavana Primary School,13,(not specified),Learner Laptop Asus,T4N0CV02R15015C
500262737,Uthukela,Dannhauser,Normandien,Sbavana Primary School,13,(not specified),Learner Laptop Asus,T6N0CV01Y799232
500262737,Uthukela,Dannhauser,Normandien,Sbavana Primary School,13,(not specified),Learner Laptop Asus,T4N0CV02R160155
500262737,Uthukela,Dannhauser,Normandien,Sbavana Primary School,13,(not specified),Learner Laptop Asus,T4N0CV02R319152
500262737,Uthukela,Dannhauser,Normandien,Sbavana Primary School,13,(not specified),Learner Laptop Asus,T4N0CV02R388158
500262737,Uthukela,Dannhauser,Normandien,Sbavana Primary School,13,(not specified),Learner Laptop Asus,T4N0CV02R279152
500262737,Uthukela,Dannhauser,Normandien,Sbavana Primary School,13,(not specified),Learner Laptop Asus,T3N0CV00S75810A
500262737,Uthukela,Dannhauser,Normandien,Sbavana Primary School,13,(not specified),Learner Laptop Asus,T4N0CV02R18315B
500262737,Uthukela,Dannhauser,Normandien,Sbavana Primary School,13,(not specified),Learner Laptop Asus,T3N0CV00S795107
500262737,Uthukela,Dannhauser,Normandien,Sbavana Primary School,(not specified),(not specified),Learner Laptop Asus,T3N0CV00S76510D
500262737,Uthukela,Dannhauser,Normandien,Sbavana Primary School,13,(not specified),Learner Laptop Asus,T4N0CV02R32515D
500262737,Uthukela,Dannhauser,Normandien,Sbavana Primary School,(not specified),16.09.2024,Learner Laptop Asus,T4N0CV02R302154
500262737,Uthukela,Dannhauser,Normandien,Sbavana Primary School,(not specified),"16, 09, 2024",Learner Laptop Asus,T4N0CV02R328156
500262737,Uthukela,Dannhauser,Normandien,Sbavana Primary School,8,16.09.2024,Learner Laptop Asus,T4N0CV02R378156
500262737,Uthukela,Dannhauser,Normandien,Sbavana Primary School,14,"16, 09, 2024",Learner Laptop Asus,T4N0CV02R336153
500262737,Uthukela,Dannhauser,Normandien,Sbavana Primary School,(not specified),(not specified),Robotics Components (multiple),"(Multiple items, no single serial)"
500262737,Uthukela,Dannhauser,Normandien,Sbavana Primary School,(not specified),(not specified),Teacher Laptop Asus,(no serial listed)
500264291,Uthukela,Dannhauser,Normandien,Sifisokuhle Primary School,(not specified),(not specified),Fixed whiteboard,
500264291,Uthukela,Dannhauser,Normandien,Sifisokuhle Primary School,(not specified),(not specified),Data Projector Bracket,
500264291,Uthukela,Dannhauser,Normandien,Sifisokuhle Primary School,(not specified),(not specified),HDMI,
500264291,Uthukela,Dannhauser,Normandien,Sifisokuhle Primary School,(not specified),(not specified),CABINET,
500264291,Uthukela,Dannhauser,Normandien,Sifisokuhle Primary School,(not specified),(not specified),Coding and Robotics Kit,"(Multiple components, no single serial)"
500264291,Uthukela,Dannhauser,Normandien,Sifisokuhle Primary School,(not specified),(not specified),Coding and Robotics Electronics Kit,"(Multiple components, no single serial)"
500264291,Uthukela,Dannhauser,Normandien,Sifisokuhle Primary School,(not specified),(not specified),Teacher Orientation,
500264291,Uthukela,Dannhauser,Normandien,Sifisokuhle Primary School,9,(not specified),Acer Data Projector - Mounted,(no serial listed)
500264291,Uthukela,Dannhauser,Normandien,Sifisokuhle Primary School,9,(not specified),Fixed Projection Matt Whiteboard - Mounted,(no serial listed)
500264291,Uthukela,Dannhauser,Normandien,Sifisokuhle Primary School,9,(not specified),Teacher Laptop - Configured,(no serial listed)
500264291,Uthukela,Dannhauser,Normandien,Sifisokuhle Primary School,9,(not specified),Learner Laptop - Configured,(no serial listed)
500264291,Uthukela,Dannhauser,Normandien,Sifisokuhle Primary School,9,(not specified),Laptop Charging Trolley - Connected,(no serial listed)
500264291,Uthukela,Dannhauser,Normandien,Sifisokuhle Primary School,9,(not specified),Storage Cabinet,(no serial listed)
500264291,Uthukela,Dannhauser,Normandien,Sifisokuhle Primary School,9,(not specified),Learner Laptop Asus,T3N0CV12F332128
500264291,Uthukela,Dannhauser,Normandien,Sifisokuhle Primary School,9,(not specified),Learner Laptop Asus,T3N0CV12F25812B
500264291,Uthukela,Dannhauser,Normandien,Sifisokuhle Primary School,9,(not specified),Learner Laptop Asus,T3N0CV12F262128
500264291,Uthukela,Dannhauser,Normandien,Sifisokuhle Primary School,9,(not specified),Learner Laptop Asus,T3N0CV12F309122
500264291,Uthukela,Dannhauser,Normandien,Sifisokuhle Primary School,9,(not specified),Learner Laptop Asus,T3N0CV12F348129
500264291,Uthukela,Dannhauser,Normandien,Sifisokuhle Primary School,9,(not specified),Learner Laptop Asus,T3N0CV12F25412A
500264291,Uthukela,Dannhauser,Normandien,Sifisokuhle Primary School,9,(not specified),Learner Laptop Asus,T3N0CV03F159102
500264291,Uthukela,Dannhauser,Normandien,Sifisokuhle Primary School,9,(not specified),Learner Laptop Asus,T3N0CV12F23612F
500264291,Uthukela,Dannhauser,Normandien,Sifisokuhle Primary School,9,(not specified),Learner Laptop Asus,T3N0CV12F246129
500264291,Uthukela,Dannhauser,Normandien,Sifisokuhle Primary School,9,(not specified),Learner Laptop Asus,T3N0CV12F336120
500264291,Uthukela,Dannhauser,Normandien,Sifisokuhle Primary School,9,(not specified),Learner Laptop Asus,T3N0CV03F197103
500264291,Uthukela,Dannhauser,Normandien,Sifisokuhle Primary School,9,(not specified),Learner Laptop Asus,T3N0CV12F263127
500264291,Uthukela,Dannhauser,Normandien,Sifisokuhle Primary School,9,(not specified),Learner Laptop Asus,T3N0CV12F31312D
500264291,Uthukela,Dannhauser,Normandien,Sifisokuhle Primary School,9,(not specified),Learner Laptop Asus,T3N0CV03F13910D
500264291,Uthukela,Dannhauser,Normandien,Sifisokuhle Primary School,10,(not specified),Learner Laptop Asus,T3N0CV12F284129
500264291,Uthukela,Dannhauser,Normandien,Sifisokuhle Primary School,5,(not specified),Learner Laptop Asus,T3N0CV12F306122
500264291,Uthukela,Dannhauser,Normandien,Sifisokuhle Primary School,4,(not specified),Learner Laptop Asus,T3N0CV12F35812B
500264291,Uthukela,Dannhauser,Normandien,Sifisokuhle Primary School,(not specified),(not specified),Learner Laptop Asus,T3N0CV12F31412C
500264291,Uthukela,Dannhauser,Normandien,Sifisokuhle Primary School,1,16 / 09 / 2024,Learner Laptop Asus,T3N0CV12F241127
500264291,Uthukela,Dannhauser,Normandien,Sifisokuhle Primary School,6,(not specified),Learner Laptop Asus,T3N0CV12F220128
500264291,Uthukela,Dannhauser,Normandien,Sifisokuhle Primary School,8,16/05/2024,Teacher Laptop Asus,T3N0CV12F342129
500264291,Uthukela,Dannhauser,Normandien,Sifisokuhle Primary School,14,16/07/2024,Acer Data Projector,MRJR71100N224008815910
500264291,Uthukela,Dannhauser,Normandien,Sifisokuhle Primary School,5,(not specified),Charging Trolley,
500264291,Uthukela,Dannhauser,Normandien,Sifisokuhle Primary School,4,(not specified),Robotics Components (multiple),"(Multiple items, no single serial)"
500296888,Uthukela,Dannhauser,Normandien,Woodford Primary School,13,(not specified),Fixed whiteboard,
500296888,Uthukela,Dannhauser,Normandien,Woodford Primary School,13,(not specified),Data Projector Bracket,
500296888,Uthukela,Dannhauser,Normandien,Woodford Primary School,13,(not specified),HDMI,
500296888,Uthukela,Dannhauser,Normandien,Woodford Primary School,(not specified),(not specified),CABINET,
500296888,Uthukela,Dannhauser,Normandien,Woodford Primary School,(not specified),(not specified),Data Projector,MRJR71100N224008955910
500296888,Uthukela,Dannhauser,Normandien,Woodford Primary School,(not specified),(not specified),Charging Trolley,n\a
500296888,Uthukela,Dannhauser,Normandien,Woodford Primary School,(not specified),(not specified),Coding and Robotics Kit,"(Multiple components, no single serial)"
500296888,Uthukela,Dannhauser,Normandien,Woodford Primary School,(not specified),(not specified),Coding and Robotics Electronics Kit,"(Multiple components, no single serial)"
500296888,Uthukela,Dannhauser,Normandien,Woodford Primary School,(not specified),(not specified),Teacher Orientation,
500296888,Uthukela,Dannhauser,Normandien,Woodford Primary School,10,(not specified),Acer Data Projector - Mounted,(no serial listed)
500296888,Uthukela,Dannhauser,Normandien,Woodford Primary School,10,(not specified),Fixed Projection Matt Whiteboard - Mounted,(no serial listed)
500296888,Uthukela,Dannhauser,Normandien,Woodford Primary School,10,(not specified),Teacher Laptop - Configured,(no serial listed)
500296888,Uthukela,Dannhauser,Normandien,Woodford Primary School,10,(not specified),Learner Laptop - Configured,(no serial listed)
500296888,Uthukela,Dannhauser,Normandien,Woodford Primary School,10,(not specified),Laptop Charging Trolley - Connected,(no serial listed)
500296888,Uthukela,Dannhauser,Normandien,Woodford Primary School,10,(not specified),Storage Cabinet,(no serial listed)
500296888,Uthukela,Dannhauser,Normandien,Woodford Primary School,10,(not specified),Learner Laptop-Asus,T3N0CV12F28312D
500296888,Uthukela,Dannhauser,Normandien,Woodford Primary School,10,(not specified),Learner Laptop-Asus,T3N0CV12F22712C
500296888,Uthukela,Dannhauser,Normandien,Woodford Primary School,10,(not specified),Learner Laptop-Asus,T3N0CV12F323123
500296888,Uthukela,Dannhauser,Normandien,Woodford Primary School,10,(not specified),Learner Laptop-Asus,T3N0CV12F231122
500296888,Uthukela,Dannhauser,Normandien,Woodford Primary School,10,(not specified),Learner Laptop-Asus,T3N0CV12F230128
500296888,Uthukela,Dannhauser,Normandien,Woodford Primary School,10,(not specified),Learner Laptop-Asus,T3N0CV12F28812E
500296888,Uthukela,Dannhauser,Normandien,Woodford Primary School,10,(not specified),Learner Laptop-Asus,T3N0CV03F202109
500296888,Uthukela,Dannhauser,Normandien,Woodford Primary School,10,(not specified),Learner Laptop-Asus,T3N0CV12F259129
500296888,Uthukela,Dannhauser,Normandien,Woodford Primary School,10,(not specified),Learner Laptop-Asus,T3N0CV12F298128
500296888,Uthukela,Dannhauser,Normandien,Woodford Primary School,10,(not specified),Learner Laptop-Asus,T3N0CV03F13210A
500296888,Uthukela,Dannhauser,Normandien,Woodford Primary School,10,(not specified),Learner Laptop-Asus,T3N0CV12F350120
500296888,Uthukela,Dannhauser,Normandien,Woodford Primary School,10,(not specified),Learner Laptop-Asus,3424353715994
500296888,Uthukela,Dannhauser,Normandien,Woodford Primary School,10,(not specified),Learner Laptop-Asus,T3N0CV12F356122
500296888,Uthukela,Dannhauser,Normandien,Woodford Primary School,10,(not specified),Learner Laptop-Asus,T3N0CV12F248127
500296888,Uthukela,Dannhauser,Normandien,Woodford Primary School,10,(not specified),Learner Laptop-Asus,T3N0CV12F32912B
500296888,Uthukela,Dannhauser,Normandien,Woodford Primary School,(not specified),(not specified),Learner Laptop-Asus,T3N0CV12F23912H
500296888,Uthukela,Dannhauser,Normandien,Woodford Primary School,,,Learner Laptop-Asus,T3N0CV12F35212B
500296888,Uthukela,Dannhauser,Normandien,Woodford Primary School,,,Learner Laptop-Asus,T3N0CV12F31812A
500296888,Uthukela,Dannhauser,Normandien,Woodford Primary School,,,Learner Laptop-Asus,T3N0CV12F34112D
500296888,Uthukela,Dannhauser,Normandien,Woodford Primary School,,,Learner Laptop-Asus,T3N0CV12F346126
500296888,Uthukela,Dannhauser,Normandien,Woodford Primary School,,,Teacher Laptop-Asus,T3N0CV12F355126
500296888,Uthukela,Dannhauser,Normandien,Woodford Primary School,,,Robotics Components (multiple),"(Multiple items, no single serial)"
500301069,Uthukela,Dannhauser,Normandien,Zola Primary School,14,,Cabinet,
500301069,Uthukela,Dannhauser,Normandien,Zola Primary School,6,14 / 09 / 2024,Data Projector Bracket,
500301069,Uthukela,Dannhauser,Normandien,Zola Primary School,1,16 / 09 / 2024,Fixed whiteboard,
500301069,Uthukela,Dannhauser,Normandien,Zola Primary School,8,,HDMI,
500301069,Uthukela,Dannhauser,Normandien,Zola Primary School,4,,Charging Trolley,n\a
500301069,Uthukela,Dannhauser,Normandien,Zola Primary School,5,,Data Projector,MRJR71100N2240088B5910
500301069,Uthukela,Dannhauser,Normandien,Zola Primary School,9,,Learner Laptop 1,T4N0CV02R393155
500301069,Uthukela,Dannhauser,Normandien,Zola Primary School,9,,Learner Laptop 2,T3N0CV12F291123
500301069,Uthukela,Dannhauser,Normandien,Zola Primary School,9,,Learner Laptop 3,T4N0CV02R18115G
500301069,Uthukela,Dannhauser,Normandien,Zola Primary School,9,,Learner Laptop 4,T4N0CV02R259158
500301069,Uthukela,Dannhauser,Normandien,Zola Primary School,9,,Learner Laptop 5,T4N0CV02R36315A
500301069,Uthukela,Dannhauser,Normandien,Zola Primary School,9,,Learner Laptop 6,T3N0CV00S834104
500301069,Uthukela,Dannhauser,Normandien,Zola Primary School,9,,Learner Laptop 7,T3N0CV00S77910H
500301069,Uthukela,Dannhauser,Normandien,Zola Primary School,9,,Learner Laptop 8,T4N0CV02R351159
500301069,Uthukela,Dannhauser,Normandien,Zola Primary School,9,,Learner Laptop 9,T3N0CV12F234129
500301069,Uthukela,Dannhauser,Normandien,Zola Primary School,9,,Learner Laptop 10,T3N0CV12F247129
500301069,Uthukela,Dannhauser,Normandien,Zola Primary School,9,,Learner Laptop 11,T3N0CV12F242125
500301069,Uthukela,Dannhauser,Normandien,Zola Primary School,9,,Learner Laptop 12,T3N0CV12F28512F
500301069,Uthukela,Dannhauser,Normandien,Zola Primary School,9,,Learner Laptop 13,T3N0CV12F354129
500301069,Uthukela,Dannhauser,Normandien,Zola Primary School,9,,Learner Laptop 14,T4N0CV02R236157
500301069,Uthukela,Dannhauser,Normandien,Zola Primary School,9,,Learner Laptop 15,T3N0CV12F300128
500301069,Uthukela,Dannhauser,Normandien,Zola Primary School,9,,Learner Laptop 16,T3N0CV12F264127
500301069,Uthukela,Dannhauser,Normandien,Zola Primary School,9,,Learner Laptop 17,T3N0CV12F272129
500301069,Uthukela,Dannhauser,Normandien,Zola Primary School,9,,Learner Laptop 18,T3N0CV12F24312B
500301069,Uthukela,Dannhauser,Normandien,Zola Primary School,9,,Learner Laptop 19,T3N0CV12F255122
500301069,Uthukela,Dannhauser,Normandien,Zola Primary School,9,,Learner Laptop 20,T3N0CV12F33512D
500301069,Uthukela,Dannhauser,Normandien,Zola Primary School,10,,Teacher Laptop,T4N0CV02R365153
500301069,Uthukela,Dannhauser,Normandien,Zola Primary School,,,Robotics Kit - 4WD Smart Robot Car Chassis Electronic Kit,
500301069,Uthukela,Dannhauser,Normandien,Zola Primary School,,,Robotics Kit - Arduino Smart Robot Car Kit,
500301069,Uthukela,Dannhauser,Normandien,Zola Primary School,,,Robotics Kit - GoGoBot Educational Robot,
500301069,Uthukela,Dannhauser,Normandien,Zola Primary School,,,Coding & Robotics Kit,
500301069,Uthukela,Dannhauser,Normandien,Zola Primary School,,,Coding & Robotics Electronics Kit,
500301069,Uthukela,Dannhauser,Normandien,Zola Primary School,,,Teacher Orientation,
500106930,King Cetshwayo,Dannhauser,Normandien,Bhejane Primary School,14,,Cabinet,
500106930,King Cetshwayo,Dannhauser,Normandien,Bhejane Primary School,6,2018-09-24 00:00:00,Data Projector Bracket,
500106930,King Cetshwayo,Dannhauser,Normandien,Bhejane Primary School,1,2006-09-24 00:00:00,Fixed whiteboard,
500106930,King Cetshwayo,Dannhauser,Normandien,Bhejane Primary School,8,2018-09-24 00:00:00,HDMI,
500106930,King Cetshwayo,Dannhauser,Normandien,Bhejane Primary School,4,,Charging Trolley,
500106930,King Cetshwayo,Dannhauser,Normandien,Bhejane Primary School,5,,Data Projector,MRJR71100N2240089E5910
500106930,King Cetshwayo,Dannhauser,Normandien,Bhejane Primary School,9,,Leaner Laptop-Asus 1,T3N0CV07773611E
500106930,King Cetshwayo,Dannhauser,Normandien,Bhejane Primary School,9,,Leaner Laptop-Asus 2,T3N0CV07771911G
500106930,King Cetshwayo,Dannhauser,Normandien,Bhejane Primary School,9,,Leaner Laptop-Asus 3,T3N0CV07773911D
500106930,King Cetshwayo,Dannhauser,Normandien,Bhejane Primary School,9,,Leaner Laptop-Asus 4,T3N0CV077756118
500106930,King Cetshwayo,Dannhauser,Normandien,Bhejane Primary School,9,,Leaner Laptop-Asus 5,T3N0CV077726118
500106930,King Cetshwayo,Dannhauser,Normandien,Bhejane Primary School,9,,Leaner Laptop-Asus 6,T3N0CV077717118
500106930,King Cetshwayo,Dannhauser,Normandien,Bhejane Primary School,9,,Leaner Laptop-Asus 7,T3N0CV07776411E
500106930,King Cetshwayo,Dannhauser,Normandien,Bhejane Primary School,9,,Leaner Laptop-Asus 8,T3N0CV07777611A
500106930,King Cetshwayo,Dannhauser,Normandien,Bhejane Primary School,9,,Leaner Laptop-Asus 9,T3N0CV077768119
500106930,King Cetshwayo,Dannhauser,Normandien,Bhejane Primary School,9,,Leaner Laptop-Asus 10,T3N0CV07777111E
500106930,King Cetshwayo,Dannhauser,Normandien,Bhejane Primary School,9,,Leaner Laptop-Asus 11,T3N0CV07776011B
500106930,King Cetshwayo,Dannhauser,Normandien,Bhejane Primary School,9,,Leaner Laptop-Asus 12,T3N0CV07777411C
500106930,King Cetshwayo,Dannhauser,Normandien,Bhejane Primary School,9,,Leaner Laptop-Asus 13,T3N0CV07776611D
500106930,King Cetshwayo,Dannhauser,Normandien,Bhejane Primary School,9,,Leaner Laptop-Asus 14,T3N0CV077705115
500106930,King Cetshwayo,Dannhauser,Normandien,Bhejane Primary School,9,,Leaner Laptop-Asus 15,T3N0CV07771211B
500106930,King Cetshwayo,Dannhauser,Normandien,Bhejane Primary School,9,,Leaner Laptop-Asus 16,T3N0CV077738112
500106930,King Cetshwayo,Dannhauser,Normandien,Bhejane Primary School,9,,Leaner Laptop-Asus 17,T3N0CV077725112
500106930,King Cetshwayo,Dannhauser,Normandien,Bhejane Primary School,9,,Leaner Laptop-Asus 18,T3N0CV07776211A
500106930,King Cetshwayo,Dannhauser,Normandien,Bhejane Primary School,9,,Leaner Laptop-Asus 19,T3N0CV077755115
500106930,King Cetshwayo,Dannhauser,Normandien,Bhejane Primary School,9,,Leaner Laptop-Asus 20,T3N0CV07771611B
500106930,King Cetshwayo,Dannhauser,Normandien,Bhejane Primary School,10,,Teacher Laptop-Asus,T3N0CV077805115
500106930,King Cetshwayo,Dannhauser,Normandien,Bhejane Primary School,,06-08-2025,4WD Smart Robot Car Chassis Electronic Kit,
500106930,King Cetshwayo,Dannhauser,Normandien,Bhejane Primary School,,06-08-2025,Arduino Smart Robot Car Kit,
500106930,King Cetshwayo,Dannhauser,Normandien,Bhejane Primary School,,06-08-2025,GoGoBot Educational Robot,
500106930,King Cetshwayo,Dannhauser,Normandien,Bhejane Primary School,,,Coding and Robotics Kit,
500106930,King Cetshwayo,Dannhauser,Normandien,Bhejane Primary School,,,Coding and Robotics Electronics Kit,
500106930,King Cetshwayo,Dannhauser,Normandien,Bhejane Primary School,,,Teacher Orientation,
500164317,King Cetshwayo,Dannhauser,Normandien,Ingwane Primary School,1,,Fixed whiteboard,
500164317,King Cetshwayo,Dannhauser,Normandien,Ingwane Primary School,1,,Charging Trolley,
500164317,King Cetshwayo,Dannhauser,Normandien,Ingwane Primary School,4,18/09/2024,Data Projector Bracket,
500164317,King Cetshwayo,Dannhauser,Normandien,Ingwane Primary School,5,28 01 2025,Data Projector - Acer,MRJR71100N2240088C5910
500164317,King Cetshwayo,Dannhauser,Normandien,Ingwane Primary School,8,,HDMI,
500164317,King Cetshwayo,Dannhauser,Normandien,Ingwane Primary School,14,,Cabinet,
500164317,King Cetshwayo,Dannhauser,Normandien,Ingwane Primary School,10,,Teacher Laptop - Acer,NXEGYEA01R43701F0D3400
500164317,King Cetshwayo,Dannhauser,Normandien,Ingwane Primary School,9,,Learner Laptop - Acer 1,NXEGYEA01R43406F9F3400
500164317,King Cetshwayo,Dannhauser,Normandien,Ingwane Primary School,9,,Learner Laptop - Acer 2,NXEGYEA01R43406E5F3400
500164317,King Cetshwayo,Dannhauser,Normandien,Ingwane Primary School,9,,Learner Laptop - Acer 3,NXEGYEA01R43701D903400
500164317,King Cetshwayo,Dannhauser,Normandien,Ingwane Primary School,9,,Learner Laptop - Acer 4,NXEGYEA01R43406E0D3400
500164317,King Cetshwayo,Dannhauser,Normandien,Ingwane Primary School,9,,Learner Laptop - Acer 5,NXEGYEA01R43406FD83400
500164317,King Cetshwayo,Dannhauser,Normandien,Ingwane Primary School,9,,Learner Laptop - Acer 6,NXEGYEA01R43406D123400
500164317,King Cetshwayo,Dannhauser,Normandien,Ingwane Primary School,9,,Learner Laptop - Acer 7,NXEGYEA01R43701DFD9400
500164317,King Cetshwayo,Dannhauser,Normandien,Ingwane Primary School,9,,Learner Laptop - Acer 8,NXEGYEA01R43701F5E3400
500164317,King Cetshwayo,Dannhauser,Normandien,Ingwane Primary School,9,,Learner Laptop - Acer 9,NXEGYEA01R43406F263400
500164317,King Cetshwayo,Dannhauser,Normandien,Ingwane Primary School,9,,Learner Laptop - Acer 10,NXEGYEA01R43701F703400
500164317,King Cetshwayo,Dannhauser,Normandien,Ingwane Primary School,9,,Learner Laptop - Acer 11,NXEGYEA01R4370205D3400
500164317,King Cetshwayo,Dannhauser,Normandien,Ingwane Primary School,9,,Learner Laptop - Acer 12,NXEGYEA01R43701E0B3400
500164317,King Cetshwayo,Dannhauser,Normandien,Ingwane Primary School,9,,Learner Laptop - Acer 13,NXEGYEA01R43701EFD3400
500164317,King Cetshwayo,Dannhauser,Normandien,Ingwane Primary School,9,,Learner Laptop - Acer 14,NXEGYEA01R4370205C3400
500164317,King Cetshwayo,Dannhauser,Normandien,Ingwane Primary School,9,,Learner Laptop - Acer 15,NXEGYEA01R434070A53400
500164317,King Cetshwayo,Dannhauser,Normandien,Ingwane Primary School,9,,Learner Laptop - Acer 16,NXEGYEA01R437020093400
500164317,King Cetshwayo,Dannhauser,Normandien,Ingwane Primary School,9,,Learner Laptop - Acer 17,NXEGYEA01R43406EA53400
500164317,King Cetshwayo,Dannhauser,Normandien,Ingwane Primary School,9,,Learner Laptop - Acer 18,NXEGYEA01R43406C613400
500164317,King Cetshwayo,Dannhauser,Normandien,Ingwane Primary School,9,,Learner Laptop - Acer 19,NXEGYEA01R43701E043400
500164317,King Cetshwayo,Dannhauser,Normandien,Ingwane Primary School,9,,Learner Laptop - Acer 20,NXEGYEA01R43406F0D3400
500164317,King Cetshwayo,Dannhauser,Normandien,Ingwane Primary School,,,Coding and Robotics Kit,
500164317,King Cetshwayo,Dannhauser,Normandien,Ingwane Primary School,,,Coding and Robotics Electronics Kit,
500164317,King Cetshwayo,Dannhauser,Normandien,Ingwane Primary School,,,Teacher Orientation,
500180967,King Cetshwayo,Dannhauser,Normandien,Kwambonambi Combined School,,,Fixed whiteboard,
500180967,King Cetshwayo,Dannhauser,Normandien,Kwambonambi Combined School,,,Charging Trolley,
500180967,King Cetshwayo,Dannhauser,Normandien,Kwambonambi Combined School,,,Data Projector Bracket,
500180967,King Cetshwayo,Dannhauser,Normandien,Kwambonambi Combined School,1,15 / 09 / 2024,Data Projector,MRJR71100N2240089B5910
500180967,King Cetshwayo,Dannhauser,Normandien,Kwambonambi Combined School,4,,HDMI,
500180967,King Cetshwayo,Dannhauser,Normandien,Kwambonambi Combined School,6,,Cabinet,
500180967,King Cetshwayo,Dannhauser,Normandien,Kwambonambi Combined School,5,30/07/2025,Teacher LapTop-Asus,t3n0cv07777011f
500180967,King Cetshwayo,Dannhauser,Normandien,Kwambonambi Combined School,8,2018-08-24 00:00:00,Learner Laptop-Asus 1,t3n0cv077780119
500180967,King Cetshwayo,Dannhauser,Normandien,Kwambonambi Combined School,14,,Learner Laptop-Asus 2,t3n0cv077749117
500180967,King Cetshwayo,Dannhauser,Normandien,Kwambonambi Combined School,10,30 / 07 / 2025,Learner Laptop-Asus 3,t3n0cv077733116
500180967,King Cetshwayo,Dannhauser,Normandien,Kwambonambi Combined School,9,30/01/2025,Learner Laptop-Asus 4,t3n0cv077731116
500180967,King Cetshwayo,Dannhauser,Normandien,Kwambonambi Combined School,9,30/01/2025,Learner Laptop-Asus 5,t3n0cv07773411a
500180967,King Cetshwayo,Dannhauser,Normandien,Kwambonambi Combined School,9,30/01/2025,Learner Laptop-Asus 6,t3n0cv07774011c
500180967,King Cetshwayo,Dannhauser,Normandien,Kwambonambi Combined School,9,30/01/2025,Learner Laptop-Asus 7,t3n0cv07771811d
500180967,King Cetshwayo,Dannhauser,Normandien,Kwambonambi Combined School,9,30/01/2025,Learner Laptop-Asus 8,t3n0cv07784011f
500180967,King Cetshwayo,Dannhauser,Normandien,Kwambonambi Combined School,9,30/01/2025,Learner Laptop-Asus 9,t3n0cv07779911e
500180967,King Cetshwayo,Dannhauser,Normandien,Kwambonambi Combined School,9,30/01/2025,Learner Laptop-Asus 10,t3n0cv077785119
500180967,King Cetshwayo,Dannhauser,Normandien,Kwambonambi Combined School,9,30/01/2025,Learner Laptop-Asus 11,t3n0cv077714114
500180967,King Cetshwayo,Dannhauser,Normandien,Kwambonambi Combined School,9,30/01/2025,Learner Laptop-Asus 12,t3n0cv07771311d
500180967,King Cetshwayo,Dannhauser,Normandien,Kwambonambi Combined School,9,30/01/2025,Learner Laptop-Asus 13,t3n0cv07782311e
500180967,King Cetshwayo,Dannhauser,Normandien,Kwambonambi Combined School,9,30/01/2025,Learner Laptop-Asus 14,t3n0cv077769114
500180967,King Cetshwayo,Dannhauser,Normandien,Kwambonambi Combined School,9,30/01/2025,Learner Laptop-Asus 15,t3n0cv07777311c
500180967,King Cetshwayo,Dannhauser,Normandien,Kwambonambi Combined School,9,30/01/2025,Learner Laptop-Asus 16,t3n0cv077815114
500180967,King Cetshwayo,Dannhauser,Normandien,Kwambonambi Combined School,9,30/01/2025,Learner Laptop-Asus 17,t3n0cv077814115
500180967,King Cetshwayo,Dannhauser,Normandien,Kwambonambi Combined School,9,30/01/2025,Learner Laptop-Asus 18,t3n0cv07780311f
500180967,King Cetshwayo,Dannhauser,Normandien,Kwambonambi Combined School,9,30/01/2025,Learner Laptop-Asus 19,t3n0cv07779111d
500180967,King Cetshwayo,Dannhauser,Normandien,Kwambonambi Combined School,9,30/01/2025,Learner Laptop-Asus 20,t3n0cv077783119
500180967,King Cetshwayo,Dannhauser,Normandien,Kwambonambi Combined School,9,30/01/2025,Coding and Robotics Kit,
500180967,King Cetshwayo,Dannhauser,Normandien,Kwambonambi Combined School,9,30/01/2025,Coding and Robotics Electronics Kit,
500180967,King Cetshwayo,Dannhauser,Normandien,Kwambonambi Combined School,9,30/01/2025,Teacher Orientation,
500195582,King Cetshweyo,Dannhauser,Normandien,Mamba Primary School,1,2024-09-18 00:00:00,Fixed whiteboard,
500195582,King Cetshweyo,Dannhauser,Normandien,Mamba Primary School,4,,Charging Trolley,
500195582,King Cetshweyo,Dannhauser,Normandien,Mamba Primary School,6,2024-09-18 00:00:00,Data Projector Bracket,
500195582,King Cetshweyo,Dannhauser,Normandien,Mamba Primary School,8,2024-09-15 00:00:00,HDMI,
500195582,King Cetshweyo,Dannhauser,Normandien,Mamba Primary School,14,2024-09-18 00:00:00,Cabinet,
500195582,King Cetshweyo,Dannhauser,Normandien,Mamba Primary School,5,,Acer Data Projector,MRJR71100N224008D85910
500195582,King Cetshweyo,Dannhauser,Normandien,Mamba Primary School,10,,Asus Vivabook X1605V (Teacher),T3N0CV077801116
500195582,King Cetshweyo,Dannhauser,Normandien,Mamba Primary School,13,,Asus Vivabook X1605V (Learner 1),T2N0CV12J512090
500195582,King Cetshweyo,Dannhauser,Normandien,Mamba Primary School,13,,Asus Vivabook X1605V (Learner 2),T2N0CV12H244097
500195582,King Cetshweyo,Dannhauser,Normandien,Mamba Primary School,13,,Asus Vivabook X1605V (Learner 3),T3N0CV07775411F
500195582,King Cetshweyo,Dannhauser,Normandien,Mamba Primary School,13,,Asus Vivabook X1605V (Learner 4),T3N0CV07772111G
500195582,King Cetshweyo,Dannhauser,Normandien,Mamba Primary School,13,,Asus Vivabook X1605V (Learner 5),T3N0CV07776511D
500195582,King Cetshweyo,Dannhauser,Normandien,Mamba Primary School,13,,Asus Vivabook X1605V (Learner 6),T3N0CV07772911A
500195582,King Cetshweyo,Dannhauser,Normandien,Mamba Primary School,13,,Asus Vivabook X1605V (Learner 7),T2N0CV12J497097
500195582,King Cetshweyo,Dannhauser,Normandien,Mamba Primary School,13,,Asus Vivabook X1605V (Learner 8),T2N0CV12J379093
500195582,King Cetshweyo,Dannhauser,Normandien,Mamba Primary School,13,,Asus Vivabook X1605V (Learner 9),T2N0CV12J49109A
500195582,King Cetshweyo,Dannhauser,Normandien,Mamba Primary School,13,,Asus Vivabook X1605V (Learner 10),T2N0CV12J437096
500195582,King Cetshweyo,Dannhauser,Normandien,Mamba Primary School,13,,Asus Vivabook X1605V (Learner 11),T2N0CV12H245094
500195582,King Cetshweyo,Dannhauser,Normandien,Mamba Primary School,13,,Asus Vivabook X1605V (Learner 12),T2N0CV12J495094
500195582,King Cetshweyo,Dannhauser,Normandien,Mamba Primary School,13,,Asus Vivabook X1605V (Learner 13),T2N0CV12H229095
500195582,King Cetshweyo,Dannhauser,Normandien,Mamba Primary School,13,,Asus Vivabook X1605V (Learner 14),T2N0CV12H271096
500195582,King Cetshweyo,Dannhauser,Normandien,Mamba Primary School,13,,Asus Vivabook X1605V (Learner 15),T2N0CV12J30209B
500195582,King Cetshweyo,Dannhauser,Normandien,Mamba Primary School,13,,Asus Vivabook X1605V (Learner 16),T2N0CV12J493096
500195582,King Cetshweyo,Dannhauser,Normandien,Mamba Primary School,13,,Asus Vivabook X1605V (Learner 17),T2N0CV12H205098
500195582,King Cetshweyo,Dannhauser,Normandien,Mamba Primary School,13,,Asus Vivabook X1605V (Learner 18),T3N0CV077707115
500195582,King Cetshweyo,Dannhauser,Normandien,Mamba Primary School,13,,Asus Vivabook X1605V (Learner 19),T3N0CV077735119
500195582,King Cetshweyo,Dannhauser,Normandien,Mamba Primary School,13,,Asus Vivabook X1605V (Learner 20),T3N0CV07775811A
500315721,King Cetshwayo,Dannhauser,Normandien,Mathuba Primary School,13,2024-09-18 00:00:00,5 * 4WD Smart Robot Car Chassis Electronic Kit,
500315721,King Cetshwayo,Dannhauser,Normandien,Mathuba Primary School,13,2024-09-18 00:00:00,5 * Arduino Smart Robot Car Kit with Arduino Uno,
500315721,King Cetshwayo,Dannhauser,Normandien,Mathuba Primary School,13,2024-09-18 00:00:00,5 * The GoGoBot Educational Robot with Arduino Uno,
500315721,King Cetshwayo,Dannhauser,Normandien,Mathuba Primary School,13,2024-09-18 00:00:00,"5 ""Wheel and Ade Set (different colors)",
500315721,King Cetshwayo,Dannhauser,Normandien,Mathuba Primary School,13,2024-09-18 00:00:00,"1 * Duratool (D02258) Nail Set, Assorted, Steel - 550 pcs",
500315721,King Cetshwayo,Dannhauser,Normandien,Mathuba Primary School,13,2024-09-18 00:00:00,"1 * Duratool D01885 Nuts, Bolts & Washers Set, Assorted, Stainless Steel - 224 pcs",
500315721,King Cetshwayo,Dannhauser,Normandien,Mathuba Primary School,13,2024-09-18 00:00:00,1 * Assorted Car Body Plastic Push Retainer Pin Rivet Fasteners Kit - 100 pcs,
500315721,King Cetshwayo,Dannhauser,Normandien,Mathuba Primary School,13,2024-09-18 00:00:00,"1 "" Micro-Tec - Screw/Nut Assortment - Miscellaneous Tools - 347 pcs",
500315721,King Cetshwayo,Dannhauser,Normandien,Mathuba Primary School,13,2024-09-18 00:00:00,"5 ""Gears: Plastic gear kit - 75 pcs",
500315721,King Cetshwayo,Dannhauser,Normandien,Mathuba Primary School,13,2024-09-18 00:00:00,5 * Front and rear linkage set - 4 Pcs,
500315721,King Cetshwayo,Dannhauser,Normandien,Mathuba Primary School,13,2024-09-18 00:00:00,5 * Pulleys: Pulley Plastic Gears Kit Rubber Band Pulley Belt Shaft Robot Motor Bevel Set - 84 pcs,
500315721,King Cetshwayo,Dannhauser,Normandien,Mathuba Primary School,13,2024-09-18 00:00:00,"1 * 300 Pc LED kit (Containing 3mm and 5mm LEDs) as follows: 20Pcs 5mm Red, 20Pcs 5mm Yellow, 20Pcs 5mm White, 40Pcs 3mm Green, 40Pcs 3mm Blue, 40Pcs 3mm White, 40Pcs 3mm White",
500315721,King Cetshwayo,Dannhauser,Normandien,Mathuba Primary School,13,2024-09-18 00:00:00,16 * Energizer AAA + AA 4 Pack Batteries 1.5v battery,
500315721,King Cetshwayo,Dannhauser,Normandien,Mathuba Primary School,13,2024-09-18 00:00:00,"1 * Resistor starter kit (600 piece, various resistance values)",
500315721,King Cetshwayo,Dannhauser,Normandien,Mathuba Primary School,13,2024-09-18 00:00:00,"5 ""STEM - Robot Mouse Activity Set (Gigo First Coding and Robotics)",
500315721,King Cetshwayo,Dannhauser,Normandien,Mathuba Primary School,13,2024-09-18 00:00:00,5 * Gigo SAA Programming Bricks (with Robotic Arm Model),
500315721,King Cetshwayo,Dannhauser,Normandien,Mathuba Primary School,13,2024-09-18 00:00:00,5 * Learning Resources Code and Go STEM Robot Mouse Activity Set,
500315721,King Cetshwayo,Dannhauser,Normandien,Mathuba Primary School,13,2024-09-18 00:00:00,5 * 4IRI Electricity kit (Spark Board) containing onboard 2 x Battery holder AA 1 x Battery holder 2XAAA 4 x E10 Lamp holders 2 x 400-hole breadboard Mini switch,
500315721,King Cetshwayo,Dannhauser,Normandien,Mathuba Primary School,13,2024-09-18 00:00:00,5 * Labelled breadboard,
500315721,King Cetshwayo,Dannhauser,Normandien,Mathuba Primary School,13,2024-09-18 00:00:00,5 * VGA Fan,
500315721,King Cetshwayo,Dannhauser,Normandien,Mathuba Primary School,13,2024-09-18 00:00:00,10Â° DC Motors,
500315721,King Cetshwayo,Dannhauser,Normandien,Mathuba Primary School,13,2024-09-18 00:00:00,"10 Â° Buzzer Circuit Kit, each consisting of: 2X AA battery holder, 1 x Large continuous buzzer, 1 x Small continuous buzzer, 1x Toggle switch",
500315721,King Cetshwayo,Dannhauser,Normandien,Mathuba Primary School,13,2024-09-18 00:00:00,"10Â° Light Bulb Circuit Kit, each consisting of: 2X AA battery holders, 4x MES E10 Lamps (3V)",
500315721,King Cetshwayo,Dannhauser,Normandien,Mathuba Primary School,13,2024-09-18 00:00:00,"5 Â° Male to male red jumer wires set (assorted), each consisting of: - 30 x Male-to-Male Jumper wires - red (long), - 20 x Male-to-Male Jumper wires - red (short), - 30 x Male-to-Male Jumper wires - black (long), 20 x Male-to-Male Jumper wires - black (short)",
500315721,King Cetshwayo,Dannhauser,Normandien,Mathuba Primary School,13,2024-09-18 00:00:00,5 Â° Connecting leads with croc clips (6 pack),
500315721,King Cetshwayo,Dannhauser,Normandien,Mathuba Primary School,13,2024-09-18 00:00:00,2 Â° Acrylic gear set,
500315721,King Cetshwayo,Dannhauser,Normandien,Mathuba Primary School,13,2024-09-18 00:00:00,5 Â° Storage Containers,
500315721,King Cetshwayo,Dannhauser,Normandien,Mathuba Primary School,Not Provided,Not Provided,Teacher Laptop - Acer,NXEGYEA01R437020833400
500315721,King Cetshwayo,Dannhauser,Normandien,Mathuba Primary School,5,2025-07-28 00:00:00,Data Projector - Acer,MRJR71100N224008CE5910
500315721,King Cetshwayo,Dannhauser,Normandien,Mathuba Primary School,9,2025-07-28 00:00:00,Learner Laptop - Acer,NXEGYEA01R437021543400
500315721,King Cetshwayo,Dannhauser,Normandien,Mathuba Primary School,9,2025-07-28 00:00:00,Learner Laptop - Acer,NXEGYEA01R43406F243400
500315721,King Cetshwayo,Dannhauser,Normandien,Mathuba Primary School,9,2025-07-28 00:00:00,Learner Laptop - Acer,NXEGYEA01R437021253400
500315721,King Cetshwayo,Dannhauser,Normandien,Mathuba Primary School,9,2025-07-28 00:00:00,Learner Laptop - Acer,NXEGYEA01R437020643400
500315721,King Cetshwayo,Dannhauser,Normandien,Mathuba Primary School,9,2025-07-28 00:00:00,Learner Laptop - Acer,NXEGYEA01R437020023400
500315721,King Cetshwayo,Dannhauser,Normandien,Mathuba Primary School,9,2025-07-28 00:00:00,Learner Laptop - Acer,NXEGYEA01R43406FFA3400
500315721,King Cetshwayo,Dannhauser,Normandien,Mathuba Primary School,9,2025-07-28 00:00:00,Learner Laptop - Acer,NXEGYEA01R43701FCG3400
500315721,King Cetshwayo,Dannhauser,Normandien,Mathuba Primary School,9,2025-07-28 00:00:00,Learner Laptop - Acer,NXEGYEA01R43701DB63400
500315721,King Cetshwayo,Dannhauser,Normandien,Mathuba Primary School,9,2025-07-28 00:00:00,Learner Laptop - Acer,NXEGYEA01R434070093400
500315721,King Cetshwayo,Dannhauser,Normandien,Mathuba Primary School,9,2025-07-28 00:00:00,Learner Laptop - Acer,NXEGYEA01R43406FAC3400
500315721,King Cetshwayo,Dannhauser,Normandien,Mathuba Primary School,9,2025-07-28 00:00:00,Learner Laptop - Acer,NXEGYEA01R43701DD33400
500315721,King Cetshwayo,Dannhauser,Normandien,Mathuba Primary School,9,2025-07-28 00:00:00,Learner Laptop - Acer,NXEGYEA01R43701D3A3400
500315721,King Cetshwayo,Dannhauser,Normandien,Mathuba Primary School,9,2025-07-28 00:00:00,Learner Laptop - Acer,NXEGYEA01R43701E283400
500315721,King Cetshwayo,Dannhauser,Normandien,Mathuba Primary School,9,2025-07-28 00:00:00,Learner Laptop - Acer,NXEGYEA01R434060D43400
500315721,King Cetshwayo,Dannhauser,Normandien,Mathuba Primary School,9,2025-07-28 00:00:00,Learner Laptop - Acer,NXEGYEA01R437021AF3400
500315721,King Cetshwayo,Dannhauser,Normandien,Mathuba Primary School,9,2025-07-28 00:00:00,Learner Laptop - Acer,NXEGYEA01R43701DA83400
500315721,King Cetshwayo,Dannhauser,Normandien,Mathuba Primary School,9,2025-07-28 00:00:00,Learner Laptop - Acer,NXEGYEA01R437021733400
500315721,King Cetshwayo,Dannhauser,Normandien,Mathuba Primary School,9,2025-07-28 00:00:00,Learner Laptop - Acer,NXEGYEA01R43701D843400
500315721,King Cetshwayo,Dannhauser,Normandien,Mathuba Primary School,9,2025-07-28 00:00:00,Learner Laptop - Acer,NXEGYEA01R437021983400
500315721,King Cetshwayo,Dannhauser,Normandien,Mathuba Primary School,9,2025-07-28 00:00:00,Learner Laptop - Acer,NXEGYEA01R437020ZE3400
500315721,King Cetshwayo,Dannhauser,Normandien,Mathuba Primary School,1,2024-09-18 00:00:00,Fixed whiteboard,
500315721,King Cetshwayo,Dannhauser,Normandien,Mathuba Primary School,6,Not Provided,Data Projector Bracket,
500315721,King Cetshwayo,Dannhauser,Normandien,Mathuba Primary School,8,2024-09-18 00:00:00,HDMI,
500315721,King Cetshwayo,Dannhauser,Normandien,Mathuba Primary School,14,2024-09-18 00:00:00,CABINET,
500315721,King Cetshwayo,Dannhauser,Normandien,Mathuba Primary School,4,Not Provided,Charging Trolley,
500207348,King Cetshweyo,Dannhauser,Normandien,Melmoth Combined School,1,Not Provided,Fixed whiteboard,
500207348,King Cetshweyo,Dannhauser,Normandien,Melmoth Combined School,4,Not Provided,Charging Trolley,
500207348,King Cetshweyo,Dannhauser,Normandien,Melmoth Combined School,6,Not Provided,Data Projector Bracket,
500207348,King Cetshweyo,Dannhauser,Normandien,Melmoth Combined School,8,Not Provided,HDMI,
500207348,King Cetshweyo,Dannhauser,Normandien,Melmoth Combined School,14,Not Provided,CABINET,
500207348,King Cetshweyo,Dannhauser,Normandien,Melmoth Combined School,13,Not Provided,5 * 4WD Smart Robot Car Chassis Electronic Kit,
500207348,King Cetshweyo,Dannhauser,Normandien,Melmoth Combined School,13,Not Provided,5 * Arduino Smart Robot Car Kit with Arduino Uno,
500207348,King Cetshweyo,Dannhauser,Normandien,Melmoth Combined School,13,Not Provided,5 * The GoGoBot Educational Robot with Arduino Uno,
500207348,King Cetshweyo,Dannhauser,Normandien,Melmoth Combined School,13,Not Provided,5 â€Wheel and Axle Set (different colors),
500207348,King Cetshweyo,Dannhauser,Normandien,Melmoth Combined School,13,Not Provided,"1 * Duratool (D02Z58) Nail Set, Assorted, Steel - 550 pcs",
500207348,King Cetshweyo,Dannhauser,Normandien,Melmoth Combined School,13,Not Provided,"1 * Duratool D01885 Nuts, Bolts & Washers Set, Assorted, Stainless Steel - 224 pcs",
500207348,King Cetshweyo,Dannhauser,Normandien,Melmoth Combined School,13,Not Provided,1 * Assorted Car Body Plastic Push Retainer Pin Rivet Fasteners Kit - 100 pcs,
500207348,King Cetshweyo,Dannhauser,Normandien,Melmoth Combined School,13,Not Provided,1 â€ Micro-Tec - Screw/Nut Assortment - Miscellaneous Tools - 347 pcs,
500207348,King Cetshweyo,Dannhauser,Normandien,Melmoth Combined School,13,Not Provided,5 â€œGears: Plastic gear kit - 75 pcs,
500207348,King Cetshweyo,Dannhauser,Normandien,Melmoth Combined School,13,Not Provided,5 * Front and rear linkage set - 4 Pcs,
500207348,King Cetshweyo,Dannhauser,Normandien,Melmoth Combined School,13,Not Provided,5 * Pulleys: Pulley Plastic Gears Kit Rubber Band Pulley Belt Shaft Robot Motor Bevel Set - 84 pcs,
500207348,King Cetshweyo,Dannhauser,Normandien,Melmoth Combined School,13,Not Provided,"1 * 300 Pc LED kit (Containing 3mm and Smm LEDs) as follows: 20Pcs Smm Red, 20Pcs Smm Green, 20Pcs Smm Yellow, 20Pcs Smm Blue, 20Pcs Smm White, 40Pcs 3mm Red, 40Pcs 3mm Green, 40Pcs 3mm Yellow, 40Pcs 3mm Blue, 40Pcs 3mm White",
500207348,King Cetshweyo,Dannhauser,Normandien,Melmoth Combined School,13,Not Provided,16 * Energizer AAA + AA 4 Pack Batteries 1.5v battery,
500207348,King Cetshweyo,Dannhauser,Normandien,Melmoth Combined School,13,Not Provided,"1 * Resistor starter kit (600 piece, various resistance values)",
500207348,King Cetshweyo,Dannhauser,Normandien,Melmoth Combined School,13,Not Provided,5 â€œSTEM - Robot Mouse Activity Set (Gigo First Coding and Robotics),
500207348,King Cetshweyo,Dannhauser,Normandien,Melmoth Combined School,13,Not Provided,5 * Gigo S4A Programming Bricks (with Robotic Arm Model),
500207348,King Cetshweyo,Dannhauser,Normandien,Melmoth Combined School,13,Not Provided,5 * Learning Resources Code and Go STEM Robot Mouse Activity Set,
500207348,King Cetshweyo,Dannhauser,Normandien,Melmoth Combined School,13,Not Provided,"5 * 4IRl Electricity kit (Spark Board) containing onboard 2 x Battery holder AA, 1 x Battery holder 2XAAA, 4 x E10 Lamp holders, 2 x 400-hole breadboard, Mini switch",
500207348,King Cetshweyo,Dannhauser,Normandien,Melmoth Combined School,13,Not Provided,5 * Labelled breadboard,
500207348,King Cetshweyo,Dannhauser,Normandien,Melmoth Combined School,13,Not Provided,5 * VGA Fan,
500207348,King Cetshweyo,Dannhauser,Normandien,Melmoth Combined School,13,Not Provided,10 â€ DC Motors,
500207348,King Cetshweyo,Dannhauser,Normandien,Melmoth Combined School,13,Not Provided,"10 * Buzzer Circuit Kit, each consisting of: 2X AA battery holder, 1 x Large continuous buzzer, 1 x Small continuous buzzer, 1x Toggle switch",
500207348,King Cetshweyo,Dannhauser,Normandien,Melmoth Combined School,13,Not Provided,"10 â€ Light Bulb Circuit Kit, each consisting of: 2X AA battery holders, 4x MES E10 Lamps (3V)",
500207348,King Cetshweyo,Dannhauser,Normandien,Melmoth Combined School,13,Not Provided,"5 * Male to male red jumer wires set (assorted), each consisting of: 30 x Male-to-Male Jumper wires - red (long), 20 x Male-to-Male Jumper wires - red (short), 30 x Male-to-Male Jumper wires - black (long), 20 x Male-to-Male Jumper wires - black (short), 30 x Male-to-Male Jumper wires - rainbow (long), 20 x Male-to-Male Jumper wires - rainbow (short)",
500207348,King Cetshweyo,Dannhauser,Normandien,Melmoth Combined School,13,Not Provided,5 * Connecting leads with croc clips (6 pack),
500207348,King Cetshweyo,Dannhauser,Normandien,Melmoth Combined School,13,Not Provided,2 * Acrylic gear set,
500207348,King Cetshweyo,Dannhauser,Normandien,Melmoth Combined School,13,Not Provided,5 * Storage Containers,
500248455,King Cetshweyo,Dannhauser,Normandien,Phesheya Primary School,1,2024-09-06 00:00:00,Fixed whiteboard,
500248455,King Cetshweyo,Dannhauser,Normandien,Phesheya Primary School,10,Not Provided,Teacher Laptop - Asus,T6N0CV01Y814231
500248455,King Cetshweyo,Dannhauser,Normandien,Phesheya Primary School,10,Not Provided,Data Projector - Acer,MRJTU11004421005D95930
500248455,King Cetshweyo,Dannhauser,Normandien,Phesheya Primary School,4,Not Provided,Charging Trolley,
500248455,King Cetshweyo,Dannhauser,Normandien,Phesheya Primary School,6,2024-09-18 00:00:00,Data Projector Bracket,
500248455,King Cetshweyo,Dannhauser,Normandien,Phesheya Primary School,8,2024-09-06 00:00:00,HDMI,
500248455,King Cetshweyo,Dannhauser,Normandien,Phesheya Primary School,14,Not Provided,CABINET,
500248455,King Cetshweyo,Dannhauser,Normandien,Phesheya Primary School,13,Not Provided,5 * 4WD Smart Robot Car Chassis Electronic Kit,
500248455,King Cetshweyo,Dannhauser,Normandien,Phesheya Primary School,13,Not Provided,5 * Arduino Smart Robot Car Kit with Arduino Uno,
500248455,King Cetshweyo,Dannhauser,Normandien,Phesheya Primary School,13,Not Provided,5 * The GoGoBot Educational Robot with Arduino Uno,
500248455,King Cetshweyo,Dannhauser,Normandien,Phesheya Primary School,13,Not Provided,5 * Wheel and Axle Set (different colors),
500248455,King Cetshweyo,Dannhauser,Normandien,Phesheya Primary School,13,Not Provided,"1 * Duration (DD22S8) Nail Set, Assorted, Steel - 550 pcs",
500248455,King Cetshweyo,Dannhauser,Normandien,Phesheya Primary School,13,Not Provided,"1 * Duration DD1888 Huts, Bolts & Washers Set, Assomed, Stainless Steel - 224 pcs",
500248455,King Cetshweyo,Dannhauser,Normandien,Phesheya Primary School,13,Not Provided,1 * Assorted Car Body Plastic Push Retainer Pin Rivet Fasteners Kit - 100 pcs,
500248455,King Cetshweyo,Dannhauser,Normandien,Phesheya Primary School,13,Not Provided,1 * Micro-Tec - Screw/Nut Assortment - Miscellaneous Tools - 347 pcs,
500248455,King Cetshweyo,Dannhauser,Normandien,Phesheya Primary School,13,Not Provided,5 * Gears: Plastic gear kit - 75 pcs,
500248455,King Cetshweyo,Dannhauser,Normandien,Phesheya Primary School,13,Not Provided,5 * Front and rear linkage set - 4 Pcs,
500248455,King Cetshweyo,Dannhauser,Normandien,Phesheya Primary School,13,Not Provided,5 * Pulleys: Pulley Plastic Gears Kit Rubber Band Pulley Belt Shaft Robot Motor Bevel Set - 84 pcs,
500248455,King Cetshweyo,Dannhauser,Normandien,Phesheya Primary School,13,Not Provided,"1 * 300 PC LED kit (Containing 3mm and 5mm LEDs) as follows: 20Pcs 5mm Red, 20Pcs 5mm Yellow, 20Pcs 5mm White, 40Pcs 3mm Green, 40Pcs 3mm Blue, 40Pcs 3mm White",
500248455,King Cetshweyo,Dannhauser,Normandien,Phesheya Primary School,13,Not Provided,16 * Energizer AAA + AA 4 Pack Batteries 1.5v battery,
500248455,King Cetshweyo,Dannhauser,Normandien,Phesheya Primary School,13,Not Provided,"1 * Resistor starter kit (600 piece, various resistance values)",
500248455,King Cetshweyo,Dannhauser,Normandien,Phesheya Primary School,13,Not Provided,5 * STEM - Robot Mouse Activity Set (Gigo First Coding and Robotics),
500248455,King Cetshweyo,Dannhauser,Normandien,Phesheya Primary School,13,Not Provided,5 * Gigo S4A Programming Bricks (with Robotic Arm Model),
500248455,King Cetshweyo,Dannhauser,Normandien,Phesheya Primary School,13,Not Provided,5 * Learning Resources Code and Go STEM Robot Mouse Activity Set,
500248455,King Cetshweyo,Dannhauser,Normandien,Phesheya Primary School,13,Not Provided,"5 * 4IRI Electricity kit (Spark Board) containing onboard 2 x Battery holder AA, 1 x Battery holder 2XAAA, 4 x E10 Lamp holders, 2 x 400-hole breadboard, Mini switch",
500248455,King Cetshweyo,Dannhauser,Normandien,Phesheya Primary School,13,Not Provided,5 * Labelled breadboard,
500248455,King Cetshweyo,Dannhauser,Normandien,Phesheya Primary School,13,Not Provided,5 * VGA Fan,
500248455,King Cetshweyo,Dannhauser,Normandien,Phesheya Primary School,13,Not Provided,10 * DC Motors,
500248455,King Cetshweyo,Dannhauser,Normandien,Phesheya Primary School,13,Not Provided,"10 * Buzzer Circuit Kit, each consisting of: 2X AA battery holder, 1 x Large continuous buzzer, 1 x Small continuous buzzer, 1x Toggle switch",
500248455,King Cetshweyo,Dannhauser,Normandien,Phesheya Primary School,13,Not Provided,"10Â° Light Bulb Circuit Kit, each consisting of: 2X AA battery holders, 4x MES E10 Lamps (3V)",
500248455,King Cetshweyo,Dannhauser,Normandien,Phesheya Primary School,13,Not Provided,"5 * Male to male red Jumper wires set (assorted), each consisting of: 30 x Male-to-Male Jumper wires - red (long), 20 x Male-to-Male Jumper wires - red (short), 30 x Male-to-Male Jumper wires - black (long), 20 x Male-to-Male Jumper wires - black (short), 30 x Male-to-Male Jumper wires - rainbow (long), 20 x Male-to-Male Jumper wires - rainbow (short)",
500248455,King Cetshweyo,Dannhauser,Normandien,Phesheya Primary School,13,Not Provided,25 * Connecting leads with croc clips (6 pack),
500248455,King Cetshweyo,Dannhauser,Normandien,Phesheya Primary School,13,Not Provided,26 * Acrylic gear set,
500248455,King Cetshweyo,Dannhauser,Normandien,Phesheya Primary School,13,Not Provided,27 * Storage Containers,
500248455,King Cetshweyo,Dannhauser,Normandien,Phesheya Primary School,9,Not Provided,Learner Laptop - Asus,T2N0CV12J32509A
500248455,King Cetshweyo,Dannhauser,Normandien,Phesheya Primary School,9,Not Provided,Learner Laptop - Asus,T4N0CV02R19115B
500248455,King Cetshweyo,Dannhauser,Normandien,Phesheya Primary School,9,Not Provided,Learner Laptop - Asus,T4N0CV02R187152
500248455,King Cetshweyo,Dannhauser,Normandien,Phesheya Primary School,9,Not Provided,Learner Laptop - Asus,T6N0CV01Y747237
500248455,King Cetshweyo,Dannhauser,Normandien,Phesheya Primary School,9,Not Provided,Learner Laptop - Asus,T4N0CV02R38915B
500248455,King Cetshweyo,Dannhauser,Normandien,Phesheya Primary School,9,Not Provided,Learner Laptop - Asus,T2N0CV12H102096
500248455,King Cetshweyo,Dannhauser,Normandien,Phesheya Primary School,9,Not Provided,Learner Laptop - Asus,T2N0CV12J381099
500248455,King Cetshweyo,Dannhauser,Normandien,Phesheya Primary School,9,Not Provided,Learner Laptop - Asus,T2N0CV12H18409C
500248455,King Cetshweyo,Dannhauser,Normandien,Phesheya Primary School,9,Not Provided,Learner Laptop - Asus,T2N0CV12J50109A
500248455,King Cetshweyo,Dannhauser,Normandien,Phesheya Primary School,9,Not Provided,Learner Laptop - Asus,T2N0CV12J273093
500248455,King Cetshweyo,Dannhauser,Normandien,Phesheya Primary School,9,Not Provided,Learner Laptop - Asus,T2N0CV12J35709A
500248455,King Cetshweyo,Dannhauser,Normandien,Phesheya Primary School,9,Not Provided,Learner Laptop - Asus,T2N0CV12H26309H
500248455,King Cetshweyo,Dannhauser,Normandien,Phesheya Primary School,9,Not Provided,Learner Laptop - Asus,T2N0CV12J438099
500248455,King Cetshweyo,Dannhauser,Normandien,Phesheya Primary School,9,Not Provided,Learner Laptop - Asus,T2N0CV12J34609H
500248455,King Cetshweyo,Dannhauser,Normandien,Phesheya Primary School,9,Not Provided,Learner Laptop - Asus,T2N0CV12H156096
500248455,King Cetshweyo,Dannhauser,Normandien,Phesheya Primary School,9,Not Provided,Learner Laptop - Asus,T2N0CV12J458096
500248455,King Cetshweyo,Dannhauser,Normandien,Phesheya Primary School,9,Not Provided,Learner Laptop - Asus,T2N0CV12J500098
500248455,King Cetshweyo,Dannhauser,Normandien,Phesheya Primary School,9,Not Provided,Learner Laptop - Asus,T2N0CV12J47409A
500248455,King Cetshweyo,Dannhauser,Normandien,Phesheya Primary School,9,Not Provided,Learner Laptop - Asus,T2N0CV12J47509D
500248455,King Cetshweyo,Dannhauser,Normandien,Phesheya Primary School,9,Not Provided,Learner Laptop - Asus,T2N0CV12J296099
500264402,King Cetshwayo,Dannhauser,Normandien,Sigananda Primary school,1,Not Provided,Fixed whiteboard,
500264402,King Cetshwayo,Dannhauser,Normandien,Sigananda Primary school,4,Not Provided,Charging Trolley,
500264402,King Cetshwayo,Dannhauser,Normandien,Sigananda Primary school,6,Not Provided,Data Projector Bracket,
500264402,King Cetshwayo,Dannhauser,Normandien,Sigananda Primary school,8,Not Provided,HDMI,
500264402,King Cetshwayo,Dannhauser,Normandien,Sigananda Primary school,14,Not Provided,CABINET,
500264402,King Cetshwayo,Dannhauser,Normandien,Sigananda Primary school,13,Not Provided,5 * 4WD Smart Robot Car Chassis Electronic Kit,
500264402,King Cetshwayo,Dannhauser,Normandien,Sigananda Primary school,13,Not Provided,5 * Arduino Smart Robot Car Kit with Arduino Uno,
500264402,King Cetshwayo,Dannhauser,Normandien,Sigananda Primary school,13,Not Provided,5 * The GoGoBot Educational Robot with Arduino Uno,
500264402,King Cetshwayo,Dannhauser,Normandien,Sigananda Primary school,13,Not Provided,5 â€Wheel and Axle Set (different colors),
500264402,King Cetshwayo,Dannhauser,Normandien,Sigananda Primary school,13,Not Provided,"1 * Duratool (D02Z58) Nail Set, Assorted, Steel - 550 pcs",
500264402,King Cetshwayo,Dannhauser,Normandien,Sigananda Primary school,13,Not Provided,"1 * Duratool D01885 Nuts, Bolts & Washers Set, Assorted, Stainless Steel - 224 pcs",
500264402,King Cetshwayo,Dannhauser,Normandien,Sigananda Primary school,13,Not Provided,1 * Assorted Car Body Plastic Push Retainer Pin Rivet Fasteners Kit - 100 pcs,
500264402,King Cetshwayo,Dannhauser,Normandien,Sigananda Primary school,13,Not Provided,1 â€ Micro-Tec - Screw/Nut Assortment - Miscellaneous Tools - 347 pcs,
500264402,King Cetshwayo,Dannhauser,Normandien,Sigananda Primary school,13,Not Provided,5 â€œGears: Plastic gear kit - 75 pcs,
500264402,King Cetshwayo,Dannhauser,Normandien,Sigananda Primary school,13,Not Provided,5 * Front and rear linkage set - 4 Pcs,
500264402,King Cetshwayo,Dannhauser,Normandien,Sigananda Primary school,13,Not Provided,5 * Pulleys: Pulley Plastic Gears Kit Rubber Band Pulley Belt Shaft Robot Motor Bevel Set - 84 pcs,
500264402,King Cetshwayo,Dannhauser,Normandien,Sigananda Primary school,13,Not Provided,"1 * 300 Pc LED kit (Containing 3mm and Smm LEDs) as follows: 20Pcs Smm Red, 20Pcs Smm Green, 20Pcs Smm Yellow, 20Pcs Smm Blue, 20Pcs Smm White, 40Pcs 3mm Red, 40Pcs 3mm Green, 40Pcs 3mm Yellow, 40Pcs 3mm Blue, 40Pcs 3mm White",
500264402,King Cetshwayo,Dannhauser,Normandien,Sigananda Primary school,13,Not Provided,16 * Energizer AAA + AA 4 Pack Batteries 1.5v battery,
500264402,King Cetshwayo,Dannhauser,Normandien,Sigananda Primary school,13,Not Provided,"1 * Resistor starter kit (600 piece, various resistance values)",
500264402,King Cetshwayo,Dannhauser,Normandien,Sigananda Primary school,13,Not Provided,5 â€œSTEM - Robot Mouse Activity Set (Gigo First Coding and Robotics),
500264402,King Cetshwayo,Dannhauser,Normandien,Sigananda Primary school,13,Not Provided,5 * Gigo S4A Programming Bricks (with Robotic Arm Model),
500264402,King Cetshwayo,Dannhauser,Normandien,Sigananda Primary school,13,Not Provided,5 * Learning Resources Code and Go STEM Robot Mouse Activity Set,
500264402,King Cetshwayo,Dannhauser,Normandien,Sigananda Primary school,13,Not Provided,"5 * 4IRl Electricity kit (Spark Board) containing onboard 2 x Battery holder AA, 1 x Battery holder 2XAAA, 4 x E10 Lamp holders, 2 x 400-hole breadboard, Mini switch",
500264402,King Cetshwayo,Dannhauser,Normandien,Sigananda Primary school,13,Not Provided,5 * Labelled breadboard,
500264402,King Cetshwayo,Dannhauser,Normandien,Sigananda Primary school,13,Not Provided,5 * VGA Fan,
500264402,King Cetshwayo,Dannhauser,Normandien,Sigananda Primary school,13,Not Provided,10 â€ DC Motors,
500264402,King Cetshwayo,Dannhauser,Normandien,Sigananda Primary school,13,Not Provided,"10 * Buzzer Circuit Kit, each consisting of: 2X AA battery holder, 1 x Large continuous buzzer, 1 x Small continuous buzzer, 1x Toggle switch",
500264402,King Cetshwayo,Dannhauser,Normandien,Sigananda Primary school,13,Not Provided,"10 â€ Light Bulb Circuit Kit, each consisting of: 2X AA battery holders, 4x MES E10 Lamps (3V)",
500264402,King Cetshwayo,Dannhauser,Normandien,Sigananda Primary school,13,Not Provided,"5 * Male to male red jumer wires set (assorted), each consisting of: 30 x Male-to-Male Jumper wires - red (long), 20 x Male-to-Male Jumper wires - red (short), 30 x Male-to-Male Jumper wires - black (long), 20 x Male-to-Male Jumper wires - black (short), 30 x Male-to-Male Jumper wires - rainbow (long), 20 x Male-to-Male Jumper wires - rainbow (short)",
500264402,King Cetshwayo,Dannhauser,Normandien,Sigananda Primary school,13,Not Provided,5 * Connecting leads with croc clips (6 pack),
500264402,King Cetshwayo,Dannhauser,Normandien,Sigananda Primary school,13,Not Provided,2 * Acrylic gear set,
500264402,King Cetshwayo,Dannhauser,Normandien,Sigananda Primary school,13,Not Provided,5 * Storage Containers,
500264402,King Cetshwayo,Dannhauser,Normandien,Sigananda Primary school,Not Provided,Not Provided,Teacher Laptop,
500264402,King Cetshwayo,Dannhauser,Normandien,Sigananda Primary school,Not Provided,Not Provided,ACER Data Projector - Mounted,
500264402,King Cetshwayo,Dannhauser,Normandien,Sigananda Primary school,Not Provided,Not Provided,Fixed Projection Matt Whiteboard - Mounted,
500264402,King Cetshwayo,Dannhauser,Normandien,Sigananda Primary school,Not Provided,Not Provided,Laptop Charging Trolley - Connected,
500106930,King Cetshwayo,Dannhauser,Normandien,UPPER UMHLATHUZE PRIMARY SCHOOL,Not Provided,Not Provided,View Sonic Data Projector - Mounted,
500106930,King Cetshwayo,Dannhauser,Normandien,UPPER UMHLATHUZE PRIMARY SCHOOL,Not Provided,Not Provided,Fixed Projection Matt Whiteboard - Mounted,
500106930,King Cetshwayo,Dannhauser,Normandien,UPPER UMHLATHUZE PRIMARY SCHOOL,Not Provided,Not Provided,Teacher Laptop - Configured,
500106930,King Cetshwayo,Dannhauser,Normandien,UPPER UMHLATHUZE PRIMARY SCHOOL,Not Provided,Not Provided,Learner Laptop - Configured,
500106930,King Cetshwayo,Dannhauser,Normandien,UPPER UMHLATHUZE PRIMARY SCHOOL,Not Provided,Not Provided,Laptop Charging Trolley - Connected,
500106930,King Cetshwayo,Dannhauser,Normandien,UPPER UMHLATHUZE PRIMARY SCHOOL,Not Provided,Not Provided,Storage Cabinet,
500030132,King Cetshwayo,Dannhauser,Normandien,Zululand Remedial LSEN School,,,HDMI,
500030132,King Cetshwayo,Dannhauser,Normandien,Zululand Remedial LSEN School,,,4WD Smart Robot Car Chassis Electronic Kit (x5),
500030132,King Cetshwayo,Dannhauser,Normandien,Zululand Remedial LSEN School,,,Arduino Smart Robot Car Kit with Arduino Uno (x5),
500030132,King Cetshwayo,Dannhauser,Normandien,Zululand Remedial LSEN School,,,The GoGoBot Educational Robot with Arduino Uno (x5),
500030132,King Cetshwayo,Dannhauser,Normandien,Zululand Remedial LSEN School,,,Wheel and Aide Set (different colors) (x5),
500030132,King Cetshwayo,Dannhauser,Normandien,Zululand Remedial LSEN School,,,"Duratool (D02258) Nail Set, Assorted, Steel - 550 pcs",
500030132,King Cetshwayo,Dannhauser,Normandien,Zululand Remedial LSEN School,,,"Duratool D01885 Nuts, Bolts & Washers Set, Assorted, Stainless Steel - 224 pcs",
500030132,King Cetshwayo,Dannhauser,Normandien,Zululand Remedial LSEN School,,,Assorted Car Body Plastic Push Retainer Pin Rivet Fasteners Kit - 100 pcs,
500030132,King Cetshwayo,Dannhauser,Normandien,Zululand Remedial LSEN School,,,Micro-Tec - Screw/Nut Assortment - Miscellaneous Tools - 347 pcs,
500030132,King Cetshwayo,Dannhauser,Normandien,Zululand Remedial LSEN School,,,Gears: Plastic gear kit - 75 pcs (x5),
500030132,King Cetshwayo,Dannhauser,Normandien,Zululand Remedial LSEN School,,,Front and rear linkage set - 4 Pcs (x5),
500030132,King Cetshwayo,Dannhauser,Normandien,Zululand Remedial LSEN School,,,Pulleys: Pulley Plastic Gears Kit Rubber Band Pulley Belt Shaft Robot Motor Bevel Set - 84 pcs (x5),
500030132,King Cetshwayo,Dannhauser,Normandien,Zululand Remedial LSEN School,,,300 PC LED kit (Containing 3mm and 5mm LEDs),
500030132,King Cetshwayo,Dannhauser,Normandien,Zululand Remedial LSEN School,,,Energizer AAA + AA 4 Pack Batteries 1.5V battery (x16),
500030132,King Cetshwayo,Dannhauser,Normandien,Zululand Remedial LSEN School,,,"Resistor starter kit (600 piece, various resistance values)",
500030132,King Cetshwayo,Dannhauser,Normandien,Zululand Remedial LSEN School,,,STEM - Robot Mouse Activity Set (Gigo First Coding and Robotics) (x5),
500030132,King Cetshwayo,Dannhauser,Normandien,Zululand Remedial LSEN School,,,Gigo S4A Programming Bricks (with Robotic Arm Model) (x5),
500030132,King Cetshwayo,Dannhauser,Normandien,Zululand Remedial LSEN School,,,Learning Resources Code and Go STEM Robot Mouse Activity Set (x5),
500030132,King Cetshwayo,Dannhauser,Normandien,Zululand Remedial LSEN School,,,4IRI Electricity kit (Spark Board) (x5),
500030132,King Cetshwayo,Dannhauser,Normandien,Zululand Remedial LSEN School,,,Labelled breadboard (x5),
500030132,King Cetshwayo,Dannhauser,Normandien,Zululand Remedial LSEN School,,,VGA Fan (x5),
500030132,King Cetshwayo,Dannhauser,Normandien,Zululand Remedial LSEN School,,,DC Motors (x10),
500030132,King Cetshwayo,Dannhauser,Normandien,Zululand Remedial LSEN School,,,Buzzer Circuit Kit (x10),
500030132,King Cetshwayo,Dannhauser,Normandien,Zululand Remedial LSEN School,,,Light Bulb Circuit Kit (x10),
500030132,King Cetshwayo,Dannhauser,Normandien,Zululand Remedial LSEN School,,,Male to male red jumper wires set (assorted) (x5),
500030132,King Cetshwayo,Dannhauser,Normandien,Zululand Remedial LSEN School,,,Connecting leads with croc clips (6 pack) (x5),
500030132,King Cetshwayo,Dannhauser,Normandien,Zululand Remedial LSEN School,,,Acrylic gear set (x2),
500030132,King Cetshwayo,Dannhauser,Normandien,Zululand Remedial LSEN School,,,Storage Containers (x5),
500030132,King Cetshwayo,Dannhauser,Normandien,Zululand Remedial LSEN School,,,CABINET,
500030132,King Cetshwayo,Dannhauser,Normandien,Zululand Remedial LSEN School,,,Fixed whiteboard,
500030132,King Cetshwayo,Dannhauser,Normandien,Zululand Remedial LSEN School,,,Charging Trolley,
500030132,King Cetshwayo,Dannhauser,Normandien,Zululand Remedial LSEN School,,,Data Projector Bracket,
500030132,King Cetshwayo,Dannhauser,Normandien,Zululand Remedial LSEN School,,,Asus Vivabook X1605V,T2N0CV12J43909G
500030132,King Cetshwayo,Dannhauser,Normandien,Zululand Remedial LSEN School,,,Asus Vivabook X1605V,T2N0CV12J460099
500030132,King Cetshwayo,Dannhauser,Normandien,Zululand Remedial LSEN School,,,Asus Vivabook X1605V,T2N0CV12H18909E
500030132,King Cetshwayo,Dannhauser,Normandien,Zululand Remedial LSEN School,,,Asus Vivabook X1605V,T2N0CV12J462098
500030132,King Cetshwayo,Dannhauser,Normandien,Zululand Remedial LSEN School,,,Asus Vivabook X1605V,T2N0CV12H268096
500030132,King Cetshwayo,Dannhauser,Normandien,Zululand Remedial LSEN School,,,Asus Vivabook X1605V,T2N0CV12H247098
500030132,King Cetshwayo,Dannhauser,Normandien,Zululand Remedial LSEN School,,,Asus Vivabook X1605V,T2N0CV12J37209C
500030132,King Cetshwayo,Dannhauser,Normandien,Zululand Remedial LSEN School,,,Asus Vivabook X1605V,T2N0CV12H248094
500030132,King Cetshwayo,Dannhauser,Normandien,Zululand Remedial LSEN School,,,Asus Vivabook X1605V,T2N0CV12H262097
500030132,King Cetshwayo,Dannhauser,Normandien,Zululand Remedial LSEN School,,,Asus Vivabook X1605V,T2N0CV12J508094
500030132,King Cetshwayo,Dannhauser,Normandien,Zululand Remedial LSEN School,,,Asus Vivabook X1605V,T2N0CV12J38009E
500030132,King Cetshwayo,Dannhauser,Normandien,Zululand Remedial LSEN School,,,Asus Vivabook X1605V,T2N0CV12J386097
500030132,King Cetshwayo,Dannhauser,Normandien,Zululand Remedial LSEN School,,,Asus Vivabook X1605V,T2N0CV12J43209E
500030132,King Cetshwayo,Dannhauser,Normandien,Zululand Remedial LSEN School,,,Asus Vivabook X1605V,T2N0CV12J43409E
500030132,King Cetshwayo,Dannhauser,Normandien,Zululand Remedial LSEN School,,,Asus Vivabook X1605V,T2N0CV12H273093
500030132,King Cetshwayo,Dannhauser,Normandien,Zululand Remedial LSEN School,,,Asus Vivabook X1605V,T2N0CV12H280097
500030132,King Cetshwayo,Dannhauser,Normandien,Zululand Remedial LSEN School,,,Asus Vivabook X1605V,T2N0CV12J507090
500030132,King Cetshwayo,Dannhauser,Normandien,Zululand Remedial LSEN School,,,Asus Vivabook X1605V,T2N0CV12J48909A
500030132,King Cetshwayo,Dannhauser,Normandien,Zululand Remedial LSEN School,,,Asus Vivabook X1605V,T2N0CV12J416094
500030132,King Cetshwayo,Dannhauser,Normandien,Zululand Remedial LSEN School,,,Asus Vivabook X1605V,T2N0CV12J322094
500030132,King Cetshwayo,Dannhauser,Normandien,Zululand Remedial LSEN School,,,Asus Vivabook X1605V,T2N0CV12J48409B
500030132,King Cetshwayo,Dannhauser,Normandien,Zululand Remedial LSEN School,,,Acer Data Projector,MRJTU11004421004655930
500131313,UMKHANYAKUDE,Dannhauser,Normandien,Emanqayini Primary School,1,19/09/2024,Fixed whiteboard,
500131313,UMKHANYAKUDE,Dannhauser,Normandien,Emanqayini Primary School,14,Not Provided,CABINET,
500131313,UMKHANYAKUDE,Dannhauser,Normandien,Emanqayini Primary School,Not Provided,19/09/2024,HDMI,
500131313,UMKHANYAKUDE,Dannhauser,Normandien,Emanqayini Primary School,Not Provided,19/09/2024,Data Projector Bracket,
500132460,UMKHANYAKUDE,Dannhauser,Normandien,Emfihlweni Primary School,Not Provided,2024-03-18 00:00:00,HDMI,
500132460,UMKHANYAKUDE,Dannhauser,Normandien,Emfihlweni Primary School,Not Provided,19/09/2024,Fixed whiteboard,
500132460,UMKHANYAKUDE,Dannhauser,Normandien,Emfihlweni Primary School,14,Not Provided,CABINET,
500132460,UMKHANYAKUDE,Dannhauser,Normandien,Emfihlweni Primary School,6,Not Provided,Data Projector Bracket,
500166500,Umkhanyakude,Dannhauser,Normandien,Intuthuko Special School,14,2024-09-19 00:00:00,Cabinet,
500166500,Umkhanyakude,Dannhauser,Normandien,Intuthuko Special School,Not Provided,Not Provided,Data Projector Bracket,
500166500,Umkhanyakude,Dannhauser,Normandien,Intuthuko Special School,Not Provided,2024-09-19 00:00:00,HDMI Cable,
500166500,Umkhanyakude,Dannhauser,Normandien,Intuthuko Special School,1,19 Jan 2024*,Whiteboard,
500139712,UMKHANYAKUDE,Dannhauser,Normandien,Isethembiso Primary School,8,Not Provided,HDMI,
500139712,UMKHANYAKUDE,Dannhauser,Normandien,Isethembiso Primary School,1,2024-09-19 00:00:00,Fixed whiteboard,
500139712,UMKHANYAKUDE,Dannhauser,Normandien,Isethembiso Primary School,14,Not Provided,CABINET,
500139712,UMKHANYAKUDE,Dannhauser,Normandien,Isethembiso Primary School,6,2024-09-19 00:00:00,Data Projector Bracket,
500190365,UMKHANYAKUDE,Dannhauser,Normandien,Macabuzela Full Service School,1,2019-01-24 00:00:00,Fixed whiteboard,
500190365,UMKHANYAKUDE,Dannhauser,Normandien,Macabuzela Full Service School,8,2019-09-24 00:00:00,HDMI,
500190365,UMKHANYAKUDE,Dannhauser,Normandien,Macabuzela Full Service School,14,2009-09-24 00:00:00,CABINET,
500190365,UMKHANYAKUDE,Dannhauser,Normandien,Macabuzela Full Service School,6,2019-09-24 00:00:00,Data Projector Bracket,
500190365,UMKHANYAKUDE,Dannhauser,Normandien,Macabuzela Full Service School,1,2019-09-24 00:00:00,Fixed whiteboard,
500190365,UMKHANYAKUDE,Dannhauser,Normandien,Macabuzela Full Service School,8,2019-09-24 00:00:00,HDMI,
500190365,UMKHANYAKUDE,Dannhauser,Normandien,Macabuzela Full Service School,(Not specified),(Not specified),CABINET,
500190365,UMKHANYAKUDE,Dannhauser,Normandien,Macabuzela Full Service School,,,Data Projector Bracket,
500195471,Umkhanyakude,Dannhauser,Normandien,Malusi Omuhle Primary School,1,2019-09-24 00:00:00,Fixed whiteboard,
500195471,Umkhanyakude,Dannhauser,Normandien,Malusi Omuhle Primary School,8,2019-09-24 00:00:00,HDMI,
500195471,Umkhanyakude,Dannhauser,Normandien,Malusi Omuhle Primary School,14,2019-09-24 00:00:00,Data Projector Bracket,MA
500190365,UMKHANYAKUDE,Dannhauser,Normandien,Macabuzela Full Service School,6,2019-09-24 00:00:00,Fixed whiteboard,
500190365,UMKHANYAKUDE,Dannhauser,Normandien,Macabuzela Full Service School,,,HDMI,
500190365,UMKHANYAKUDE,Dannhauser,Normandien,Macabuzela Full Service School,,,CABINET,
500190365,UMKHANYAKUDE,Dannhauser,Normandien,Macabuzela Full Service School,,,Data Projector Bracket,
500195471,Umkhanyakude,Dannhauser,Normandien,Malusi Omuhle Primary School,,,Fixed whiteboard,
500195471,Umkhanyakude,Dannhauser,Normandien,Malusi Omuhle Primary School,,,HDMI,
500195471,Umkhanyakude,Dannhauser,Normandien,Malusi Omuhle Primary School,,,Data Projector Bracket,MA
500198320,Umkhanyakude,Dannhauser,Normandien,Maphaya Primary School,,,Data Projector Bracket,
500198320,Umkhanyakude,Dannhauser,Normandien,Maphaya Primary School,,,Fixed whiteboard,
500198320,Umkhanyakude,Dannhauser,Normandien,Maphaya Primary School,,,CABINET,
500198320,Umkhanyakude,Dannhauser,Normandien,Maphaya Primary School,,,HDMI,
500190365,UMKHANYAKUDE,Dannhauser,Normandien,Macabuzela Full Service School,,,Fixed whiteboard,
500190365,UMKHANYAKUDE,Dannhauser,Normandien,Macabuzela Full Service School,,,HDMI,
500190365,UMKHANYAKUDE,Dannhauser,Normandien,Macabuzela Full Service School,,,CABINET,
500190365,UMKHANYAKUDE,Dannhauser,Normandien,Macabuzela Full Service School,,,Data Projector Bracket,
500195471,Umkhanyakude,Dannhauser,Normandien,Malusi Omuhle Primary School,,,Fixed whiteboard,
500195471,Umkhanyakude,Dannhauser,Normandien,Malusi Omuhle Primary School,,,HDMI,
500195471,Umkhanyakude,Dannhauser,Normandien,Malusi Omuhle Primary School,,,Data Projector Bracket,MA
500198320,Umkhanyakude,Dannhauser,Normandien,Maphaya Primary School,,,Data Projector Bracket,
500198320,Umkhanyakude,Dannhauser,Normandien,Maphaya Primary School,,,Fixed whiteboard,
500198320,Umkhanyakude,Dannhauser,Normandien,Maphaya Primary School,,,CABINET,
500198320,Umkhanyakude,Dannhauser,Normandien,Maphaya Primary School,,,HDMI,
500238391,Umkhanyakude,Dannhauser,Normandien,Nsongweni Primary School,1,2019-09-24 00:00:00,Fixed whiteboard,
500238391,Umkhanyakude,Dannhauser,Normandien,Nsongweni Primary School,6,2019-09-24 00:00:00,Data Projector Bracket,
500238391,Umkhanyakude,Dannhauser,Normandien,Nsongweni Primary School,14,2019-09-24 00:00:00,CABINET,
500238391,Umkhanyakude,Dannhauser,Normandien,Nsongweni Primary School,8,2019-09-24 00:00:00,HDMI,
500245680,Umkhanyakude,Dannhauser,Normandien,Ozabeni Primary School,1,(Not specified),Fixed whiteboard,
500245680,Umkhanyakude,Dannhauser,Normandien,Ozabeni Primary School,6,(Not specified),Data Projector Bracket,
500245680,Umkhanyakude,Dannhauser,Normandien,Ozabeni Primary School,(Not specified),(Not specified),CABINET,
500245680,Umkhanyakude,Dannhauser,Normandien,Ozabeni Primary School,8,(Not specified),HDMI,
500287231,Umkhanyakude,Dannhauser,Normandien,Sambulo Primary School,1,(Not specified),Fixed whiteboard,
500287231,Umkhanyakude,Dannhauser,Normandien,Sambulo Primary School,4,(Not specified),Charging Trolley,
500287231,Umkhanyakude,Dannhauser,Normandien,Sambulo Primary School,6,(Not specified),Data Projector Bracket,
500287231,Umkhanyakude,Dannhauser,Normandien,Sambulo Primary School,8,(Not specified),HDMI,
500287231,Umkhanyakude,Dannhauser,Normandien,Sambulo Primary School,14,(Not specified),CABINET,
500287231,Umkhanyakude,Dannhauser,Normandien,Sambulo Primary School,13,(Not specified),Robotics Kit,See item details in sheet
500103193,Amajuba,Dannhauser,Normandien,ANNANDALE PRIMARY SCHOOL,5,(Not specified),HDMI Cable,
500103193,Amajuba,Dannhauser,Normandien,ANNANDALE PRIMARY SCHOOL,9,(Not specified),Asus Laptop (Learner 1),R9N0CV033833368
500103193,Amajuba,Dannhauser,Normandien,ANNANDALE PRIMARY SCHOOL,10,(Not specified),Asus Laptop (Learner 2),R9N0CV033732367
500103193,Amajuba,Dannhauser,Normandien,ANNANDALE PRIMARY SCHOOL,,,Asus Laptop (Learner 3),R9N0CV10R010376
500103193,Amajuba,Dannhauser,Normandien,ANNANDALE PRIMARY SCHOOL,,,Asus Laptop (Learner 4),R9N0CV10P932370
500103193,Amajuba,Dannhauser,Normandien,ANNANDALE PRIMARY SCHOOL,,,Asus Laptop (Learner 5),R9N0CV10P96137A
500103193,Amajuba,Dannhauser,Normandien,ANNANDALE PRIMARY SCHOOL,,,Asus Laptop (Learner 6),R9N0CV033811365
500103193,Amajuba,Dannhauser,Normandien,ANNANDALE PRIMARY SCHOOL,,,Asus Laptop (Learner 7),R9N0CV10P970378
500103193,Amajuba,Dannhauser,Normandien,ANNANDALE PRIMARY SCHOOL,,,Asus Laptop (Learner 8),R9N0CV033752368
500103193,Amajuba,Dannhauser,Normandien,ANNANDALE PRIMARY SCHOOL,,,Asus Laptop (Learner 9),R9N0CV10P942375
500103193,Amajuba,Dannhauser,Normandien,ANNANDALE PRIMARY SCHOOL,,,Asus Laptop (Learner 10),R9N0CV033770360
500103193,Amajuba,Dannhauser,Normandien,ANNANDALE PRIMARY SCHOOL,,,Asus Laptop (Learner 11),R9N0CV033760365
500103193,Amajuba,Dannhauser,Normandien,ANNANDALE PRIMARY SCHOOL,,,Asus Laptop (Learner 12),R9N0CV10P993376
500103193,Amajuba,Dannhauser,Normandien,ANNANDALE PRIMARY SCHOOL,,,Asus Laptop (Learner 13),R9N0CV10P96837A
500103193,Amajuba,Dannhauser,Normandien,ANNANDALE PRIMARY SCHOOL,,,Asus Laptop (Learner 14),R9N0CV033731364
500103193,Amajuba,Dannhauser,Normandien,ANNANDALE PRIMARY SCHOOL,,,Asus Laptop (Learner 15),R9N0CV10P926377
500103193,Amajuba,Dannhauser,Normandien,ANNANDALE PRIMARY SCHOOL,,,Asus Laptop (Learner 16),R9N0CV033835360
500103193,Amajuba,Dannhauser,Normandien,ANNANDALE PRIMARY SCHOOL,,,Asus Laptop (Learner 17),R9N0CV10P983371
500103193,Amajuba,Dannhauser,Normandien,ANNANDALE PRIMARY SCHOOL,,,Asus Laptop (Learner 18),R9N0CV033827364
500103193,Amajuba,Dannhauser,Normandien,ANNANDALE PRIMARY SCHOOL,,,Asus Laptop (Learner 19),R9N0CV10P99537A
500103193,Amajuba,Dannhauser,Normandien,ANNANDALE PRIMARY SCHOOL,,,Asus Laptop (Learner 20),R9N0CV10P978378
500103193,Amajuba,Dannhauser,Normandien,ANNANDALE PRIMARY SCHOOL,,,Projector Bracket,
500103193,Amajuba,Dannhauser,Normandien,ANNANDALE PRIMARY SCHOOL,,,Asus Laptop (Teacher),R9N0CY10P97237C
500103193,Amajuba,Dannhauser,Normandien,ANNANDALE PRIMARY SCHOOL,,,CABINET,
500103193,Amajuba,Dannhauser,Normandien,ANNANDALE PRIMARY SCHOOL,1,(Not specified),Fixed Whiteboard,
500103193,Amajuba,Dannhauser,Normandien,ANNANDALE PRIMARY SCHOOL,8,07/02/2024,Asus Laptop (Teacher),R9N0CV10P97237C
500103193,Amajuba,Dannhauser,Normandien,ANNANDALE PRIMARY SCHOOL,5,07/02/2024,Asus Laptop (Learner 3 - Spreadsheet),R9N0CV10R01037G
500103193,Amajuba,Dannhauser,Normandien,ANNANDALE PRIMARY SCHOOL,5,07/02/2024,Asus Laptop (Learner 4 - Spreadsheet),R9N0CV10P93237D
500103193,Amajuba,Dannhauser,Normandien,ANNANDALE PRIMARY SCHOOL,6,07/02/2024,Asus Laptop (Learner 7 - Spreadsheet),R9N0CV10P97037B
500103193,Amajuba,Dannhauser,Normandien,ANNANDALE PRIMARY SCHOOL,13,15/03/2024,Asus Laptop (Learner 10 - Spreadsheet),R9N0CV03377036D
500103193,Amajuba,Dannhauser,Normandien,ANNANDALE PRIMARY SCHOOL,4,07/02/2024,Asus Laptop (Learner 12 - Spreadsheet),R9N0CV10P99337G
500103193,Amajuba,Dannhauser,Normandien,ANNANDALE PRIMARY SCHOOL,10,07/02/2024,Asus Laptop (Learner 16 - Spreadsheet),R9N0CV03383536D
500103193,Amajuba,Dannhauser,Normandien,ANNANDALE PRIMARY SCHOOL,9,07/02/2024,Data Projector,V0R231101417
500103193,Amajuba,Dannhauser,Normandien,ANNANDALE PRIMARY SCHOOL,5,(Not specified),Projector Bracket,
500103193,Amajuba,Dannhauser,Normandien,ANNANDALE PRIMARY SCHOOL,9,(Not specified),HDMI Cable,
500103193,Amajuba,Dannhauser,Normandien,ANNANDALE PRIMARY SCHOOL,10,(Not specified),Robotics Kits 2 Boxes(1S)(1B),
500103193,Amajuba,Dannhauser,Normandien,ANNANDALE PRIMARY SCHOOL,8,(Not specified),Charging Trolley,
500255337,King Cetshwayo,Dannhauser,Normandien,Bay Primary School,5,(Not specified),Data Projector,V0R231202061
500255337,King Cetshwayo,Dannhauser,Normandien,Bay Primary School,6,(Not specified),Asus Laptop (Learner 1),R9N0CV033795350
500255337,King Cetshwayo,Dannhauser,Normandien,Bay Primary School,4,(Not specified),Asus Laptop (Learner 2),R9N0CV033806368
500255337,King Cetshwayo,Dannhauser,Normandien,Bay Primary School,(Not specified),24/02/2023,Asus Laptop (Learner 3),R9N0CV033708363
500255337,King Cetshwayo,Dannhauser,Normandien,Bay Primary School,,,Asus Laptop (Learner 4),R9N0CV033713367
500255337,King Cetshwayo,Dannhauser,Normandien,Bay Primary School,,,Asus Laptop (Learner 5),R9N0CV033839367
500255337,King Cetshwayo,Dannhauser,Normandien,Bay Primary School,,,Asus Laptop (Learner 6),R9N0CV108013378
500255337,King Cetshwayo,Dannhauser,Normandien,Bay Primary School,,,Asus Laptop (Learner 7),R9N0CV109988376
500255337,King Cetshwayo,Dannhauser,Normandien,Bay Primary School,,,Asus Laptop (Learner 8),R9N0CV033711364
500255337,King Cetshwayo,Dannhauser,Normandien,Bay Primary School,,,Asus Laptop (Learner 9),R9N0CV109955371
500255337,King Cetshwayo,Dannhauser,Normandien,Bay Primary School,,,Asus Laptop (Learner 10),R9N0CV033727368
500255337,King Cetshwayo,Dannhauser,Normandien,Bay Primary School,,,Asus Laptop (Learner 11),R9N0CV10949377
500255337,King Cetshwayo,Dannhauser,Normandien,Bay Primary School,,,Asus Laptop (Learner 12),R9N0CV10995337C
500255337,King Cetshwayo,Dannhauser,Normandien,Bay Primary School,,,Asus Laptop (Learner 13),R9N0CV03381336C
500255337,King Cetshwayo,Dannhauser,Normandien,Bay Primary School,,,Asus Laptop (Learner 14),R9N0CV03372336C
500255337,King Cetshwayo,Dannhauser,Normandien,Bay Primary School,,,Asus Laptop (Learner 15),R9N0CV033740369
500255337,King Cetshwayo,Dannhauser,Normandien,Bay Primary School,,,Asus Laptop (Learner 16),R9N0CV033869364
500255337,King Cetshwayo,Dannhauser,Normandien,Bay Primary School,,,Asus Laptop (Learner 17),R9N0CV033816364
500255337,King Cetshwayo,Dannhauser,Normandien,Bay Primary School,,,Asus Laptop (Learner 18),R9N0CV109971378
500255337,King Cetshwayo,Dannhauser,Normandien,Bay Primary School,,,Asus Laptop (Learner 19),R9N0CV033764360
500255337,King Cetshwayo,Dannhauser,Normandien,Bay Primary School,,,Asus Laptop (Learner 20),R9N0CV033826367
500255337,King Cetshwayo,Dannhauser,Normandien,Bay Primary School,,,Asus Laptop (Teacher),R9N0CV033874368
500255337,King Cetshwayo,Dannhauser,Normandien,Bay Primary School,,,HDMI Cable,
500255337,King Cetshwayo,Dannhauser,Normandien,Bay Primary School,,,CABINET,
500255337,King Cetshwayo,Dannhauser,Normandien,Bay Primary School,,,Projector Bracket,
500255337,King Cetshwayo,Dannhauser,Normandien,Bay Primary School,,,Charging Trolley,
500255337,King Cetshwayo,Dannhauser,Normandien,Bay Primary School,,,Robotics and Electronics Kit (27 components - see Bay Primary School Detailing POD),
500111518,Pinetown,Dannhauser,Normandien,Bonisanani S.P School,4,30/01/2024,Charging Trolley,
500111518,Pinetown,Dannhauser,Normandien,Bonisanani S.P School,8,(Not specified),HDMI Cable,
500111518,Pinetown,Dannhauser,Normandien,Bonisanani S.P School,5,30/01/2024,Data Projector,VOR231202117
500111518,Pinetown,Dannhauser,Normandien,Bonisanani S.P School,6,(Not specified),Projector Bracket,
500111518,Pinetown,Dannhauser,Normandien,Bonisanani S.P School,1,(Not specified),Fixed Whiteboard,
500111518,Pinetown,Dannhauser,Normandien,Bonisanani S.P School,10,(Not specified),Asus Laptop (Teacher),RSNOCV10P93337A
500111518,Pinetown,Dannhauser,Normandien,Bonisanani S.P School,14,30/01/2024,Robotics and Electronics Kit (27 components - see Bonisanani S.P School Detailing POD),
500111518,Pinetown,Dannhauser,Normandien,Bonisanani S.P School,14,30/01/2024,Cabinet,
500111518,Pinetown,Dannhauser,Normandien,Bonisanani S.P School,13,30/01/2024,Robotics Kits Boxes,
500111518,Pinetown,Dannhauser,Normandien,Bonisanani S.P School,,,Electronic Kits Box,
500190883,Amajuba,Dannhauser,Normandien,Bumbisizwe Primary School,6,(Not specified),Projector Bracket,
500190883,Amajuba,Dannhauser,Normandien,Bumbisizwe Primary School,9,(Not specified),Asus Laptop (Learner 1),R9NOCV03375336A
500190883,Amajuba,Dannhauser,Normandien,Bumbisizwe Primary School,14,(Not specified),Asus Laptop (Learner 2),R9NOCV10P990371
500190883,Amajuba,Dannhauser,Normandien,Bumbisizwe Primary School,(Not specified),(Not specified),Asus Laptop (Learner 3),R9NOCV033821364
500190883,Amajuba,Dannhauser,Normandien,Bumbisizwe Primary School,1,31/01/2021,Asus Laptop (Learner 4),R9NOCV033832365
500190883,Amajuba,Dannhauser,Normandien,Bumbisizwe Primary School,5,(Not specified),Asus Laptop (Learner 5),R9NOCV03382436A
500190883,Amajuba,Dannhauser,Normandien,Bumbisizwe Primary School,10,(Not specified),Asus Laptop (Learner 6),R9NOCV03384636C
500190883,Amajuba,Dannhauser,Normandien,Bumbisizwe Primary School,4,(Not specified),Asus Laptop (Learner 7),R9NOCV03374336E
500190883,Amajuba,Dannhauser,Normandien,Bumbisizwe Primary School,8,(Not specified),Asus Laptop (Learner 8),R9NOCV033796361
500190883,Amajuba,Dannhauser,Normandien,Bumbisizwe Primary School,13,07/02/2024,Asus Laptop (Learner 9),R9NOCV10P996370
500190883,Amajuba,Dannhauser,Normandien,Bumbisizwe Primary School,,,Asus Laptop (Learner 10),R9NOCV033780362
500190883,Amajuba,Dannhauser,Normandien,Bumbisizwe Primary School,,,Asus Laptop (Learner 11),R9NOCV033759366
500190883,Amajuba,Dannhauser,Normandien,Bumbisizwe Primary School,,,Asus Laptop (Learner 12),R9NOCV03377636F
500190883,Amajuba,Dannhauser,Normandien,Bumbisizwe Primary School,,,Asus Laptop (Learner 13),R9NOCV033761363
500190883,Amajuba,Dannhauser,Normandien,Bumbisizwe Primary School,,,Asus Laptop (Learner 14),R9NOCV03374136A
500190883,Amajuba,Dannhauser,Normandien,Bumbisizwe Primary School,,,Asus Laptop (Learner 15),R9NOCV10P945379
500190883,Amajuba,Dannhauser,Normandien,Bumbisizwe Primary School,,,Asus Laptop (Learner 16),R9NOCV033863368
500190883,Amajuba,Dannhauser,Normandien,Bumbisizwe Primary School,,,Asus Laptop (Learner 17),R9NOCV033800366
500190883,Amajuba,Dannhauser,Normandien,Bumbisizwe Primary School,,,Asus Laptop (Learner 18),R9NOCV033706361
500190883,Amajuba,Dannhauser,Normandien,Bumbisizwe Primary School,,,Asus Laptop (Learner 19),R9NOCV10P92837A
500190883,Amajuba,Dannhauser,Normandien,Bumbisizwe Primary School,,,Asus Laptop (Learner 20),R9NOCV033777765
500190883,Amajuba,Dannhauser,Normandien,Bumbisizwe Primary School,,,Cabinet,
500190883,Amajuba,Dannhauser,Normandien,Bumbisizwe Primary School,,,Robotics and Electronics Kit (27 components - see Bumbisizwe Special School Detailing POD),
500190883,Amajuba,Dannhauser,Normandien,Bumbisizwe Primary School,,,Fixed Whiteboard,
500190883,Amajuba,Dannhauser,Normandien,Bumbisizwe Primary School,,,Data Projector,VOR231201813
500190883,Amajuba,Dannhauser,Normandien,Bumbisizwe Primary School,,,Asus Laptop (Teacher),RBNOCV033867368
500190883,Amajuba,Dannhauser,Normandien,Bumbisizwe Primary School,,,Charging Trolley,
500190883,Amajuba,Dannhauser,Normandien,Bumbisizwe Primary School,,,HDMI Cable,
500190883,Amajuba,Dannhauser,Normandien,Bumbisizwe Primary School,,,Robotics Kits,
500190883,Amajuba,Dannhauser,Normandien,Bumbisizwe Primary School,13,07/02/2020,Electronics Kit,
500117327,Pinetown,Dannhauser,Normandien,Cliffdale Primary School,6,30/01/2024,"Robotics and Electronics Kits (Robotics: 5 Boxes, Electronics: 1 Box)",
500117327,Pinetown,Dannhauser,Normandien,Cliffdale Primary School,1,(Not specified),Projector Bracket,
500117327,Pinetown,Dannhauser,Normandien,Cliffdale Primary School,9,30/01/2024,Fixed Whiteboard,
500117327,Pinetown,Dannhauser,Normandien,Cliffdale Primary School,10,30/01/2024,Asus Laptop (Learner 1),R9NOCV10P95137B
500117327,Pinetown,Dannhauser,Normandien,Cliffdale Primary School,14,30/01/2024,Asus Laptop (Learner 2),R9NOCV03378536A
500117327,Pinetown,Dannhauser,Normandien,Cliffdale Primary School,014A,(Not specified),Asus Laptop (Learner 3),R9NOCV10R003376
500117327,Pinetown,Dannhauser,Normandien,Cliffdale Primary School,5,(Not specified),Asus Laptop (Learner 4),R9NOCV10R001370
500117327,Pinetown,Dannhauser,Normandien,Cliffdale Primary School,(Not specified),(Not specified),Asus Laptop (Learner 5),R9NOCV033767368
500117327,Pinetown,Dannhauser,Normandien,Cliffdale Primary School,,,Asus Laptop (Learner 6),R9NOCV10P964377
500117327,Pinetown,Dannhauser,Normandien,Cliffdale Primary School,,,Asus Laptop (Learner 7),R9NOCV033789368
500117327,Pinetown,Dannhauser,Normandien,Cliffdale Primary School,,,Asus Laptop (Learner 8),R9NOCV10P938377
500117327,Pinetown,Dannhauser,Normandien,Cliffdale Primary School,,,Asus Laptop (Learner 9),R9NOCV10P943376
500117327,Pinetown,Dannhauser,Normandien,Cliffdale Primary School,,,Asus Laptop (Learner 10),R9NOCV033860367
500117327,Pinetown,Dannhauser,Normandien,Cliffdale Primary School,,,Asus Laptop (Learner 11),R9NOCV10R007372
500117327,Pinetown,Dannhauser,Normandien,Cliffdale Primary School,,,Asus Laptop (Learner 12),R9NOCV10P979379
500117327,Pinetown,Dannhauser,Normandien,Cliffdale Primary School,,,Asus Laptop (Learner 13),R9NOCV10R000379
500117327,Pinetown,Dannhauser,Normandien,Cliffdale Primary School,,,Asus Laptop (Learner 14),R9NOCV033799369
500117327,Pinetown,Dannhauser,Normandien,Cliffdale Primary School,,,Asus Laptop (Learner 15),R9NOCV10P976371
500117327,Pinetown,Dannhauser,Normandien,Cliffdale Primary School,,,Asus Laptop (Learner 16),R9NOCV10P915375
500117327,Pinetown,Dannhauser,Normandien,Cliffdale Primary School,,,Asus Laptop (Learner 17),R9NOCV10P917378
500117327,Pinetown,Dannhauser,Normandien,Cliffdale Primary School,,,Asus Laptop (Learner 18),R9NOCV033786368
500117327,Pinetown,Dannhauser,Normandien,Cliffdale Primary School,,,Asus Laptop (Learner 19),R9NOCV033855364
500117327,Pinetown,Dannhauser,Normandien,Cliffdale Primary School,,,Asus Laptop (Learner 20),R9NOCV10R009370
500117327,Pinetown,Dannhauser,Normandien,Cliffdale Primary School,,,Asus Laptop (Teacher),R9N0CV033802365
500117327,Pinetown,Dannhauser,Normandien,Cliffdale Primary School,,,Cabinet,
500117327,Pinetown,Dannhauser,Normandien,Cliffdale Primary School,,,Charging Trolley,
500117327,Pinetown,Dannhauser,Normandien,Cliffdale Primary School,,,Data Projector,VOR231203177
500117327,Pinetown,Dannhauser,Normandien,Cliffdale Primary School,,,HDMI Cable (from image),
500118992,King Cetshwayo,Dannhauser,Normandien,Cwaka Primary School,10,(Not specified),Asus Laptop (Teacher),R9N0CV033696367
500118992,King Cetshwayo,Dannhauser,Normandien,Cwaka Primary School,5,22/01/2022,Data Projector,VOR231203606
500118992,King Cetshwayo,Dannhauser,Normandien,Cwaka Primary School,1,(Not specified),Fixed Whiteboard,
500118992,King Cetshwayo,Dannhauser,Normandien,Cwaka Primary School,9,(Not specified),Asus Laptop (Learner 1),R9N0CV10P910375
500118992,King Cetshwayo,Dannhauser,Normandien,Cwaka Primary School,1,(Not specified),Asus Laptop (Learner 2),R9N0CV10P90937E
500118992,King Cetshwayo,Dannhauser,Normandien,Cwaka Primary School,9,(Not specified),Asus Laptop (Learner 3),R9N0CV033792368
500118992,King Cetshwayo,Dannhauser,Normandien,Cwaka Primary School,4,(Not specified),Asus Laptop (Learner 4),R9N0CV10P908374
500118992,King Cetshwayo,Dannhauser,Normandien,Cwaka Primary School,13,(Not specified),Asus Laptop (Learner 5),R9N0CV10P921372
500118992,King Cetshwayo,Dannhauser,Normandien,Cwaka Primary School,6,06/03/2029,Asus Laptop (Learner 6),R9N0CV10P981378
500118992,King Cetshwayo,Dannhauser,Normandien,Cwaka Primary School,,,Asus Laptop (Learner 7),R9N0CV10P92037E
500118992,King Cetshwayo,Dannhauser,Normandien,Cwaka Primary School,,,Asus Laptop (Learner 8),R9N0CV10P985372
500118992,King Cetshwayo,Dannhauser,Normandien,Cwaka Primary School,,,Asus Laptop (Learner 9),R9N0CV033744368
500118992,King Cetshwayo,Dannhauser,Normandien,Cwaka Primary School,,,Asus Laptop (Learner 10),R9N0CV10P944374
500118992,King Cetshwayo,Dannhauser,Normandien,Cwaka Primary School,,,Asus Laptop (Learner 11),R9N0CV033745360
500118992,King Cetshwayo,Dannhauser,Normandien,Cwaka Primary School,,,Asus Laptop (Learner 12),R9N0CV10P974378
500118992,King Cetshwayo,Dannhauser,Normandien,Cwaka Primary School,,,Asus Laptop (Learner 13),R9N0CV10P966374
500118992,King Cetshwayo,Dannhauser,Normandien,Cwaka Primary School,,,Asus Laptop (Learner 14),R9N0CV10P940370
500118992,King Cetshwayo,Dannhauser,Normandien,Cwaka Primary School,,,Asus Laptop (Learner 15),R9N0CV10P934373
500118992,King Cetshwayo,Dannhauser,Normandien,Cwaka Primary School,,,Asus Laptop (Learner 16),R9N0CV10P986376
500118992,King Cetshwayo,Dannhauser,Normandien,Cwaka Primary School,,,Asus Laptop (Learner 17),R9N0CV10P941371
500118992,King Cetshwayo,Dannhauser,Normandien,Cwaka Primary School,,,Asus Laptop (Learner 18),R9N0CV10P92337E
500118992,King Cetshwayo,Dannhauser,Normandien,Cwaka Primary School,,,Asus Laptop (Learner 19),R9N0CV03371236F
500118992,King Cetshwayo,Dannhauser,Normandien,Cwaka Primary School,,,Asus Laptop (Learner 20),R9N0CV10P969379
500118992,King Cetshwayo,Dannhauser,Normandien,Cwaka Primary School,,,Cabinet (Cabinets Storage),
500118992,King Cetshwayo,Dannhauser,Normandien,Cwaka Primary School,,,HDMI Cable,
500118992,King Cetshwayo,Dannhauser,Normandien,Cwaka Primary School,,,Charging Trolley,
500118992,King Cetshwayo,Dannhauser,Normandien,Cwaka Primary School,,,"Robotics and Electronics Kits (Robotics: 5 Boxes, Electronics: 1 Box)",
500118992,King Cetshwayo,Dannhauser,Normandien,Cwaka Primary School,,,Projector Bracket,
500129093,Zululand,Dannhauser,Normandien,Ekuthokozeni Full Service School,5,08/02/2024,Data Projector,VOR231201801
500129093,Zululand,Dannhauser,Normandien,Ekuthokozeni Full Service School,5,08/02/2024,CABINET,
500129093,Zululand,Dannhauser,Normandien,Ekuthokozeni Full Service School,10,08/02/2024,Mecer Laptop (Teacher),297267221000326
500129093,Zululand,Dannhauser,Normandien,Ekuthokozeni Full Service School,6,08/02/2024,Projector Bracket,
500129093,Zululand,Dannhauser,Normandien,Ekuthokozeni Full Service School,(Not specified),04/03/2024,Robotics and Electronics Kit (27 components - see Ekuthokozeni Full SS Kits Detailing POD),
500129093,Zululand,Dannhauser,Normandien,Ekuthokozeni Full Service School,1,08/02/2024,Fixed Whiteboard,
500129093,Zululand,Dannhauser,Normandien,Ekuthokozeni Full Service School,9,(Not specified),Mecer Laptop (Learner 1),297267221000574
500129093,Zululand,Dannhauser,Normandien,Ekuthokozeni Full Service School,4,08/02/2024,Mecer Laptop (Learner 2),297267221000575
500129093,Zululand,Dannhauser,Normandien,Ekuthokozeni Full Service School,8,08/02/2024,Mecer Laptop (Learner 3),297267221000576
500129093,Zululand,Dannhauser,Normandien,Ekuthokozeni Full Service School,,,Mecer Laptop (Learner 4),297267221000578
500129093,Zululand,Dannhauser,Normandien,Ekuthokozeni Full Service School,,,Mecer Laptop (Learner 5),297267221000577
500129093,Zululand,Dannhauser,Normandien,Ekuthokozeni Full Service School,,,Mecer Laptop (Learner 6),926169230600236
500129093,Zululand,Dannhauser,Normandien,Ekuthokozeni Full Service School,,,Mecer Laptop (Learner 7),926169230600237
500129093,Zululand,Dannhauser,Normandien,Ekuthokozeni Full Service School,,,Mecer Laptop (Learner 8),926169230600238
500129093,Zululand,Dannhauser,Normandien,Ekuthokozeni Full Service School,,,Mecer Laptop (Learner 9),926169230600239
500129093,Zululand,Dannhauser,Normandien,Ekuthokozeni Full Service School,,,Mecer Laptop (Learner 10),926169230600240
500129093,Zululand,Dannhauser,Normandien,Ekuthokozeni Full Service School,,,Mecer Laptop (Learner 11),297267221000191
500129093,Zululand,Dannhauser,Normandien,Ekuthokozeni Full Service School,,,Mecer Laptop (Learner 12),297267221000192
500129093,Zululand,Dannhauser,Normandien,Ekuthokozeni Full Service School,,,Mecer Laptop (Learner 13),297267221000193
500129093,Zululand,Dannhauser,Normandien,Ekuthokozeni Full Service School,,,Mecer Laptop (Learner 14),297267221000194
500129093,Zululand,Dannhauser,Normandien,Ekuthokozeni Full Service School,,,Mecer Laptop (Learner 15),297267221000195
500129093,Zululand,Dannhauser,Normandien,Ekuthokozeni Full Service School,,,Mecer Laptop (Learner 16),926169230600141
500129093,Zululand,Dannhauser,Normandien,Ekuthokozeni Full Service School,,,Mecer Laptop (Learner 17),926169230600142
500129093,Zululand,Dannhauser,Normandien,Ekuthokozeni Full Service School,,,Mecer Laptop (Learner 18),926169230600143
500129093,Zululand,Dannhauser,Normandien,Ekuthokozeni Full Service School,,,Mecer Laptop (Learner 19),926169230600144
500129093,Zululand,Dannhauser,Normandien,Ekuthokozeni Full Service School,,,Mecer Laptop (Learner 20),926169230600145
500129093,Zululand,Dannhauser,Normandien,Ekuthokozeni Full Service School,,,Charging Trolley,
500129093,Zululand,Dannhauser,Normandien,Ekuthokozeni Full Service School,,,HDMI Cable,
500222037,UMkhanyakude,Dannhauser,Normandien,Inkosi Mzila Full Service School,5,07/02/2024,Data Projector,VOR231202086
500222037,UMkhanyakude,Dannhauser,Normandien,Inkosi Mzila Full Service School,5,07/02/2024,CABINET,
500222037,UMkhanyakude,Dannhauser,Normandien,Inkosi Mzila Full Service School,4,07/02/2024,Charging Trolley,
500222037,UMkhanyakude,Dannhauser,Normandien,Inkosi Mzila Full Service School,(Not specified),11/03/2024,Robotics and Electronics Kit (27 components - see Inkosi Mzila FSS Detailing POD),
500222037,UMkhanyakude,Dannhauser,Normandien,Inkosi Mzila Full Service School,6,07/02/2024,Projector Bracket,
500222037,UMkhanyakude,Dannhauser,Normandien,Inkosi Mzila Full Service School,9,07/02/2024,Asus Laptop (Learner 1),RSNOCV03385136C
500222037,UMkhanyakude,Dannhauser,Normandien,Inkosi Mzila Full Service School,1,07/02/2024,Asus Laptop (Learner 2),RSNOCV03370336B
500222037,UMkhanyakude,Dannhauser,Normandien,Inkosi Mzila Full Service School,10,07/02/2024,Asus Laptop (Learner 3),RSNOCV033801365
500222037,UMkhanyakude,Dannhauser,Normandien,Inkosi Mzila Full Service School,8,(Not specified),Asus Laptop (Learner 4),RSNOCV033769365
500222037,UMkhanyakude,Dannhauser,Normandien,Inkosi Mzila Full Service School,,,Asus Laptop (Learner 5),RSNOCV10993637E
500222037,UMkhanyakude,Dannhauser,Normandien,Inkosi Mzila Full Service School,,,Asus Laptop (Learner 6),RSNOCV033733369
500222037,UMkhanyakude,Dannhauser,Normandien,Inkosi Mzila Full Service School,,,Asus Laptop (Learner 7),RSNOCV10R00837B
500222037,UMkhanyakude,Dannhauser,Normandien,Inkosi Mzila Full Service School,,,Asus Laptop (Learner 8),RSNOCV10R00637B
500222037,UMkhanyakude,Dannhauser,Normandien,Inkosi Mzila Full Service School,,,Asus Laptop (Learner 9),RSNOCV10P99937B
500222037,UMkhanyakude,Dannhauser,Normandien,Inkosi Mzila Full Service School,,,Asus Laptop (Learner 10),RSNOCV10P987376
500222037,UMkhanyakude,Dannhauser,Normandien,Inkosi Mzila Full Service School,,,Asus Laptop (Learner 11),RSNOCV03375736B
500222037,UMkhanyakude,Dannhauser,Normandien,Inkosi Mzila Full Service School,,,Asus Laptop (Learner 12),RSNOCV03378136F
500222037,UMkhanyakude,Dannhauser,Normandien,Inkosi Mzila Full Service School,,,Asus Laptop (Learner 13),RSNOCV03371036E
500222037,UMkhanyakude,Dannhauser,Normandien,Inkosi Mzila Full Service School,,,Asus Laptop (Learner 14),RSNOCV10R01537B
500222037,UMkhanyakude,Dannhauser,Normandien,Inkosi Mzila Full Service School,,,Asus Laptop (Learner 15),RSNOCV033820369
500222037,UMkhanyakude,Dannhauser,Normandien,Inkosi Mzila Full Service School,,,Asus Laptop (Learner 16),RSNOCV03386836D
500222037,UMkhanyakude,Dannhauser,Normandien,Inkosi Mzila Full Service School,,,Asus Laptop (Learner 17),RSNOCV10P95237B
500222037,UMkhanyakude,Dannhauser,Normandien,Inkosi Mzila Full Service School,,,Asus Laptop (Learner 18),RSNOCV033823369
500222037,UMkhanyakude,Dannhauser,Normandien,Inkosi Mzila Full Service School,,,Asus Laptop (Learner 19),RSNOCV033790369
500222037,UMkhanyakude,Dannhauser,Normandien,Inkosi Mzila Full Service School,,,Asus Laptop (Learner 20),RSNOCV10R014373
500222037,UMkhanyakude,Dannhauser,Normandien,Inkosi Mzila Full Service School,,,Fixed Whiteboard,
500222037,UMkhanyakude,Dannhauser,Normandien,Inkosi Mzila Full Service School,,,Asus Laptop (Teacher),RBNOCV03386536C
500222037,UMkhanyakude,Dannhauser,Normandien,Inkosi Mzila Full Service School,,,HDMI Cable,
500173826,Amajuba,Dannhauser,Normandien,Khaselihle Full Service School,9,05/2024,Asus Laptop (Learner 1),RSNOCV10P98037B
500173826,Amajuba,Dannhauser,Normandien,Khaselihle Full Service School,8,05/2025,Asus Laptop (Learner 2),RSNOCV03372236B
500173826,Amajuba,Dannhauser,Normandien,Khaselihle Full Service School,5,05/2026,Asus Laptop (Learner 3),RSNOCV03383436E
500173826,Amajuba,Dannhauser,Normandien,Khaselihle Full Service School,1,05/2027,Asus Laptop (Learner 4),RSNOCV10R00437E
500173826,Amajuba,Dannhauser,Normandien,Khaselihle Full Service School,4,05/2028,Asus Laptop (Learner 5),RSNOCV03374936B
500173826,Amajuba,Dannhauser,Normandien,Khaselihle Full Service School,6,05/2029,Asus Laptop (Learner 6),RSNOCV03387136B
500173826,Amajuba,Dannhauser,Normandien,Khaselihle Full Service School,(Not specified),05/2030,Asus Laptop (Learner 7),RSNOCV10P99737C
500173826,Amajuba,Dannhauser,Normandien,Khaselihle Full Service School,14,05/2031,Asus Laptop (Learner 8),RSNOCV10P975374
500173826,Amajuba,Dannhauser,Normandien,Khaselihle Full Service School,13,05/2032,Asus Laptop (Learner 9),RSNOCV10P963378
500173826,Amajuba,Dannhauser,Normandien,Khaselihle Full Service School,10,05/2033,Asus Laptop (Learner 10),RSNOCV03383036G
500173826,Amajuba,Dannhauser,Normandien,Khaselihle Full Service School,,05/2034,Asus Laptop (Learner 11),RSNOCV10P967373
500173826,Amajuba,Dannhauser,Normandien,Khaselihle Full Service School,,05/2035,Asus Laptop (Learner 12),RSNOCV10P959378
500173826,Amajuba,Dannhauser,Normandien,Khaselihle Full Service School,,05/2036,Asus Laptop (Learner 13),RSNOCV10P98437A
500173826,Amajuba,Dannhauser,Normandien,Khaselihle Full Service School,,05/2037,Asus Laptop (Learner 14),RSNOCV033853363
500173826,Amajuba,Dannhauser,Normandien,Khaselihle Full Service School,,05/2038,Asus Laptop (Learner 15),RSNOCV10P937374
500173826,Amajuba,Dannhauser,Normandien,Khaselihle Full Service School,,05/2039,Asus Laptop (Learner 16),RSNOCV033726363
500173826,Amajuba,Dannhauser,Normandien,Khaselihle Full Service School,,05/2040,Asus Laptop (Learner 17),RSNOCV03373936A
500173826,Amajuba,Dannhauser,Normandien,Khaselihle Full Service School,,05/2041,Asus Laptop (Learner 18),RSNOCV03379436E
500173826,Amajuba,Dannhauser,Normandien,Khaselihle Full Service School,,05/2042,Asus Laptop (Learner 19),RSNOCV03381536G
500173826,Amajuba,Dannhauser,Normandien,Khaselihle Full Service School,,05/2043,Asus Laptop (Learner 20),RSNOCV03384736G
500173826,Amajuba,Dannhauser,Normandien,Khaselihle Full Service School,,,HDMI Cable,
500173826,Amajuba,Dannhauser,Normandien,Khaselihle Full Service School,,,Data Projector,V0R231202069
500173826,Amajuba,Dannhauser,Normandien,Khaselihle Full Service School,,,Fixed Whiteboard,
500173826,Amajuba,Dannhauser,Normandien,Khaselihle Full Service School,,,Charging Trolley,
500173826,Amajuba,Dannhauser,Normandien,Khaselihle Full Service School,,,Projector Bracket,
500173826,Amajuba,Dannhauser,Normandien,Khaselihle Full Service School,,,Robotics and Electronics Kit (27 components - see Khaselihle Full Service School Detailing POD),
500173826,Amajuba,Dannhauser,Normandien,Khaselihle Full Service School,,,Cabinet,
500173826,Amajuba,Dannhauser,Normandien,Khaselihle Full Service School,,,"Robotics Kits and Electronics Kits (Robotics: 5 Boxes, Electronics: 1 Box)",
500173826,Amajuba,Dannhauser,Normandien,Khaselihle Full Service School,,,Asus Laptop (Teacher),R9N0CV033763367
500184075,Uthukela,Dannhauser,Normandien,Kwazamokuhle Special School,10,(Not specified),Asus Laptop (Teacher),R9N0CV10P93137A
500184075,Uthukela,Dannhauser,Normandien,Kwazamokuhle Special School,(Not specified),(Not specified),"Robotics and Electronics Kits (Robotics: N/A, Electronics: N/A)",
500184075,Uthukela,Dannhauser,Normandien,Kwazamokuhle Special School,14,(Not specified),Cabinet,
500184075,Uthukela,Dannhauser,Normandien,Kwazamokuhle Special School,9,(Not specified),Asus Laptop (Learner 1),R9NOCV10R01137E
500184075,Uthukela,Dannhauser,Normandien,Kwazamokuhle Special School,(Not specified),(Not specified),Asus Laptop (Learner 2),R9NOCV10P927377
500184075,Uthukela,Dannhauser,Normandien,Kwazamokuhle Special School,1,(Not specified),Asus Laptop (Learner 3),R9NOCV033738369
500184075,Uthukela,Dannhauser,Normandien,Kwazamokuhle Special School,8,(Not specified),Asus Laptop (Learner 4),R9NOCV033762364
500184075,Uthukela,Dannhauser,Normandien,Kwazamokuhle Special School,5,(Not specified),Asus Laptop (Learner 5),R9NOCV03381036C
500184075,Uthukela,Dannhauser,Normandien,Kwazamokuhle Special School,1,(Not specified),Asus Laptop (Learner 6),R9NOCV033852368
500184075,Uthukela,Dannhauser,Normandien,Kwazamokuhle Special School,,,Asus Laptop (Learner 7),R9NOCV03375536C
500184075,Uthukela,Dannhauser,Normandien,Kwazamokuhle Special School,,,Asus Laptop (Learner 8),R9NOCV033724360
500184075,Uthukela,Dannhauser,Normandien,Kwazamokuhle Special School,,,Asus Laptop (Learner 9),R9NOCV033774364
500184075,Uthukela,Dannhauser,Normandien,Kwazamokuhle Special School,,,Asus Laptop (Learner 10),R9NOCV033701364
500184075,Uthukela,Dannhauser,Normandien,Kwazamokuhle Special School,,,Asus Laptop (Learner 11),R9NOCV033791368
500184075,Uthukela,Dannhauser,Normandien,Kwazamokuhle Special School,,,Asus Laptop (Learner 12),R9NOCV033700366
500184075,Uthukela,Dannhauser,Normandien,Kwazamokuhle Special School,,,Asus Laptop (Learner 13),R9NOCV03376836E
500184075,Uthukela,Dannhauser,Normandien,Kwazamokuhle Special School,,,Asus Laptop (Learner 14),R9NOCV033866361
500184075,Uthukela,Dannhauser,Normandien,Kwazamokuhle Special School,,,Asus Laptop (Learner 15),R9NOCV033804364
500184075,Uthukela,Dannhauser,Normandien,Kwazamokuhle Special School,,,Asus Laptop (Learner 16),R9NOCV033807362
500184075,Uthukela,Dannhauser,Normandien,Kwazamokuhle Special School,,,Asus Laptop (Learner 17),R9NOCV03387036C
500184075,Uthukela,Dannhauser,Normandien,Kwazamokuhle Special School,,,Asus Laptop (Learner 18),R9NOCV033836365
500184075,Uthukela,Dannhauser,Normandien,Kwazamokuhle Special School,,,Asus Laptop (Learner 19),R9NOCV033721361
500184075,Uthukela,Dannhauser,Normandien,Kwazamokuhle Special School,,,Asus Laptop (Learner 20),R9NOCV03372936C
500184075,Uthukela,Dannhauser,Normandien,Kwazamokuhle Special School,,,Robotics and Electronics Kit (27 components - see Kwazamokuhle Special School Detailing POD),
500184075,Uthukela,Dannhauser,Normandien,Kwazamokuhle Special School,,,Projector Bracket (from image),
500184075,Uthukela,Dannhauser,Normandien,Kwazamokuhle Special School,,,Charging Trolley,
500184075,Uthukela,Dannhauser,Normandien,Kwazamokuhle Special School,,,HDMI Cable,
500184075,Uthukela,Dannhauser,Normandien,Kwazamokuhle Special School,,,Data Projector,VOR231201804
500184075,Uthukela,Dannhauser,Normandien,Kwazamokuhle Special School,,,Fixed Whiteboard,
500257261,Umkhanyakude,Dannhauser,Normandien,Safari Primary School,,,HDMI Cable,
500257261,Umkhanyakude,Dannhauser,Normandien,Safari Primary School,,,Asus Laptop (Teacher),R9N0CV033875366
500257261,Umkhanyakude,Dannhauser,Normandien,Safari Primary School,,,Cabinet,
500257261,Umkhanyakude,Dannhauser,Normandien,Safari Primary School,,,Charging Trolley,
500257261,Umkhanyakude,Dannhauser,Normandien,Safari Primary School,,,Asus Laptop (Learner),R9N0CV03386236E
500257261,Umkhanyakude,Dannhauser,Normandien,Safari Primary School,,,Asus Laptop (Learner),R9N0CV03380836A
500257261,Umkhanyakude,Dannhauser,Normandien,Safari Primary School,,,Asus Laptop (Learner),R9N0CV03386436A
500257261,Umkhanyakude,Dannhauser,Normandien,Safari Primary School,,,Asus Laptop (Learner),R9N0CV03386136C
500257261,Umkhanyakude,Dannhauser,Normandien,Safari Primary School,,,Asus Laptop (Learner),R9N0CV033704369
500257261,Umkhanyakude,Dannhauser,Normandien,Safari Primary School,,,Asus Laptop (Learner),R9N0CV033812362
500257261,Umkhanyakude,Dannhauser,Normandien,Safari Primary School,,,Asus Laptop (Learner),R9N0CV033719364
500257261,Umkhanyakude,Dannhauser,Normandien,Safari Primary School,,,Asus Laptop (Learner),R9N0CV10995037C
500257261,Umkhanyakude,Dannhauser,Normandien,Safari Primary School,,,Asus Laptop (Learner),R9N0CV033715365
500257261,Umkhanyakude,Dannhauser,Normandien,Safari Primary School,,,Asus Laptop (Learner),R9N0CV033825369
500257261,Umkhanyakude,Dannhauser,Normandien,Safari Primary School,,,Asus Laptop (Learner),R9N0CV033842368
500257261,Umkhanyakude,Dannhauser,Normandien,Safari Primary School,,,Asus Laptop (Learner),R9N0CV109931372
500257261,Umkhanyakude,Dannhauser,Normandien,Safari Primary School,,,Asus Laptop (Learner),R9N0CV109934378
500257261,Umkhanyakude,Dannhauser,Normandien,Safari Primary School,,,Asus Laptop (Learner),R9N0CV033859360
500257261,Umkhanyakude,Dannhauser,Normandien,Safari Primary School,,,Asus Laptop (Learner),R9N0CV033797368
500257261,Umkhanyakude,Dannhauser,Normandien,Safari Primary School,,,Asus Laptop (Learner),R9N0CV03373636F
500257261,Umkhanyakude,Dannhauser,Normandien,Safari Primary School,,,Asus Laptop (Learner),R9N0CV033737368
500257261,Umkhanyakude,Dannhauser,Normandien,Safari Primary School,,,Asus Laptop (Learner),R9N0CV033872361
500257261,Umkhanyakude,Dannhauser,Normandien,Safari Primary School,,,Asus Laptop (Learner),R9N0CV10998237E
500257261,Umkhanyakude,Dannhauser,Normandien,Safari Primary School,,,Asus Laptop (Learner),R9N0CV10R00537C
500257261,Umkhanyakude,Dannhauser,Normandien,Safari Primary School,,,Robotics Kits,
500257261,Umkhanyakude,Dannhauser,Normandien,Safari Primary School,,,Electronics Kit,
500257261,Umkhanyakude,Dannhauser,Normandien,Safari Primary School,,,Fixed Whiteboard,
500257261,Umkhanyakude,Dannhauser,Normandien,Safari Primary School,,,Projector Bracket,
500257261,Umkhanyakude,Dannhauser,Normandien,Safari Primary School,,,Data Projector,VOR231202122
500164576,Uthukela,Dannhauser,Normandien,Inkanyezi Full Service School,,,Fixed Whiteboard,
500164576,Uthukela,Dannhauser,Normandien,Inkanyezi Full Service School,,,Data Projector Bracket,
500164576,Uthukela,Dannhauser,Normandien,Inkanyezi Full Service School,,,HDMI Cable,
500164576,Uthukela,Dannhauser,Normandien,Inkanyezi Full Service School,,,Cabinet,
500257261,Umkhanyakude,Dannhauser,Normandien,Safari Primary School,,,HDMI Cable,
500257261,Umkhanyakude,Dannhauser,Normandien,Safari Primary School,,,Asus Laptop (Teacher),R9N0CV033875366
500257261,Umkhanyakude,Dannhauser,Normandien,Safari Primary School,,,Cabinet,
500257261,Umkhanyakude,Dannhauser,Normandien,Safari Primary School,,,Charging Trolley,
500257261,Umkhanyakude,Dannhauser,Normandien,Safari Primary School,,,Asus Laptop (Learner),R9N0CV03386236E
500257261,Umkhanyakude,Dannhauser,Normandien,Safari Primary School,,,Asus Laptop (Learner),R9N0CV03380836A
500257261,Umkhanyakude,Dannhauser,Normandien,Safari Primary School,,,Asus Laptop (Learner),R9N0CV03386436A
500257261,Umkhanyakude,Dannhauser,Normandien,Safari Primary School,,,Asus Laptop (Learner),R9N0CV03386136C
500257261,Umkhanyakude,Dannhauser,Normandien,Safari Primary School,,,Asus Laptop (Learner),R9N0CV033704369
500257261,Umkhanyakude,Dannhauser,Normandien,Safari Primary School,,,Asus Laptop (Learner),R9N0CV033812362
500257261,Umkhanyakude,Dannhauser,Normandien,Safari Primary School,,,Asus Laptop (Learner),R9N0CV033719364
500257261,Umkhanyakude,Dannhauser,Normandien,Safari Primary School,,,Asus Laptop (Learner),R9N0CV10995037C
500257261,Umkhanyakude,Dannhauser,Normandien,Safari Primary School,,,Asus Laptop (Learner),R9N0CV033715365
500257261,Umkhanyakude,Dannhauser,Normandien,Safari Primary School,,,Asus Laptop (Learner),R9N0CV033825369
500257261,Umkhanyakude,Dannhauser,Normandien,Safari Primary School,,,Asus Laptop (Learner),R9N0CV033842368
500257261,Umkhanyakude,Dannhauser,Normandien,Safari Primary School,,,Asus Laptop (Learner),R9N0CV109931372
500257261,Umkhanyakude,Dannhauser,Normandien,Safari Primary School,,,Asus Laptop (Learner),R9N0CV109934378
500257261,Umkhanyakude,Dannhauser,Normandien,Safari Primary School,,,Asus Laptop (Learner),R9N0CV033859360
500257261,Umkhanyakude,Dannhauser,Normandien,Safari Primary School,,,Asus Laptop (Learner),R9N0CV033797368
500257261,Umkhanyakude,Dannhauser,Normandien,Safari Primary School,,,Asus Laptop (Learner),R9N0CV03373636F
500257261,Umkhanyakude,Dannhauser,Normandien,Safari Primary School,,,Asus Laptop (Learner),R9N0CV033737368
500257261,Umkhanyakude,Dannhauser,Normandien,Safari Primary School,,,Asus Laptop (Learner),R9N0CV033872361
500257261,Umkhanyakude,Dannhauser,Normandien,Safari Primary School,,,Asus Laptop (Learner),R9N0CV10998237E
500257261,Umkhanyakude,Dannhauser,Normandien,Safari Primary School,,,Asus Laptop (Learner),R9N0CV10R00537C
500257261,Umkhanyakude,Dannhauser,Normandien,Safari Primary School,,,Robotics Kits,
500257261,Umkhanyakude,Dannhauser,Normandien,Safari Primary School,,,Electronics Kit,
500257261,Umkhanyakude,Dannhauser,Normandien,Safari Primary School,,,Fixed Whiteboard,
500257261,Umkhanyakude,Dannhauser,Normandien,Safari Primary School,,,Projector Bracket,
500257261,Umkhanyakude,Dannhauser,Normandien,Safari Primary School,,,Data Projector,VOR231202122
500164576,Uthukela,Dannhauser,Normandien,Inkanyezi Full Service School,,,Fixed Whiteboard,
500164576,Uthukela,Dannhauser,Normandien,Inkanyezi Full Service School,,,Data Projector Bracket,
500164576,Uthukela,Dannhauser,Normandien,Inkanyezi Full Service School,,,HDMI Cable,
500164576,Uthukela,Dannhauser,Normandien,Inkanyezi Full Service School,,,Cabinet,
500290894,Uthukela,Dannhauser,Normandien,Van Reenen Primary School,,,Projector Bracket,
500290894,Uthukela,Dannhauser,Normandien,Van Reenen Primary School,,,Cabinet,
500290894,Uthukela,Dannhauser,Normandien,Van Reenen Primary School,,,Fixed Whiteboard,
500290894,Uthukela,Dannhauser,Normandien,Van Reenen Primary School,,,Data Projector,VOR231201805
500290894,Uthukela,Dannhauser,Normandien,Van Reenen Primary School,,,Laptop Charging Trolley,
500290894,Uthukela,Dannhauser,Normandien,Van Reenen Primary School,,,HDMI Cable,
500290894,Uthukela,Dannhauser,Normandien,Van Reenen Primary School,,,Asus Laptop (Learner),R9N0CV033787362
500290894,Uthukela,Dannhauser,Normandien,Van Reenen Primary School,,,Asus Laptop (Learner),R9N0CV033844367
500290894,Uthukela,Dannhauser,Normandien,Van Reenen Primary School,,,Asus Laptop (Learner),R9N0CV033779363
500290894,Uthukela,Dannhauser,Normandien,Van Reenen Primary School,,,Asus Laptop (Learner),R9N0CV033758360
500290894,Uthukela,Dannhauser,Normandien,Van Reenen Primary School,,,Asus Laptop (Learner),R9N0CV033793365
500290894,Uthukela,Dannhauser,Normandien,Van Reenen Primary School,,,Asus Laptop (Learner),R9N0CV03384036C
500290894,Uthukela,Dannhauser,Normandien,Van Reenen Primary School,,,Asus Laptop (Learner),R9N0CV033778367
500290894,Uthukela,Dannhauser,Normandien,Van Reenen Primary School,,,Asus Laptop (Learner),R9N0CV033854368
500290894,Uthukela,Dannhauser,Normandien,Van Reenen Primary School,,,Asus Laptop (Learner),R9N0CV10994737A
500290894,Uthukela,Dannhauser,Normandien,Van Reenen Primary School,,,Asus Laptop (Learner),R9N0CV033803364
500290894,Uthukela,Dannhauser,Normandien,Van Reenen Primary School,,,Asus Laptop (Learner),R9N0CV033735363
500290894,Uthukela,Dannhauser,Normandien,Van Reenen Primary School,,,Asus Laptop (Learner),R9N0CV03377336C
500290894,Uthukela,Dannhauser,Normandien,Van Reenen Primary School,,,Asus Laptop (Learner),R9N0CV033822368
500290894,Uthukela,Dannhauser,Normandien,Van Reenen Primary School,,,Asus Laptop (Learner),R9N0CV03374236C
500290894,Uthukela,Dannhauser,Normandien,Van Reenen Primary School,,,Asus Laptop (Learner),R9N0CV109913371
500290894,Uthukela,Dannhauser,Normandien,Van Reenen Primary School,,,Asus Laptop (Learner),R9N0CV109939377
500290894,Uthukela,Dannhauser,Normandien,Van Reenen Primary School,,,Asus Laptop (Learner),R9N0CV033798368
500290894,Uthukela,Dannhauser,Normandien,Van Reenen Primary School,,,Asus Laptop (Learner),R9N0CV10996537F
500290894,Uthukela,Dannhauser,Normandien,Van Reenen Primary School,,,Asus Laptop (Learner),R9N0CV033717364
500290894,Uthukela,Dannhauser,Normandien,Van Reenen Primary School,,,Asus Laptop (Learner),R9N0CV033784367
500343434,Zululand,Dannhauser,Normandien,Vulamehlo Primary School,,,HDMI Cable,
500343434,Zululand,Dannhauser,Normandien,Vulamehlo Primary School,,,Robotics Kits,
500343434,Zululand,Dannhauser,Normandien,Vulamehlo Primary School,,,Electronics Kit,
500343434,Zululand,Dannhauser,Normandien,Vulamehlo Primary School,,,Asus Laptop (Teacher),R9N0CY10P962370
500343434,Zululand,Dannhauser,Normandien,Vulamehlo Primary School,,,Data Projector,VOR231202124
500343434,Zululand,Dannhauser,Normandien,Vulamehlo Primary School,,,Charging Trolley,
500343434,Zululand,Dannhauser,Normandien,Vulamehlo Primary School,,,Asus Laptop (Learner),R9N0CV10P923376
500343434,Zululand,Dannhauser,Normandien,Vulamehlo Primary School,,,Asus Laptop (Learner),R9N0CV033809364
500343434,Zululand,Dannhauser,Normandien,Vulamehlo Primary School,,,Asus Laptop (Learner),R9N0CV033783368
500343434,Zululand,Dannhauser,Normandien,Vulamehlo Primary School,,,Asus Laptop (Learner),R9N0CV10P923375
500343434,Zululand,Dannhauser,Normandien,Vulamehlo Primary School,,,Asus Laptop (Learner),R9N0CV033828368
500343434,Zululand,Dannhauser,Normandien,Vulamehlo Primary School,,,Asus Laptop (Learner),R9N0CV033698369
500343434,Zululand,Dannhauser,Normandien,Vulamehlo Primary School,,,Asus Laptop (Learner),R9N0CV10P960372
500343434,Zululand,Dannhauser,Normandien,Vulamehlo Primary School,,,Asus Laptop (Learner),R9N0CV10P914374
500343434,Zululand,Dannhauser,Normandien,Vulamehlo Primary School,,,Asus Laptop (Learner),R9N0CV10P918378
500343434,Zululand,Dannhauser,Normandien,Vulamehlo Primary School,,,Asus Laptop (Learner),R9N0CV10P922374
500343434,Zululand,Dannhauser,Normandien,Vulamehlo Primary School,,,Asus Laptop (Learner),R9N0CV10P957376
500343434,Zululand,Dannhauser,Normandien,Vulamehlo Primary School,,,Asus Laptop (Learner),R9N0CV10P912378
500343434,Zululand,Dannhauser,Normandien,Vulamehlo Primary School,,,Asus Laptop (Learner),R9N0CV10P92537C
500343434,Zululand,Dannhauser,Normandien,Vulamehlo Primary School,,,Asus Laptop (Learner),R9N0CV10P916378
500343434,Zululand,Dannhauser,Normandien,Vulamehlo Primary School,,,Asus Laptop (Learner),R9N0CV10P954376
500343434,Zululand,Dannhauser,Normandien,Vulamehlo Primary School,,,Asus Laptop (Learner),R9N0CV10R002374
500343434,Zululand,Dannhauser,Normandien,Vulamehlo Primary School,,,Asus Laptop (Learner),R9N0CV10P930374
500343434,Zululand,Dannhauser,Normandien,Vulamehlo Primary School,,,Asus Laptop (Learner),R9N0CV10P919377F
500343434,Zululand,Dannhauser,Normandien,Vulamehlo Primary School,,,Asus Laptop (Learner),R9N0CV10P948377F
500343434,Zululand,Dannhauser,Normandien,Vulamehlo Primary School,,,Asus Laptop (Learner),R9N0CV033838367
500343434,Zululand,Dannhauser,Normandien,Vulamehlo Primary School,,,Fixed Whiteboard,
500103415,King Cetshwayo,Dannhauser,Normandien,Arboritum Primary School,,,Coding and Robotics Kit,
500103415,King Cetshwayo,Dannhauser,Normandien,Arboritum Primary School,,,Data Projector â€“ Epson,
500103415,King Cetshwayo,Dannhauser,Normandien,Arboritum Primary School,,,Fixed Projection Matt Whiteboard,
500103415,King Cetshwayo,Dannhauser,Normandien,Arboritum Primary School,,,Teacher Laptop â€“ Lenovo,
500103415,King Cetshwayo,Dannhauser,Normandien,Arboritum Primary School,,,Learner Laptop â€“ Lenovo,
500103415,King Cetshwayo,Dannhauser,Normandien,Arboritum Primary School,,,Laptop Charging Trolley,
500103415,King Cetshwayo,Dannhauser,Normandien,Arboritum Primary School,,,HDMI Cabling,
500159322,Uthukela,Dannhauser,Normandien,Idamu Primary School,,,Data Projector Bracket,
500159322,Uthukela,Dannhauser,Normandien,Idamu Primary School,,,Coding and Robotics Kit,
500159322,Uthukela,Dannhauser,Normandien,Idamu Primary School,,,Teacher Laptop,297267221000104
500159322,Uthukela,Dannhauser,Normandien,Idamu Primary School,,,Fixed Whiteboard,
500159322,Uthukela,Dannhauser,Normandien,Idamu Primary School,,,Learner Laptop,297267221000006
500159322,Uthukela,Dannhauser,Normandien,Idamu Primary School,,,Learner Laptop,297267221000007
500159322,Uthukela,Dannhauser,Normandien,Idamu Primary School,,,Learner Laptop,297267221000008
500159322,Uthukela,Dannhauser,Normandien,Idamu Primary School,,,Learner Laptop,297267221000009
500159322,Uthukela,Dannhauser,Normandien,Idamu Primary School,,,Learner Laptop,297267221000010
500159322,Uthukela,Dannhauser,Normandien,Idamu Primary School,,,Learner Laptop,297267221000374
500159322,Uthukela,Dannhauser,Normandien,Idamu Primary School,,,Learner Laptop,297267221000375
500159322,Uthukela,Dannhauser,Normandien,Idamu Primary School,,,Learner Laptop,297267221000376
500159322,Uthukela,Dannhauser,Normandien,Idamu Primary School,,,Learner Laptop,297267221000377
500159322,Uthukela,Dannhauser,Normandien,Idamu Primary School,,,Learner Laptop,297267221000378
500159322,Uthukela,Dannhauser,Normandien,Idamu Primary School,,,Learner Laptop,297267221000051
500159322,Uthukela,Dannhauser,Normandien,Idamu Primary School,,,Learner Laptop,297267221000052
500159322,Uthukela,Dannhauser,Normandien,Idamu Primary School,,,Learner Laptop,297267221000053
500159322,Uthukela,Dannhauser,Normandien,Idamu Primary School,,,Learner Laptop,297267221000054
500159322,Uthukela,Dannhauser,Normandien,Idamu Primary School,,,Learner Laptop,297267221000055
500159322,Uthukela,Dannhauser,Normandien,Idamu Primary School,,,Learner Laptop,297267221000111
500159322,Uthukela,Dannhauser,Normandien,Idamu Primary School,,,Learner Laptop,297267221000112
500159322,Uthukela,Dannhauser,Normandien,Idamu Primary School,,,Learner Laptop,297267221000113
500159322,Uthukela,Dannhauser,Normandien,Idamu Primary School,,,Learner Laptop,297267221000114
500159322,Uthukela,Dannhauser,Normandien,Idamu Primary School,,,Learner Laptop,297267221000115
500159322,Uthukela,Dannhauser,Normandien,Idamu Primary School,,,Acer Data Projector,MRJR71100N22400AFAS910
500159322,Uthukela,Dannhauser,Normandien,Idamu Primary School,,,25m HDMI Cable,
500159322,Uthukela,Dannhauser,Normandien,Idamu Primary School,,,Laptop Charging Trolley,na
500160173,King Cetshwayo,Dannhauser,Normandien,Ilembe Primary School,,,25M HDM Cable,
500160173,King Cetshwayo,Dannhauser,Normandien,Ilembe Primary School,,,Acer Data Projector,MRJR71100N22400B545910
500160173,King Cetshwayo,Dannhauser,Normandien,Ilembe Primary School,,,Coding and Robotics Kit,
500160173,King Cetshwayo,Dannhauser,Normandien,Ilembe Primary School,,,Fixed Whiteboard,
500160173,King Cetshwayo,Dannhauser,Normandien,Ilembe Primary School,,,Learner Laptop,297267221000256
500160173,King Cetshwayo,Dannhauser,Normandien,Ilembe Primary School,,,Learner Laptop,297267221000257
500160173,King Cetshwayo,Dannhauser,Normandien,Ilembe Primary School,,,Learner Laptop,297267221000258
500160173,King Cetshwayo,Dannhauser,Normandien,Ilembe Primary School,,,Learner Laptop,297267221000259
500160173,King Cetshwayo,Dannhauser,Normandien,Ilembe Primary School,,,Learner Laptop,297267221000260
500160173,King Cetshwayo,Dannhauser,Normandien,Ilembe Primary School,,,Learner Laptop,297267221000251
500160173,King Cetshwayo,Dannhauser,Normandien,Ilembe Primary School,,,Learner Laptop,297267221000252
500160173,King Cetshwayo,Dannhauser,Normandien,Ilembe Primary School,,,Learner Laptop,297267221000253
500160173,King Cetshwayo,Dannhauser,Normandien,Ilembe Primary School,,,Learner Laptop,297267221000254
500160173,King Cetshwayo,Dannhauser,Normandien,Ilembe Primary School,,,Learner Laptop,297267221000255
500160173,King Cetshwayo,Dannhauser,Normandien,Ilembe Primary School,,,Learner Laptop,297267221000236
500160173,King Cetshwayo,Dannhauser,Normandien,Ilembe Primary School,,,Learner Laptop,297267221000237
500160173,King Cetshwayo,Dannhauser,Normandien,Ilembe Primary School,,,Learner Laptop,297267221000238
500160173,King Cetshwayo,Dannhauser,Normandien,Ilembe Primary School,,,Learner Laptop,297267221000239
500160173,King Cetshwayo,Dannhauser,Normandien,Ilembe Primary School,,,Learner Laptop,297267221000240
500160173,King Cetshwayo,Dannhauser,Normandien,Ilembe Primary School,,,Learner Laptop,297267221000201
500160173,King Cetshwayo,Dannhauser,Normandien,Ilembe Primary School,,,Learner Laptop,297267221000202
500160173,King Cetshwayo,Dannhauser,Normandien,Ilembe Primary School,,,Learner Laptop,297267221000203
500160173,King Cetshwayo,Dannhauser,Normandien,Ilembe Primary School,,,Learner Laptop,297267221000204
500160173,King Cetshwayo,Dannhauser,Normandien,Ilembe Primary School,,,Learner Laptop,297267221000205
500160173,King Cetshwayo,Dannhauser,Normandien,Ilembe Primary School,,,Projector Bracket,
500160173,King Cetshwayo,Dannhauser,Normandien,Ilembe Primary School,,,Teacher Laptop,297267221000604
500160173,King Cetshwayo,Dannhauser,Normandien,Ilembe Primary School,,,Charging Trolley,
500164798,Pinetown,Dannhauser,Normandien,Inkazimulo Primary School,,,Data Projector Bracket,
500164798,Pinetown,Dannhauser,Normandien,Inkazimulo Primary School,,,Coding and Robotics kit,
500164798,Pinetown,Dannhauser,Normandien,Inkazimulo Primary School,,,Teacher Laptop,297267221000102
500164798,Pinetown,Dannhauser,Normandien,Inkazimulo Primary School,,,Data Projector,MRJR71100N22400AF85910
500164798,Pinetown,Dannhauser,Normandien,Inkazimulo Primary School,,,Learner Laptop,297267221000126
500164798,Pinetown,Dannhauser,Normandien,Inkazimulo Primary School,,,Learner Laptop,297267221000127
500164798,Pinetown,Dannhauser,Normandien,Inkazimulo Primary School,,,Learner Laptop,297267221000128
500164798,Pinetown,Dannhauser,Normandien,Inkazimulo Primary School,,,Learner Laptop,297267221000129
500164798,Pinetown,Dannhauser,Normandien,Inkazimulo Primary School,,,Learner Laptop,297267221000130
500164798,Pinetown,Dannhauser,Normandien,Inkazimulo Primary School,,,Learner Laptop,297267221000171
500164798,Pinetown,Dannhauser,Normandien,Inkazimulo Primary School,,,Learner Laptop,297267221000172
500164798,Pinetown,Dannhauser,Normandien,Inkazimulo Primary School,,,Learner Laptop,297267221000173
500164798,Pinetown,Dannhauser,Normandien,Inkazimulo Primary School,,,Learner Laptop,297267221000174
500164798,Pinetown,Dannhauser,Normandien,Inkazimulo Primary School,,,Learner Laptop,297267221000175
500164798,Pinetown,Dannhauser,Normandien,Inkazimulo Primary School,,,Learner Laptop,297267221000221
500164798,Pinetown,Dannhauser,Normandien,Inkazimulo Primary School,,,Learner Laptop,297267221000222
500164798,Pinetown,Dannhauser,Normandien,Inkazimulo Primary School,,,Learner Laptop,297267221000223
500164798,Pinetown,Dannhauser,Normandien,Inkazimulo Primary School,,,Learner Laptop,297267221000224
500164798,Pinetown,Dannhauser,Normandien,Inkazimulo Primary School,,,Learner Laptop,297267221000225
500164798,Pinetown,Dannhauser,Normandien,Inkazimulo Primary School,,,Learner Laptop,297267221000061
500164798,Pinetown,Dannhauser,Normandien,Inkazimulo Primary School,,,Learner Laptop,297267221000062
500164798,Pinetown,Dannhauser,Normandien,Inkazimulo Primary School,,,Learner Laptop,297267221000063
500164798,Pinetown,Dannhauser,Normandien,Inkazimulo Primary School,,,Learner Laptop,297267221000064
500164798,Pinetown,Dannhauser,Normandien,Inkazimulo Primary School,,,Learner Laptop,297267221000065
500164798,Pinetown,Dannhauser,Normandien,Inkazimulo Primary School,,,HDMI Cable,
500164798,Pinetown,Dannhauser,Normandien,Inkazimulo Primary School,,,Charging Trolley,
500164798,Pinetown,Dannhauser,Normandien,Inkazimulo Primary School,,,Fixed Whiteboard,
500334406,Uthukela,Dannhauser,Normandien,Inkosi Nhlanganiso Primary School,,,Laptop Charging Trolley,
500334406,Uthukela,Dannhauser,Normandien,Inkosi Nhlanganiso Primary School,,,Acer Data Projector,MRJR71100N22400AAB5910
500334406,Uthukela,Dannhauser,Normandien,Inkosi Nhlanganiso Primary School,,,Teacher Laptop,297267221000103
500334406,Uthukela,Dannhauser,Normandien,Inkosi Nhlanganiso Primary School,,,Coding and robotics,
500334406,Uthukela,Dannhauser,Normandien,Inkosi Nhlanganiso Primary School,,,Learner Laptop,297267221000096
500334406,Uthukela,Dannhauser,Normandien,Inkosi Nhlanganiso Primary School,,,Learner Laptop,297267221000097
500334406,Uthukela,Dannhauser,Normandien,Inkosi Nhlanganiso Primary School,,,Learner Laptop,297267221000098
500334406,Uthukela,Dannhauser,Normandien,Inkosi Nhlanganiso Primary School,,,Learner Laptop,297267221000099
500334406,Uthukela,Dannhauser,Normandien,Inkosi Nhlanganiso Primary School,,,Learner Laptop,297267221000100
500334406,Uthukela,Dannhauser,Normandien,Inkosi Nhlanganiso Primary School,,,Learner Laptop,297267221000226
500334406,Uthukela,Dannhauser,Normandien,Inkosi Nhlanganiso Primary School,,,Learner Laptop,297267221000227
500334406,Uthukela,Dannhauser,Normandien,Inkosi Nhlanganiso Primary School,,,Learner Laptop,297267221000228
500334406,Uthukela,Dannhauser,Normandien,Inkosi Nhlanganiso Primary School,,,Learner Laptop,297267221000229
500334406,Uthukela,Dannhauser,Normandien,Inkosi Nhlanganiso Primary School,,,Learner Laptop,297267221000230
500334406,Uthukela,Dannhauser,Normandien,Inkosi Nhlanganiso Primary School,,,Learner Laptop,297267221000166
500334406,Uthukela,Dannhauser,Normandien,Inkosi Nhlanganiso Primary School,,,Learner Laptop,297267221000167
500334406,Uthukela,Dannhauser,Normandien,Inkosi Nhlanganiso Primary School,,,Learner Laptop,297267221000168
500334406,Uthukela,Dannhauser,Normandien,Inkosi Nhlanganiso Primary School,,,Learner Laptop,297267221000169
500334406,Uthukela,Dannhauser,Normandien,Inkosi Nhlanganiso Primary School,,,Learner Laptop,297267221000170
500334406,Uthukela,Dannhauser,Normandien,Inkosi Nhlanganiso Primary School,,,Learner Laptop,297267221000121
500334406,Uthukela,Dannhauser,Normandien,Inkosi Nhlanganiso Primary School,,,Learner Laptop,297267221000122
500334406,Uthukela,Dannhauser,Normandien,Inkosi Nhlanganiso Primary School,,,Learner Laptop,297267221000123
500334406,Uthukela,Dannhauser,Normandien,Inkosi Nhlanganiso Primary School,,,Learner Laptop,297267221000124
500334406,Uthukela,Dannhauser,Normandien,Inkosi Nhlanganiso Primary School,,,Learner Laptop,297267221000125
500334406,Uthukela,Dannhauser,Normandien,Inkosi Nhlanganiso Primary School,,,HDMI Cable,
500334406,Uthukela,Dannhauser,Normandien,Inkosi Nhlanganiso Primary School,,,Fixed Whiteboard,
500167018,Amajuba,Dannhauser,Normandien,Iphunguphungu Primary School,,,Learner Laptop,297267221000246
500167018,Amajuba,Dannhauser,Normandien,Iphunguphungu Primary School,,,Learner Laptop,297267221000247
500167018,Amajuba,Dannhauser,Normandien,Iphunguphungu Primary School,,,Learner Laptop,297267221000248
500167018,Amajuba,Dannhauser,Normandien,Iphunguphungu Primary School,,,Learner Laptop,297267221000249
500167018,Amajuba,Dannhauser,Normandien,Iphunguphungu Primary School,,,Learner Laptop,297267221000250
500167018,Amajuba,Dannhauser,Normandien,Iphunguphungu Primary School,,,Learner Laptop,297267221000594
500167018,Amajuba,Dannhauser,Normandien,Iphunguphungu Primary School,,,Learner Laptop,297267221000595
500167018,Amajuba,Dannhauser,Normandien,Iphunguphungu Primary School,,,Learner Laptop,297267221000596
500167018,Amajuba,Dannhauser,Normandien,Iphunguphungu Primary School,,,Learner Laptop,297267221000597
500167018,Amajuba,Dannhauser,Normandien,Iphunguphungu Primary School,,,Learner Laptop,297267221000598
500167018,Amajuba,Dannhauser,Normandien,Iphunguphungu Primary School,,,Learner Laptop,297267221000344
500167018,Amajuba,Dannhauser,Normandien,Iphunguphungu Primary School,,,Learner Laptop,297267221000345
500167018,Amajuba,Dannhauser,Normandien,Iphunguphungu Primary School,,,Learner Laptop,297267221000346
500167018,Amajuba,Dannhauser,Normandien,Iphunguphungu Primary School,,,Learner Laptop,297267221000347
500167018,Amajuba,Dannhauser,Normandien,Iphunguphungu Primary School,,,Learner Laptop,297267221000348
500167018,Amajuba,Dannhauser,Normandien,Iphunguphungu Primary School,,,Learner Laptop,297267221000086
500167018,Amajuba,Dannhauser,Normandien,Iphunguphungu Primary School,,,Learner Laptop,297267221000087
500167018,Amajuba,Dannhauser,Normandien,Iphunguphungu Primary School,,,Learner Laptop,297267221000088
500167018,Amajuba,Dannhauser,Normandien,Iphunguphungu Primary School,,,Learner Laptop,297267221000089
500167018,Amajuba,Dannhauser,Normandien,Iphunguphungu Primary School,,,Learner Laptop,297267221000090
500167018,Amajuba,Dannhauser,Normandien,Iphunguphungu Primary School,,,HDMI Cable,
500167018,Amajuba,Dannhauser,Normandien,Iphunguphungu Primary School,,,Teacher Laptop,297267221000291
500167018,Amajuba,Dannhauser,Normandien,Iphunguphungu Primary School,,,Laptop Charging Trolley,
500167018,Amajuba,Dannhauser,Normandien,Iphunguphungu Primary School,,,Data Projector,MRJR71100N22400B2A5910
500167018,Amajuba,Dannhauser,Normandien,Iphunguphungu Primary School,,,Data projector bracket,
500167018,Amajuba,Dannhauser,Normandien,Iphunguphungu Primary School,,,Fixed Whiteboard,
500167018,Amajuba,Dannhauser,Normandien,Iphunguphungu Primary School,,,Coding and robotics kit,
500181448,King Cetshwayo,Dannhauser,Normandien,Kwamondi Primary School,,,HDMI Cable,
500181448,King Cetshwayo,Dannhauser,Normandien,Kwamondi Primary School,,,Acer Data Projector,MRJR71100N22400AEC5910
500181448,King Cetshwayo,Dannhauser,Normandien,Kwamondi Primary School,,,Teacher Laptop,297267221000105
500181448,King Cetshwayo,Dannhauser,Normandien,Kwamondi Primary School,,,Learner Laptop,297267221000056
500181448,King Cetshwayo,Dannhauser,Normandien,Kwamondi Primary School,,,Learner Laptop,297267221000057
500181448,King Cetshwayo,Dannhauser,Normandien,Kwamondi Primary School,,,Learner Laptop,297267221000058
500181448,King Cetshwayo,Dannhauser,Normandien,Kwamondi Primary School,,,Learner Laptop,297267221000059
500181448,King Cetshwayo,Dannhauser,Normandien,Kwamondi Primary School,,,Learner Laptop,297267221000060
500181448,King Cetshwayo,Dannhauser,Normandien,Kwamondi Primary School,,,Learner Laptop,297267221000156
500181448,King Cetshwayo,Dannhauser,Normandien,Kwamondi Primary School,,,Learner Laptop,297267221000157
500181448,King Cetshwayo,Dannhauser,Normandien,Kwamondi Primary School,,,Learner Laptop,297267221000158
500181448,King Cetshwayo,Dannhauser,Normandien,Kwamondi Primary School,,,Learner Laptop,297267221000159
500181448,King Cetshwayo,Dannhauser,Normandien,Kwamondi Primary School,,,Learner Laptop,297267221000160
500181448,King Cetshwayo,Dannhauser,Normandien,Kwamondi Primary School,,,Learner Laptop,297267221000131
500181448,King Cetshwayo,Dannhauser,Normandien,Kwamondi Primary School,,,Learner Laptop,297267221000132
500181448,King Cetshwayo,Dannhauser,Normandien,Kwamondi Primary School,,,Learner Laptop,297267221000133
500181448,King Cetshwayo,Dannhauser,Normandien,Kwamondi Primary School,,,Learner Laptop,297267221000134
500181448,King Cetshwayo,Dannhauser,Normandien,Kwamondi Primary School,,,Learner Laptop,297267221000135
500181448,King Cetshwayo,Dannhauser,Normandien,Kwamondi Primary School,,,Learner Laptop,297267221000181
500181448,King Cetshwayo,Dannhauser,Normandien,Kwamondi Primary School,,,Learner Laptop,297267221000182
500181448,King Cetshwayo,Dannhauser,Normandien,Kwamondi Primary School,,,Learner Laptop,297267221000183
500181448,King Cetshwayo,Dannhauser,Normandien,Kwamondi Primary School,,,Learner Laptop,297267221000184
500181448,King Cetshwayo,Dannhauser,Normandien,Kwamondi Primary School,,,Learner Laptop,297267221000185
500181448,King Cetshwayo,Dannhauser,Normandien,Kwamondi Primary School,,,Laptop charging trolley,
500181448,King Cetshwayo,Dannhauser,Normandien,Kwamondi Primary School,,,Coding and robotics kit,
500181448,King Cetshwayo,Dannhauser,Normandien,Kwamondi Primary School,,,Data projector bracket,
500181448,King Cetshwayo,Dannhauser,Normandien,Kwamondi Primary School,,,Fixed Whiteboard,
500220705,Uthukela,Dannhauser,Normandien,Muntuza Primary School,,,Acer Data Projector,MRJR71100N22400B0D5910
500220705,Uthukela,Dannhauser,Normandien,Muntuza Primary School,,,Fixed Whiteboard,
500220705,Uthukela,Dannhauser,Normandien,Muntuza Primary School,,,Learner Laptop,297267221000304
500220705,Uthukela,Dannhauser,Normandien,Muntuza Primary School,,,Learner Laptop,297267221000305
500220705,Uthukela,Dannhauser,Normandien,Muntuza Primary School,,,Learner Laptop,297267221000306
500220705,Uthukela,Dannhauser,Normandien,Muntuza Primary School,,,Learner Laptop,297267221000307
500220705,Uthukela,Dannhauser,Normandien,Muntuza Primary School,,,Learner Laptop,297267221000308
500220705,Uthukela,Dannhauser,Normandien,Muntuza Primary School,,,Learner Laptop,297267221000141
500220705,Uthukela,Dannhauser,Normandien,Muntuza Primary School,,,Learner Laptop,297267221000142
500220705,Uthukela,Dannhauser,Normandien,Muntuza Primary School,,,Learner Laptop,297267221000143
500220705,Uthukela,Dannhauser,Normandien,Muntuza Primary School,,,Learner Laptop,297267221000144
500220705,Uthukela,Dannhauser,Normandien,Muntuza Primary School,,,Learner Laptop,297267221000145
500220705,Uthukela,Dannhauser,Normandien,Muntuza Primary School,,,Learner Laptop,297267221000464
500220705,Uthukela,Dannhauser,Normandien,Muntuza Primary School,,,Learner Laptop,297267221000465
500220705,Uthukela,Dannhauser,Normandien,Muntuza Primary School,,,Learner Laptop,297267221000466
500220705,Uthukela,Dannhauser,Normandien,Muntuza Primary School,,,Learner Laptop,297267221000467
500220705,Uthukela,Dannhauser,Normandien,Muntuza Primary School,,,Learner Laptop,297267221000468
500220705,Uthukela,Dannhauser,Normandien,Muntuza Primary School,,,Learner Laptop,297267221000026
500220705,Uthukela,Dannhauser,Normandien,Muntuza Primary School,,,Learner Laptop,297267221000027
500220705,Uthukela,Dannhauser,Normandien,Muntuza Primary School,,,Learner Laptop,297267221000028
500220705,Uthukela,Dannhauser,Normandien,Muntuza Primary School,,,Learner Laptop,297267221000029
500220705,Uthukela,Dannhauser,Normandien,Muntuza Primary School,,,Learner Laptop,297267221000030
500220705,Uthukela,Dannhauser,Normandien,Muntuza Primary School,,,Coding and Robotics Kit,
500220705,Uthukela,Dannhauser,Normandien,Muntuza Primary School,,,Laptop Charging Trolley,
500220705,Uthukela,Dannhauser,Normandien,Muntuza Primary School,,,Data Projector bracket,
500220705,Uthukela,Dannhauser,Normandien,Muntuza Primary School,,,Teacher Laptop,297267221000292
500220705,Uthukela,Dannhauser,Normandien,Muntuza Primary School,,,25M HDMI Cable,
500234173,Amajuba,Dannhauser,Normandien,Nokukhanya Primary School,,,Charging Trolley,
500234173,Amajuba,Dannhauser,Normandien,Nokukhanya Primary School,,,Data Projector Bracket,
500234173,Amajuba,Dannhauser,Normandien,Nokukhanya Primary School,,,HDMI Cable,
500234173,Amajuba,Dannhauser,Normandien,Nokukhanya Primary School,,,Teacher Laptop,297267221000293
500234173,Amajuba,Dannhauser,Normandien,Nokukhanya Primary School,,,Fixed Whiteboard,
500234173,Amajuba,Dannhauser,Normandien,Nokukhanya Primary School,,,Data Projector,MRJR71100N22400A965910
500234173,Amajuba,Dannhauser,Normandien,Nokukhanya Primary School,,,Learner Laptop,297267221000041
500234173,Amajuba,Dannhauser,Normandien,Nokukhanya Primary School,,,Learner Laptop,297267221000042
500234173,Amajuba,Dannhauser,Normandien,Nokukhanya Primary School,,,Learner Laptop,297267221000043
500234173,Amajuba,Dannhauser,Normandien,Nokukhanya Primary School,,,Learner Laptop,297267221000045
500234173,Amajuba,Dannhauser,Normandien,Nokukhanya Primary School,,,Learner Laptop,297267221000044
500234173,Amajuba,Dannhauser,Normandien,Nokukhanya Primary School,,,Learner Laptop,297267221000036
500234173,Amajuba,Dannhauser,Normandien,Nokukhanya Primary School,,,Learner Laptop,297267221000037
500234173,Amajuba,Dannhauser,Normandien,Nokukhanya Primary School,,,Learner Laptop,297267221000038
500234173,Amajuba,Dannhauser,Normandien,Nokukhanya Primary School,,,Learner Laptop,297267221000039
500234173,Amajuba,Dannhauser,Normandien,Nokukhanya Primary School,,,Learner Laptop,297267221000040
500234173,Amajuba,Dannhauser,Normandien,Nokukhanya Primary School,,,Learner Laptop,297267221000334
500234173,Amajuba,Dannhauser,Normandien,Nokukhanya Primary School,,,Learner Laptop,297267221000335
500234173,Amajuba,Dannhauser,Normandien,Nokukhanya Primary School,,,Learner Laptop,297267221000336
500234173,Amajuba,Dannhauser,Normandien,Nokukhanya Primary School,,,Learner Laptop,297267221000337
500234173,Amajuba,Dannhauser,Normandien,Nokukhanya Primary School,,,Learner Laptop,297267221000338
500234173,Amajuba,Dannhauser,Normandien,Nokukhanya Primary School,,,Learner Laptop,297267221000584
500234173,Amajuba,Dannhauser,Normandien,Nokukhanya Primary School,,,Learner Laptop,297267221000585
500234173,Amajuba,Dannhauser,Normandien,Nokukhanya Primary School,,,Learner Laptop,297267221000586
500234173,Amajuba,Dannhauser,Normandien,Nokukhanya Primary School,,,Learner Laptop,297267221000587
500234173,Amajuba,Dannhauser,Normandien,Nokukhanya Primary School,,,Learner Laptop,297267221000588
500234173,Amajuba,Dannhauser,Normandien,Nokukhanya Special School,,,Coding and Robotics Kit,
500235579,Zululand,Dannhauser,Normandien,Nongoma Primary School,,,Teacher Laptop,PF3SD0LE
500235579,Zululand,Dannhauser,Normandien,Nongoma Primary School,,,Projector bracket,
500235579,Zululand,Dannhauser,Normandien,Nongoma Primary School,,,Coding & Robotic Kit,
500235579,Zululand,Dannhauser,Normandien,Nongoma Primary School,,,Epson Data Projector,XBPC2Y00375
500235579,Zululand,Dannhauser,Normandien,Nongoma Primary School,,,Laptop - Lenovo (Learner),SPF46F6FP
500235579,Zululand,Dannhauser,Normandien,Nongoma Primary School,,,Laptop - Lenovo (Learner),SPF46B0DP
500235579,Zululand,Dannhauser,Normandien,Nongoma Primary School,,,Laptop - Lenovo (Learner),SPF46ZSNL
500235579,Zululand,Dannhauser,Normandien,Nongoma Primary School,,,Laptop - Lenovo (Learner),SPF46ZHJQ
500235579,Zululand,Dannhauser,Normandien,Nongoma Primary School,,,Laptop - Lenovo (Learner),SPF46ZSQ0
500235579,Zululand,Dannhauser,Normandien,Nongoma Primary School,,,Laptop - Lenovo (Learner),SPF46EJBS
500235579,Zululand,Dannhauser,Normandien,Nongoma Primary School,,,Laptop - Lenovo (Learner),SPF46FAHP
500235579,Zululand,Dannhauser,Normandien,Nongoma Primary School,,,Laptop - Lenovo (Learner),SPF46F2C5
500235579,Zululand,Dannhauser,Normandien,Nongoma Primary School,,,Laptop - Lenovo (Learner),SPF46FJDM
500235579,Zululand,Dannhauser,Normandien,Nongoma Primary School,,,Laptop - Lenovo (Learner),SPF46FAFB
500235579,Zululand,Dannhauser,Normandien,Nongoma Primary School,,,Laptop - Lenovo (Learner),SPF46BCNB
500235579,Zululand,Dannhauser,Normandien,Nongoma Primary School,,,Laptop - Lenovo (Learner),SPF46BD2Q
500235579,Zululand,Dannhauser,Normandien,Nongoma Primary School,,,Laptop - Lenovo (Learner),SPF46FJB0
500235579,Zululand,Dannhauser,Normandien,Nongoma Primary School,,,Laptop - Lenovo (Learner),SPF40M2K3
500235579,Zululand,Dannhauser,Normandien,Nongoma Primary School,,,Laptop - Lenovo (Learner),SPF40M44M
500235579,Zululand,Dannhauser,Normandien,Nongoma Primary School,,,Laptop - Lenovo (Learner),SPF40K20
500235579,Zululand,Dannhauser,Normandien,Nongoma Primary School,,,Laptop - Lenovo (Learner),SPF40MK37
500235579,Zululand,Dannhauser,Normandien,Nongoma Primary School,,,Laptop - Lenovo (Learner),SPF40RKT7
500235579,Zululand,Dannhauser,Normandien,Nongoma Primary School,,,Laptop - Lenovo (Learner),SPF40MDR3
500235579,Zululand,Dannhauser,Normandien,Nongoma Primary School,,,Laptop Charging Trolley,
500235579,Zululand,Dannhauser,Normandien,Nongoma Primary School,,,Whiteboard,
500235579,Zululand,Dannhauser,Normandien,Nongoma Primary School,,,HDMI Cable,
500243386,Umkhanyakude,Dannhauser,Normandien,Okhanyeni Primary School,,,Teacher Laptop,SPF39FRKY
500243386,Umkhanyakude,Dannhauser,Normandien,Okhanyeni Primary School,,,Learner Laptop,297267221000414
500243386,Umkhanyakude,Dannhauser,Normandien,Okhanyeni Primary School,,,Learner Laptop,297267221000415
500243386,Umkhanyakude,Dannhauser,Normandien,Okhanyeni Primary School,,,Learner Laptop,297267221000416
500243386,Umkhanyakude,Dannhauser,Normandien,Okhanyeni Primary School,,,Learner Laptop,297267221000417
500243386,Umkhanyakude,Dannhauser,Normandien,Okhanyeni Primary School,,,Learner Laptop,297267221000418
500243386,Umkhanyakude,Dannhauser,Normandien,Okhanyeni Primary School,,,Learner Laptop,297267221000309
500243386,Umkhanyakude,Dannhauser,Normandien,Okhanyeni Primary School,,,Learner Laptop,297267221000310
500243386,Umkhanyakude,Dannhauser,Normandien,Okhanyeni Primary School,,,Learner Laptop,297267221000311
500243386,Umkhanyakude,Dannhauser,Normandien,Okhanyeni Primary School,,,Learner Laptop,297267221000312
500243386,Umkhanyakude,Dannhauser,Normandien,Okhanyeni Primary School,,,Learner Laptop,297267221000313
500243386,Umkhanyakude,Dannhauser,Normandien,Okhanyeni Primary School,,,Learner Laptop,297267221000216
500243386,Umkhanyakude,Dannhauser,Normandien,Okhanyeni Primary School,,,Learner Laptop,297267221000217
500243386,Umkhanyakude,Dannhauser,Normandien,Okhanyeni Primary School,,,Learner Laptop,297267221000218
500243386,Umkhanyakude,Dannhauser,Normandien,Okhanyeni Primary School,,,Learner Laptop,297267221000219
500243386,Umkhanyakude,Dannhauser,Normandien,Okhanyeni Primary School,,,Learner Laptop,297267221000220
500243386,Umkhanyakude,Dannhauser,Normandien,Okhanyeni Primary School,,,Learner Laptop,297267221000015
500243386,Umkhanyakude,Dannhauser,Normandien,Okhanyeni Primary School,,,Learner Laptop,297267221000014
500243386,Umkhanyakude,Dannhauser,Normandien,Okhanyeni Primary School,,,Learner Laptop,297267221000013
500243386,Umkhanyakude,Dannhauser,Normandien,Okhanyeni Primary School,,,Learner Laptop,297267221000012
500243386,Umkhanyakude,Dannhauser,Normandien,Okhanyeni Primary School,,,Learner Laptop,297267221000011
500243386,Umkhanyakude,Dannhauser,Normandien,Okhanyeni Primary School,,,Projector bracket,
500243386,Umkhanyakude,Dannhauser,Normandien,Okhanyeni Primary School,,,25M HDMI Cable,
500243386,Umkhanyakude,Dannhauser,Normandien,Okhanyeni Primary School,,,Coding and Robotics kit,
500243386,Umkhanyakude,Dannhauser,Normandien,Okhanyeni Primary School,,,Data Projector Bracket,
500243386,Umkhanyakude,Dannhauser,Normandien,Okhanyeni Primary School,,,Acer Data Projector,MRJR71100N22400B505910
500243386,Umkhanyakude,Dannhauser,Normandien,Okhanyeni Primary School,,,Fixed Whiteboard,
500243386,Umkhanyakude,Dannhauser,Normandien,Okhanyeni Primary School,,,laptop charging trolley,
500265438,Zululand,Dannhauser,Normandien,Silindekahle Primary School,,,Coding & Robotic Kit,
500265438,Zululand,Dannhauser,Normandien,Silindekahle Primary School,,,Whiteboard,
500265438,Zululand,Dannhauser,Normandien,Silindekahle Primary School,,,Data Projector,XBPC2200320
500265438,Zululand,Dannhauser,Normandien,Silindekahle Primary School,,,Lenovo Laptop (Learner),SPF40JZ4L
500265438,Zululand,Dannhauser,Normandien,Silindekahle Primary School,,,Lenovo Laptop (Learner),SPF40M6B3
500265438,Zululand,Dannhauser,Normandien,Silindekahle Primary School,,,Lenovo Laptop (Learner),SPF40KMC7
500265438,Zululand,Dannhauser,Normandien,Silindekahle Primary School,,,Lenovo Laptop (Learner),SPF40KM7P
500265438,Zululand,Dannhauser,Normandien,Silindekahle Primary School,,,Lenovo Laptop (Learner),SPF40RZK4
500265438,Zululand,Dannhauser,Normandien,Silindekahle Primary School,,,Lenovo Laptop (Learner),SPF40KM6Q
500265438,Zululand,Dannhauser,Normandien,Silindekahle Primary School,,,Lenovo Laptop (Learner),SPF40RXHG
500265438,Zululand,Dannhauser,Normandien,Silindekahle Primary School,,,Lenovo Laptop (Learner),SPF40MK41
500265438,Zululand,Dannhauser,Normandien,Silindekahle Primary School,,,Lenovo Laptop (Learner),SPF40RP4L
500265438,Zululand,Dannhauser,Normandien,Silindekahle Primary School,,,Lenovo Laptop (Learner),SPF40RV6H
500265438,Zululand,Dannhauser,Normandien,Silindekahle Primary School,,,Lenovo Laptop (Learner),SPF40LYJK
500265438,Zululand,Dannhauser,Normandien,Silindekahle Primary School,,,Lenovo Laptop (Learner),SPF40RZH6
500265438,Zululand,Dannhauser,Normandien,Silindekahle Primary School,,,Lenovo Laptop (Learner),SPF40M6D6
500265438,Zululand,Dannhauser,Normandien,Silindekahle Primary School,,,Lenovo Laptop (Learner),SPF40K6D3
500265438,Zululand,Dannhauser,Normandien,Silindekahle Primary School,,,Lenovo Laptop (Learner),SPF40RP1Z
500265438,Zululand,Dannhauser,Normandien,Silindekahle Primary School,,,Lenovo Laptop (Learner),SPF40RZG6
500265438,Zululand,Dannhauser,Normandien,Silindekahle Primary School,,,Lenovo Laptop (Learner),SPF40MDNZ
500265438,Zululand,Dannhauser,Normandien,Silindekahle Primary School,,,Lenovo Laptop (Learner),SPF40RP3P
500265438,Zululand,Dannhauser,Normandien,Silindekahle Primary School,,,Lenovo Laptop (Learner),SPF40MK1H
500265438,Zululand,Dannhauser,Normandien,Silindekahle Primary School,,,Bracket Data Projector,
500265438,Zululand,Dannhauser,Normandien,Silindekahle Primary School,,,Laptop Charging Trolley,
500265438,Zululand,Dannhauser,Normandien,Silindekahle Primary School,,,Teacher Lenovo Laptop,SPF40K4FQ
